Payment_ID,Claim_ID,Payment_Date,Payment_Amount,Payment_Status,Payment_Mode
PAY00000001,CLM0000001,2025-07-06,6480.88,Completed,Bank Transfer
PAY00000002,CLM0000002,2024-08-22,21093.54,Pending,Bank Transfer
PAY00000003,CLM0000003,2024-08-19,17744.13,Completed,Cheque
PAY00000004,CLM0000005,2022-05-11,33422.34,Completed,Online
PAY00000005,CLM0000008,2025-06-18,2929.81,Completed,Online
PAY00000006,CLM0000008,2025-06-18,6197.48,Completed,Bank Transfer
PAY00000007,CLM0000010,2025-09-12,15941.72,Completed,Online
PAY00000008,CLM0000011,2025-01-02,4046.04,Completed,Bank Transfer
PAY00000009,CLM0000011,2025-01-02,9913.31,Completed,Bank Transfer
PAY00000010,CLM0000012,2023-06-08,5461.57,Completed,Bank Transfer
PAY00000011,CLM0000014,2022-12-21,27167.16,Completed,Bank Transfer
PAY00000012,CLM0000016,2024-09-25,5658.51,Completed,Bank Transfer
PAY00000013,CLM0000018,2024-07-31,34068.06,Completed,Bank Transfer
PAY00000014,CLM0000019,2025-07-09,4395.7,Completed,Online
PAY00000015,CLM0000019,2025-07-09,1821.82,Pending,Bank Transfer
PAY00000016,CLM0000021,2023-09-06,9456.27,Completed,Bank Transfer
PAY00000017,CLM0000022,2023-08-11,28016.05,Completed,Bank Transfer
PAY00000018,CLM0000024,2023-02-16,3649.46,Completed,Bank Transfer
PAY00000019,CLM0000025,2023-01-31,67962.44,Completed,Bank Transfer
PAY00000020,CLM0000026,2023-03-30,18239.59,Completed,Bank Transfer
PAY00000021,CLM0000027,2022-12-11,1748.21,Completed,Bank Transfer
PAY00000022,CLM0000027,2022-12-11,1297.05,Completed,Bank Transfer
PAY00000023,CLM0000029,2023-01-21,20071.39,Completed,Bank Transfer
PAY00000024,CLM0000032,2026-11-01,7310.9,Completed,Online
PAY00000025,CLM0000033,2023-11-21,12193.22,Completed,Bank Transfer
PAY00000026,CLM0000034,2024-03-28,7658.48,Completed,Online
PAY00000027,CLM0000035,2024-01-15,35197.2,Completed,Bank Transfer
PAY00000028,CLM0000036,2022-03-27,21574.4,Completed,Online
PAY00000029,CLM0000036,2022-03-27,4814.84,Pending,Online
PAY00000030,CLM0000037,2024-10-09,24181.94,Completed,Bank Transfer
PAY00000031,CLM0000038,2023-10-26,104731.17,Completed,Bank Transfer
PAY00000032,CLM0000039,2024-06-19,28726.98,Completed,Bank Transfer
PAY00000033,CLM0000040,2024-02-12,36661.68,Completed,Bank Transfer
PAY00000034,CLM0000043,2022-01-03,20021.21,Completed,Cheque
PAY00000035,CLM0000044,2024-01-07,3285.89,Completed,Bank Transfer
PAY00000036,CLM0000046,2024-12-15,3372.51,Completed,Bank Transfer
PAY00000037,CLM0000046,2024-12-15,17653.26,Completed,Bank Transfer
PAY00000038,CLM0000047,2022-04-19,4757.37,Completed,Online
PAY00000039,CLM0000050,2024-10-05,8956.7,Completed,Online
PAY00000040,CLM0000052,2024-08-27,27482.32,Completed,Online
PAY00000041,CLM0000052,2024-08-27,3588.41,Completed,Online
PAY00000042,CLM0000053,2023-04-04,25889.67,Pending,Bank Transfer
PAY00000043,CLM0000053,2023-04-04,10665.99,Completed,Cheque
PAY00000044,CLM0000057,2024-09-05,6978.07,Completed,Bank Transfer
PAY00000045,CLM0000060,2023-03-05,13211.09,Completed,Bank Transfer
PAY00000046,CLM0000061,2024-07-07,8551.34,Pending,Online
PAY00000047,CLM0000062,2024-06-30,3072.2,Completed,Bank Transfer
PAY00000048,CLM0000063,2025-05-26,36141.68,Completed,Online
PAY00000049,CLM0000067,2025-04-25,47603.15,Completed,Online
PAY00000050,CLM0000069,2023-08-24,5485.61,Completed,Bank Transfer
PAY00000051,CLM0000071,2024-02-25,104266.91,Completed,Bank Transfer
PAY00000052,CLM0000071,2024-02-25,34652.79,Completed,Bank Transfer
PAY00000053,CLM0000074,2022-05-09,12591.55,Completed,Bank Transfer
PAY00000054,CLM0000076,2025-11-21,17454.31,Completed,Online
PAY00000055,CLM0000077,2025-05-02,1680.63,Completed,Bank Transfer
PAY00000056,CLM0000077,2025-05-02,2890.69,Completed,Online
PAY00000057,CLM0000082,2023-07-17,43571.04,Completed,Bank Transfer
PAY00000058,CLM0000083,2025-05-11,12381.47,Completed,Cheque
PAY00000059,CLM0000083,2025-05-11,1063.42,Completed,Bank Transfer
PAY00000060,CLM0000084,2022-10-21,47795.27,Completed,Bank Transfer
PAY00000061,CLM0000085,2024-11-03,19809.93,Completed,Online
PAY00000062,CLM0000086,2023-07-17,22603.58,Completed,Bank Transfer
PAY00000063,CLM0000087,2022-05-13,2734.54,Completed,Bank Transfer
PAY00000064,CLM0000087,2022-05-13,1812.45,Completed,Bank Transfer
PAY00000065,CLM0000090,2024-04-30,62192.89,Completed,Bank Transfer
PAY00000066,CLM0000091,2024-10-12,6852.14,Completed,Bank Transfer
PAY00000067,CLM0000091,2024-10-12,2870.3,Completed,Online
PAY00000068,CLM0000092,2025-04-16,14274.73,Completed,Bank Transfer
PAY00000069,CLM0000093,2022-11-11,31083.92,Completed,Bank Transfer
PAY00000070,CLM0000094,2025-09-11,14084.1,Completed,Bank Transfer
PAY00000071,CLM0000094,2025-09-11,17349.41,Completed,Online
PAY00000072,CLM0000098,2024-11-23,37034.63,Completed,Bank Transfer
PAY00000073,CLM0000098,2024-11-23,14207.29,Completed,Online
PAY00000074,CLM0000099,2025-01-30,12247.9,Completed,Bank Transfer
PAY00000075,CLM0000102,2025-05-10,41524.51,Completed,Bank Transfer
PAY00000076,CLM0000103,2025-12-01,4975.71,Completed,Bank Transfer
PAY00000077,CLM0000103,2025-12-01,817.26,Completed,Bank Transfer
PAY00000078,CLM0000104,2022-10-08,14642.11,Completed,Bank Transfer
PAY00000079,CLM0000105,2025-04-13,12940.66,Completed,Bank Transfer
PAY00000080,CLM0000108,2024-03-21,39145.09,Completed,Bank Transfer
PAY00000081,CLM0000111,2023-06-15,16906.45,Completed,Bank Transfer
PAY00000082,CLM0000111,2023-06-15,451.17,Completed,Online
PAY00000083,CLM0000112,2022-03-28,2345.14,Completed,Cheque
PAY00000084,CLM0000112,2022-03-28,14608.24,Completed,Online
PAY00000085,CLM0000114,2025-08-20,2120.84,Completed,Cheque
PAY00000086,CLM0000114,2025-08-20,3980.59,Completed,Online
PAY00000087,CLM0000117,2023-06-18,17017.93,Completed,Online
PAY00000088,CLM0000117,2023-06-18,20649.05,Completed,Bank Transfer
PAY00000089,CLM0000118,2025-08-22,9677.73,Pending,Bank Transfer
PAY00000090,CLM0000120,2025-07-16,1000.69,Completed,Online
PAY00000091,CLM0000120,2025-07-16,50957.81,Pending,Bank Transfer
PAY00000092,CLM0000121,2025-05-23,78358.91,Completed,Online
PAY00000093,CLM0000122,2024-12-17,151.91,Completed,Online
PAY00000094,CLM0000122,2024-12-17,2173.83,Completed,Bank Transfer
PAY00000095,CLM0000123,2022-12-10,8792.19,Completed,Online
PAY00000096,CLM0000124,2022-11-04,6772.84,Completed,Bank Transfer
PAY00000097,CLM0000128,2022-04-07,125697.27,Completed,Bank Transfer
PAY00000098,CLM0000129,2024-06-10,2976.94,Completed,Bank Transfer
PAY00000099,CLM0000132,2025-10-18,12899.86,Completed,Bank Transfer
PAY00000100,CLM0000133,2023-04-17,4182.76,Completed,Bank Transfer
PAY00000101,CLM0000134,2025-05-02,6368.61,Completed,Bank Transfer
PAY00000102,CLM0000134,2025-05-02,3427.81,Completed,Bank Transfer
PAY00000103,CLM0000135,2025-07-08,5215.38,Completed,Bank Transfer
PAY00000104,CLM0000136,2025-07-04,4596.64,Completed,Bank Transfer
PAY00000105,CLM0000137,2023-09-07,12908.9,Completed,Bank Transfer
PAY00000106,CLM0000138,2024-01-22,10109.91,Completed,Bank Transfer
PAY00000107,CLM0000139,2023-12-16,1809.68,Completed,Bank Transfer
PAY00000108,CLM0000140,2025-04-13,30821.94,Completed,Bank Transfer
PAY00000109,CLM0000143,2025-04-12,14185.01,Completed,Bank Transfer
PAY00000110,CLM0000145,2022-10-20,3204.33,Completed,Online
PAY00000111,CLM0000146,2022-08-04,31658.74,Completed,Bank Transfer
PAY00000112,CLM0000146,2022-08-04,8527.82,Completed,Bank Transfer
PAY00000113,CLM0000147,2024-12-11,7309.41,Completed,Bank Transfer
PAY00000114,CLM0000148,2026-03-03,5463.38,Completed,Bank Transfer
PAY00000115,CLM0000149,2022-07-27,23163.28,Completed,Cheque
PAY00000116,CLM0000150,2024-01-18,7637.82,Completed,Cheque
PAY00000117,CLM0000151,2022-02-03,8440.22,Completed,Bank Transfer
PAY00000118,CLM0000153,2023-04-21,56012.5,Completed,Bank Transfer
PAY00000119,CLM0000155,2025-04-28,2497.1,Completed,Bank Transfer
PAY00000120,CLM0000155,2025-04-28,2280.04,Completed,Cheque
PAY00000121,CLM0000157,2025-12-14,5638.29,Completed,Online
PAY00000122,CLM0000158,2025-06-27,24261.64,Pending,Online
PAY00000123,CLM0000159,2024-03-09,3284.45,Completed,Bank Transfer
PAY00000124,CLM0000163,2023-02-09,54687.45,Completed,Online
PAY00000125,CLM0000164,2024-06-21,5909.76,Completed,Online
PAY00000126,CLM0000164,2024-06-21,13019.32,Completed,Online
PAY00000127,CLM0000165,2022-12-09,4831.91,Completed,Bank Transfer
PAY00000128,CLM0000165,2022-12-09,24366.63,Completed,Bank Transfer
PAY00000129,CLM0000166,2024-07-24,6064.28,Completed,Bank Transfer
PAY00000130,CLM0000167,2024-09-28,6424.03,Completed,Bank Transfer
PAY00000131,CLM0000167,2024-09-28,2161.96,Completed,Bank Transfer
PAY00000132,CLM0000168,2022-06-22,1709.45,Completed,Online
PAY00000133,CLM0000168,2022-06-22,16435.03,Completed,Cheque
PAY00000134,CLM0000169,2024-07-03,8282.24,Completed,Bank Transfer
PAY00000135,CLM0000169,2024-07-03,17034.71,Pending,Bank Transfer
PAY00000136,CLM0000170,2023-05-08,41410.06,Completed,Bank Transfer
PAY00000137,CLM0000171,2022-06-15,11486.87,Pending,Cheque
PAY00000138,CLM0000172,2023-05-07,32634.81,Completed,Bank Transfer
PAY00000139,CLM0000173,2022-02-05,27069.67,Completed,Bank Transfer
PAY00000140,CLM0000173,2022-02-05,24859.75,Completed,Bank Transfer
PAY00000141,CLM0000175,2023-07-29,1928.21,Completed,Bank Transfer
PAY00000142,CLM0000179,2024-07-18,8177.47,Completed,Bank Transfer
PAY00000143,CLM0000181,2026-02-22,3813.89,Completed,Bank Transfer
PAY00000144,CLM0000182,2023-11-26,5936.13,Pending,Bank Transfer
PAY00000145,CLM0000183,2023-11-10,5729.83,Completed,Bank Transfer
PAY00000146,CLM0000186,2025-04-10,14412.3,Completed,Bank Transfer
PAY00000147,CLM0000188,2025-04-01,18792.1,Pending,Bank Transfer
PAY00000148,CLM0000190,2023-06-15,448.19,Completed,Online
PAY00000149,CLM0000190,2023-06-15,1863.71,Completed,Online
PAY00000150,CLM0000191,2022-08-25,17413.51,Completed,Bank Transfer
PAY00000151,CLM0000193,2022-08-16,4711.08,Completed,Online
PAY00000152,CLM0000194,2024-07-03,2312.1,Completed,Cheque
PAY00000153,CLM0000194,2024-07-03,302.47,Completed,Bank Transfer
PAY00000154,CLM0000195,2024-12-08,13179.12,Completed,Bank Transfer
PAY00000155,CLM0000195,2024-12-08,1437.51,Completed,Cheque
PAY00000156,CLM0000198,2023-08-01,18667.34,Completed,Bank Transfer
PAY00000157,CLM0000199,2025-05-08,36786.03,Completed,Bank Transfer
PAY00000158,CLM0000200,2024-07-31,11885.58,Completed,Online
PAY00000159,CLM0000200,2024-07-31,2273.45,Completed,Online
PAY00000160,CLM0000202,2022-06-09,10234.79,Completed,Bank Transfer
PAY00000161,CLM0000205,2025-02-09,49347.12,Completed,Bank Transfer
PAY00000162,CLM0000205,2025-02-09,147.73,Completed,Bank Transfer
PAY00000163,CLM0000206,2022-12-17,5832.05,Completed,Online
PAY00000164,CLM0000206,2022-12-17,10407.42,Completed,Online
PAY00000165,CLM0000207,2024-12-12,33821.79,Completed,Online
PAY00000166,CLM0000209,2025-01-29,29295.48,Completed,Bank Transfer
PAY00000167,CLM0000214,2023-12-08,15890.77,Completed,Bank Transfer
PAY00000168,CLM0000215,2025-05-29,2001.87,Pending,Bank Transfer
PAY00000169,CLM0000215,2025-05-29,19383.75,Completed,Online
PAY00000170,CLM0000218,2025-12-16,3295.75,Completed,Bank Transfer
PAY00000171,CLM0000220,2025-06-21,23509.94,Pending,Online
PAY00000172,CLM0000221,2024-04-23,19013.16,Completed,Cheque
PAY00000173,CLM0000224,2025-03-26,14893.88,Completed,Online
PAY00000174,CLM0000225,2022-12-27,19000.59,Completed,Bank Transfer
PAY00000175,CLM0000226,2023-11-04,37981.32,Completed,Bank Transfer
PAY00000176,CLM0000228,2025-12-05,51227.89,Completed,Bank Transfer
PAY00000177,CLM0000233,2025-01-19,71548.09,Completed,Bank Transfer
PAY00000178,CLM0000235,2022-07-29,5500.17,Completed,Online
PAY00000179,CLM0000236,2025-12-10,28377.99,Completed,Bank Transfer
PAY00000180,CLM0000236,2025-12-10,22747.15,Completed,Bank Transfer
PAY00000181,CLM0000238,2023-11-01,6437.66,Completed,Bank Transfer
PAY00000182,CLM0000238,2023-11-01,3139.91,Completed,Bank Transfer
PAY00000183,CLM0000241,2024-08-12,10897.87,Completed,Bank Transfer
PAY00000184,CLM0000241,2024-08-12,3477.08,Completed,Bank Transfer
PAY00000185,CLM0000242,2023-10-03,16594.18,Completed,Cheque
PAY00000186,CLM0000244,2023-07-17,43753.35,Completed,Bank Transfer
PAY00000187,CLM0000245,2025-02-21,55720.63,Pending,Online
PAY00000188,CLM0000246,2022-08-23,6685.33,Completed,Bank Transfer
PAY00000189,CLM0000247,2022-07-24,29800.58,Completed,Bank Transfer
PAY00000190,CLM0000248,2024-09-29,12704.6,Completed,Bank Transfer
PAY00000191,CLM0000249,2024-08-20,22548.63,Completed,Bank Transfer
PAY00000192,CLM0000253,2023-02-15,3352.26,Completed,Bank Transfer
PAY00000193,CLM0000253,2023-02-15,9940.96,Completed,Bank Transfer
PAY00000194,CLM0000254,2025-03-11,24961.85,Completed,Bank Transfer
PAY00000195,CLM0000257,2024-09-27,3364.13,Completed,Cheque
PAY00000196,CLM0000257,2024-09-27,9857.94,Completed,Online
PAY00000197,CLM0000258,2025-02-19,27976.16,Completed,Bank Transfer
PAY00000198,CLM0000259,2022-02-14,4677.07,Pending,Bank Transfer
PAY00000199,CLM0000260,2025-03-28,7278.86,Completed,Bank Transfer
PAY00000200,CLM0000260,2025-03-28,8877.43,Completed,Bank Transfer
PAY00000201,CLM0000263,2022-03-08,16678.95,Completed,Online
PAY00000202,CLM0000267,2022-08-12,7021.95,Completed,Bank Transfer
PAY00000203,CLM0000267,2022-08-12,20425.39,Completed,Online
PAY00000204,CLM0000268,2022-12-20,27355.56,Completed,Bank Transfer
PAY00000205,CLM0000268,2022-12-20,430.87,Completed,Bank Transfer
PAY00000206,CLM0000270,2025-11-26,12070.96,Completed,Bank Transfer
PAY00000207,CLM0000273,2024-12-18,59716.45,Completed,Bank Transfer
PAY00000208,CLM0000274,2024-01-19,36600.52,Completed,Online
PAY00000209,CLM0000281,2022-02-09,14997.56,Completed,Bank Transfer
PAY00000210,CLM0000284,2024-01-11,47127.77,Completed,Bank Transfer
PAY00000211,CLM0000285,2022-09-24,22038.4,Pending,Cheque
PAY00000212,CLM0000285,2022-09-24,1756.66,Completed,Bank Transfer
PAY00000213,CLM0000288,2024-12-21,14460.58,Completed,Bank Transfer
PAY00000214,CLM0000288,2024-12-21,8617.45,Completed,Bank Transfer
PAY00000215,CLM0000289,2022-10-02,20755.39,Completed,Online
PAY00000216,CLM0000290,2025-09-08,17583.8,Completed,Bank Transfer
PAY00000217,CLM0000290,2025-09-08,23439.96,Completed,Bank Transfer
PAY00000218,CLM0000293,2025-05-18,7555.39,Completed,Online
PAY00000219,CLM0000294,2023-04-07,19605.86,Completed,Bank Transfer
PAY00000220,CLM0000294,2023-04-07,13262,Completed,Bank Transfer
PAY00000221,CLM0000295,2024-04-24,10513.34,Completed,Bank Transfer
PAY00000222,CLM0000297,2023-07-11,12895.28,Completed,Bank Transfer
PAY00000223,CLM0000298,2024-04-16,34939.56,Completed,Bank Transfer
PAY00000224,CLM0000301,2024-08-01,56592.08,Completed,Bank Transfer
PAY00000225,CLM0000301,2024-08-01,723.03,Completed,Bank Transfer
PAY00000226,CLM0000304,2022-06-02,128.78,Completed,Bank Transfer
PAY00000227,CLM0000304,2022-06-02,7350.63,Completed,Online
PAY00000228,CLM0000305,2025-03-07,9470.56,Completed,Bank Transfer
PAY00000229,CLM0000306,2025-11-13,11016.84,Completed,Bank Transfer
PAY00000230,CLM0000309,2025-11-23,9952.68,Completed,Bank Transfer
PAY00000231,CLM0000310,2024-07-14,9434.26,Completed,Online
PAY00000232,CLM0000310,2024-07-14,7016.37,Completed,Cheque
PAY00000233,CLM0000312,2022-07-09,14842,Completed,Bank Transfer
PAY00000234,CLM0000312,2022-07-09,7626.45,Completed,Online
PAY00000235,CLM0000315,2022-10-06,26460.14,Completed,Bank Transfer
PAY00000236,CLM0000316,2023-12-14,5995.03,Completed,Bank Transfer
PAY00000237,CLM0000320,2025-07-07,8877.58,Completed,Bank Transfer
PAY00000238,CLM0000320,2025-07-07,2029.67,Completed,Bank Transfer
PAY00000239,CLM0000322,2024-12-24,1875.03,Pending,Bank Transfer
PAY00000240,CLM0000323,2024-04-07,15380.97,Completed,Online
PAY00000241,CLM0000324,2022-08-16,8366.75,Completed,Bank Transfer
PAY00000242,CLM0000324,2022-08-16,4745.26,Completed,Bank Transfer
PAY00000243,CLM0000326,2024-04-28,16065.85,Completed,Online
PAY00000244,CLM0000327,2023-11-03,18978.16,Completed,Bank Transfer
PAY00000245,CLM0000332,2024-05-17,13117.69,Completed,Bank Transfer
PAY00000246,CLM0000333,2023-12-18,14365.93,Completed,Online
PAY00000247,CLM0000333,2023-12-18,11188.38,Pending,Online
PAY00000248,CLM0000334,2025-03-26,18207.9,Completed,Online
PAY00000249,CLM0000334,2025-03-26,6307.87,Completed,Bank Transfer
PAY00000250,CLM0000339,2023-02-12,34591.58,Completed,Bank Transfer
PAY00000251,CLM0000340,2024-01-11,102438.21,Completed,Online
PAY00000252,CLM0000341,2023-02-21,18952.08,Completed,Online
PAY00000253,CLM0000341,2023-02-21,1056.05,Completed,Bank Transfer
PAY00000254,CLM0000342,2024-04-19,15969.08,Completed,Bank Transfer
PAY00000255,CLM0000345,2025-08-08,4713.45,Completed,Bank Transfer
PAY00000256,CLM0000347,2023-06-22,4907.41,Completed,Bank Transfer
PAY00000257,CLM0000347,2023-06-22,6986.6,Completed,Online
PAY00000258,CLM0000348,2023-09-15,8318.41,Completed,Bank Transfer
PAY00000259,CLM0000349,2022-07-26,11382.81,Completed,Bank Transfer
PAY00000260,CLM0000349,2022-07-26,6506.48,Completed,Bank Transfer
PAY00000261,CLM0000350,2024-02-12,35012.57,Completed,Bank Transfer
PAY00000262,CLM0000351,2025-09-12,9478.89,Completed,Bank Transfer
PAY00000263,CLM0000352,2023-07-26,10091.99,Completed,Bank Transfer
PAY00000264,CLM0000355,2024-03-14,6846.85,Completed,Bank Transfer
PAY00000265,CLM0000356,2022-04-14,8905.55,Completed,Bank Transfer
PAY00000266,CLM0000358,2026-01-20,14125.33,Completed,Online
PAY00000267,CLM0000360,2025-09-22,4891.17,Completed,Bank Transfer
PAY00000268,CLM0000360,2025-09-22,9579.1,Completed,Bank Transfer
PAY00000269,CLM0000361,2025-12-23,22112.11,Completed,Online
PAY00000270,CLM0000361,2025-12-23,646.92,Pending,Bank Transfer
PAY00000271,CLM0000362,2022-08-29,5946.33,Completed,Bank Transfer
PAY00000272,CLM0000363,2023-07-01,18270.96,Completed,Bank Transfer
PAY00000273,CLM0000364,2024-02-28,51387.81,Completed,Bank Transfer
PAY00000274,CLM0000367,2024-05-12,41558.27,Completed,Online
PAY00000275,CLM0000368,2023-06-25,2880.2,Completed,Bank Transfer
PAY00000276,CLM0000368,2023-06-25,2527.86,Completed,Bank Transfer
PAY00000277,CLM0000369,2026-05-01,5337.37,Completed,Bank Transfer
PAY00000278,CLM0000371,2022-04-14,2147.23,Completed,Bank Transfer
PAY00000279,CLM0000371,2022-04-14,36894.98,Completed,Bank Transfer
PAY00000280,CLM0000372,2023-12-11,51876.77,Completed,Bank Transfer
PAY00000281,CLM0000373,2023-12-14,2798.28,Completed,Online
PAY00000282,CLM0000375,2023-05-12,36330.87,Completed,Online
PAY00000283,CLM0000378,2022-07-02,7838.21,Completed,Bank Transfer
PAY00000284,CLM0000378,2022-07-02,708.9,Completed,Bank Transfer
PAY00000285,CLM0000381,2025-10-16,10577.58,Completed,Bank Transfer
PAY00000286,CLM0000382,2024-09-09,3210.34,Completed,Online
PAY00000287,CLM0000382,2024-09-09,5623.06,Completed,Bank Transfer
PAY00000288,CLM0000384,2024-11-10,12656.18,Completed,Bank Transfer
PAY00000289,CLM0000384,2024-11-10,8343.75,Completed,Bank Transfer
PAY00000290,CLM0000386,2022-12-29,24528.25,Completed,Bank Transfer
PAY00000291,CLM0000387,2024-04-13,5750.87,Completed,Cheque
PAY00000292,CLM0000389,2025-09-24,15311.39,Completed,Online
PAY00000293,CLM0000391,2023-11-16,15351.31,Pending,Bank Transfer
PAY00000294,CLM0000396,2025-09-11,36130.5,Completed,Bank Transfer
PAY00000295,CLM0000399,2023-05-26,14647.96,Completed,Cheque
PAY00000296,CLM0000400,2024-03-19,37394.62,Completed,Bank Transfer
PAY00000297,CLM0000403,2026-06-02,74216.29,Completed,Bank Transfer
PAY00000298,CLM0000404,2025-04-13,16606.95,Completed,Bank Transfer
PAY00000299,CLM0000406,2023-11-02,44878.47,Pending,Bank Transfer
PAY00000300,CLM0000407,2023-06-05,976.66,Completed,Online
PAY00000301,CLM0000407,2023-06-05,6647.7,Pending,Cheque
PAY00000302,CLM0000409,2025-02-07,2950.7,Completed,Bank Transfer
PAY00000303,CLM0000410,2023-03-06,2584.44,Completed,Bank Transfer
PAY00000304,CLM0000410,2023-03-06,34627.66,Completed,Bank Transfer
PAY00000305,CLM0000412,2022-03-23,23711.41,Completed,Online
PAY00000306,CLM0000414,2023-09-04,19614.63,Pending,Bank Transfer
PAY00000307,CLM0000423,2022-09-15,17260.61,Completed,Bank Transfer
PAY00000308,CLM0000426,2024-07-25,34006.93,Pending,Bank Transfer
PAY00000309,CLM0000426,2024-07-25,39503.41,Completed,Bank Transfer
PAY00000310,CLM0000429,2022-03-11,28898.59,Completed,Bank Transfer
PAY00000311,CLM0000430,2025-09-07,15441.32,Completed,Bank Transfer
PAY00000312,CLM0000432,2025-07-14,801.22,Completed,Online
PAY00000313,CLM0000432,2025-07-14,6856.11,Pending,Bank Transfer
PAY00000314,CLM0000434,2025-02-23,27918.13,Completed,Bank Transfer
PAY00000315,CLM0000435,2025-12-18,12477.3,Completed,Bank Transfer
PAY00000316,CLM0000436,2024-07-26,8096.51,Completed,Bank Transfer
PAY00000317,CLM0000436,2024-07-26,2148.53,Completed,Bank Transfer
PAY00000318,CLM0000438,2023-11-10,25849.16,Completed,Bank Transfer
PAY00000319,CLM0000439,2022-05-23,5106.14,Completed,Online
PAY00000320,CLM0000440,2022-07-26,9075.19,Completed,Bank Transfer
PAY00000321,CLM0000441,2023-10-28,7692.39,Completed,Cheque
PAY00000322,CLM0000442,2022-11-22,7935.09,Completed,Bank Transfer
PAY00000323,CLM0000442,2022-11-22,5539.32,Completed,Bank Transfer
PAY00000324,CLM0000443,2023-04-29,1924.14,Completed,Bank Transfer
PAY00000325,CLM0000443,2023-04-29,6491.48,Completed,Online
PAY00000326,CLM0000445,2023-10-15,17541.99,Completed,Bank Transfer
PAY00000327,CLM0000448,2024-11-04,7667.46,Completed,Bank Transfer
PAY00000328,CLM0000449,2022-06-11,7273.45,Completed,Bank Transfer
PAY00000329,CLM0000450,2022-06-27,11131.45,Completed,Bank Transfer
PAY00000330,CLM0000451,2025-05-04,10879.55,Completed,Online
PAY00000331,CLM0000452,2024-11-11,9657.53,Completed,Bank Transfer
PAY00000332,CLM0000453,2023-06-02,42580.95,Completed,Bank Transfer
PAY00000333,CLM0000453,2023-06-02,1124.87,Pending,Bank Transfer
PAY00000334,CLM0000454,2022-05-29,11180.51,Completed,Bank Transfer
PAY00000335,CLM0000455,2022-08-12,50361.39,Completed,Bank Transfer
PAY00000336,CLM0000456,2023-02-12,24751.52,Completed,Bank Transfer
PAY00000337,CLM0000457,2022-05-12,39555.38,Completed,Bank Transfer
PAY00000338,CLM0000459,2024-06-11,9481.13,Completed,Bank Transfer
PAY00000339,CLM0000459,2024-06-11,22257.5,Completed,Bank Transfer
PAY00000340,CLM0000460,2023-11-10,30123.74,Completed,Bank Transfer
PAY00000341,CLM0000462,2022-12-25,5267.1,Completed,Bank Transfer
PAY00000342,CLM0000464,2023-01-08,5765.21,Completed,Bank Transfer
PAY00000343,CLM0000464,2023-01-08,19943.05,Completed,Online
PAY00000344,CLM0000466,2025-02-18,78642.59,Completed,Bank Transfer
PAY00000345,CLM0000469,2025-08-09,6354.01,Completed,Bank Transfer
PAY00000346,CLM0000471,2024-02-23,17423.2,Completed,Bank Transfer
PAY00000347,CLM0000471,2024-02-23,758.87,Completed,Bank Transfer
PAY00000348,CLM0000472,2025-03-07,11129.38,Completed,Cheque
PAY00000349,CLM0000472,2025-03-07,9354.57,Completed,Bank Transfer
PAY00000350,CLM0000473,2022-05-16,13513.45,Completed,Bank Transfer
PAY00000351,CLM0000475,2024-12-17,14885.27,Completed,Online
PAY00000352,CLM0000476,2023-08-20,51864.21,Completed,Bank Transfer
PAY00000353,CLM0000476,2023-08-20,19852.19,Completed,Bank Transfer
PAY00000354,CLM0000480,2023-02-26,33.02,Pending,Bank Transfer
PAY00000355,CLM0000480,2023-02-26,1884.16,Completed,Cheque
PAY00000356,CLM0000481,2023-08-26,16117.81,Completed,Online
PAY00000357,CLM0000482,2024-09-04,2087.95,Completed,Bank Transfer
PAY00000358,CLM0000482,2024-09-04,15324.86,Completed,Online
PAY00000359,CLM0000485,2024-12-10,3592.94,Completed,Bank Transfer
PAY00000360,CLM0000485,2024-12-10,2208.87,Completed,Bank Transfer
PAY00000361,CLM0000487,2023-12-14,29105.55,Completed,Bank Transfer
PAY00000362,CLM0000488,2025-10-09,7374.62,Completed,Bank Transfer
PAY00000363,CLM0000490,2023-12-01,16645.77,Completed,Bank Transfer
PAY00000364,CLM0000492,2025-06-20,62277.38,Completed,Bank Transfer
PAY00000365,CLM0000493,2023-06-20,41773.48,Completed,Cheque
PAY00000366,CLM0000496,2023-04-06,103390.55,Pending,Bank Transfer
PAY00000367,CLM0000497,2024-07-17,11557.97,Completed,Bank Transfer
PAY00000368,CLM0000501,2025-12-08,16767.51,Completed,Bank Transfer
PAY00000369,CLM0000502,2023-08-29,6020.25,Completed,Bank Transfer
PAY00000370,CLM0000502,2023-08-29,5126.07,Completed,Cheque
PAY00000371,CLM0000503,2022-03-09,46407.04,Completed,Bank Transfer
PAY00000372,CLM0000504,2023-12-03,30866.66,Completed,Cheque
PAY00000373,CLM0000504,2023-12-03,3243.61,Completed,Cheque
PAY00000374,CLM0000505,2025-10-15,992.39,Completed,Online
PAY00000375,CLM0000505,2025-10-15,5006.34,Completed,Online
PAY00000376,CLM0000506,2024-02-21,8582.03,Pending,Cheque
PAY00000377,CLM0000506,2024-02-21,2206.22,Completed,Bank Transfer
PAY00000378,CLM0000510,2023-02-19,18702.95,Completed,Bank Transfer
PAY00000379,CLM0000511,2024-07-20,8626.94,Completed,Bank Transfer
PAY00000380,CLM0000512,2023-03-28,5866.06,Completed,Bank Transfer
PAY00000381,CLM0000512,2023-03-28,16244.63,Completed,Bank Transfer
PAY00000382,CLM0000515,2022-11-06,502.36,Completed,Bank Transfer
PAY00000383,CLM0000515,2022-11-06,1958.05,Completed,Bank Transfer
PAY00000384,CLM0000516,2022-01-27,13127.41,Completed,Bank Transfer
PAY00000385,CLM0000517,2022-09-17,4561,Completed,Cheque
PAY00000386,CLM0000517,2022-09-17,11625.85,Completed,Bank Transfer
PAY00000387,CLM0000519,2025-12-09,11653.6,Completed,Bank Transfer
PAY00000388,CLM0000523,2022-11-12,13164.17,Completed,Online
PAY00000389,CLM0000524,2024-08-01,18207.18,Completed,Online
PAY00000390,CLM0000525,2024-12-01,20193.87,Completed,Bank Transfer
PAY00000391,CLM0000525,2024-12-01,7717.5,Completed,Cheque
PAY00000392,CLM0000526,2022-06-27,347.39,Completed,Bank Transfer
PAY00000393,CLM0000526,2022-06-27,4136.73,Completed,Bank Transfer
PAY00000394,CLM0000529,2023-11-02,15167.59,Completed,Bank Transfer
PAY00000395,CLM0000530,2024-02-21,6170.47,Completed,Bank Transfer
PAY00000396,CLM0000531,2022-03-16,3472.17,Completed,Cheque
PAY00000397,CLM0000532,2022-09-19,5217.46,Completed,Bank Transfer
PAY00000398,CLM0000536,2024-07-29,2648.2,Completed,Cheque
PAY00000399,CLM0000536,2024-07-29,6961.43,Completed,Online
PAY00000400,CLM0000537,2024-09-18,17105.83,Completed,Bank Transfer
PAY00000401,CLM0000538,2025-06-27,129432.78,Completed,Online
PAY00000402,CLM0000541,2023-04-11,2434.3,Completed,Bank Transfer
PAY00000403,CLM0000541,2023-04-11,33099.04,Completed,Bank Transfer
PAY00000404,CLM0000543,2022-05-21,50410.63,Completed,Cheque
PAY00000405,CLM0000544,2023-09-14,10399.67,Completed,Cheque
PAY00000406,CLM0000545,2023-10-12,6232.76,Completed,Bank Transfer
PAY00000407,CLM0000546,2022-04-06,10867.95,Completed,Cheque
PAY00000408,CLM0000547,2026-08-02,11824.25,Completed,Bank Transfer
PAY00000409,CLM0000550,2024-01-04,5150.51,Completed,Cheque
PAY00000410,CLM0000550,2024-01-04,1094.95,Completed,Bank Transfer
PAY00000411,CLM0000552,2022-04-15,16587.3,Completed,Bank Transfer
PAY00000412,CLM0000552,2022-04-15,15587.17,Completed,Online
PAY00000413,CLM0000553,2024-07-26,15278.98,Completed,Bank Transfer
PAY00000414,CLM0000554,2022-03-13,3760.89,Completed,Bank Transfer
PAY00000415,CLM0000556,2024-03-03,1533.36,Completed,Cheque
PAY00000416,CLM0000556,2024-03-03,3441.6,Completed,Online
PAY00000417,CLM0000559,2024-05-13,14277.37,Completed,Bank Transfer
PAY00000418,CLM0000560,2025-11-19,20018.51,Completed,Online
PAY00000419,CLM0000564,2024-03-07,18986.81,Completed,Online
PAY00000420,CLM0000565,2022-04-03,5404.72,Completed,Bank Transfer
PAY00000421,CLM0000565,2022-04-03,10789.58,Completed,Bank Transfer
PAY00000422,CLM0000566,2025-06-27,3052,Completed,Bank Transfer
PAY00000423,CLM0000569,2022-04-24,37826.65,Completed,Online
PAY00000424,CLM0000570,2025-01-19,3055.69,Completed,Bank Transfer
PAY00000425,CLM0000570,2025-01-19,14655.52,Completed,Bank Transfer
PAY00000426,CLM0000572,2022-06-07,19003.51,Completed,Bank Transfer
PAY00000427,CLM0000573,2022-06-05,2693.94,Completed,Bank Transfer
PAY00000428,CLM0000573,2022-06-05,3976.31,Completed,Bank Transfer
PAY00000429,CLM0000578,2025-09-27,5686.85,Pending,Online
PAY00000430,CLM0000581,2024-04-22,10477.7,Completed,Online
PAY00000431,CLM0000581,2024-04-22,14846.6,Completed,Bank Transfer
PAY00000432,CLM0000582,2024-07-27,115480.17,Completed,Bank Transfer
PAY00000433,CLM0000582,2024-07-27,5361.73,Pending,Bank Transfer
PAY00000434,CLM0000583,2025-10-17,898.31,Completed,Bank Transfer
PAY00000435,CLM0000583,2025-10-17,3913.54,Completed,Bank Transfer
PAY00000436,CLM0000584,2024-07-17,60155.47,Completed,Bank Transfer
PAY00000437,CLM0000588,2024-04-01,26038.49,Completed,Bank Transfer
PAY00000438,CLM0000588,2024-04-01,2722.63,Completed,Bank Transfer
PAY00000439,CLM0000595,2022-04-12,5245.13,Completed,Online
PAY00000440,CLM0000599,2023-05-03,128.77,Completed,Bank Transfer
PAY00000441,CLM0000599,2023-05-03,14131.54,Completed,Cheque
PAY00000442,CLM0000602,2025-03-22,22175.57,Completed,Cheque
PAY00000443,CLM0000603,2023-08-11,11991.91,Pending,Online
PAY00000444,CLM0000607,2026-02-03,72258.68,Completed,Online
PAY00000445,CLM0000610,2022-06-10,8515.21,Completed,Bank Transfer
PAY00000446,CLM0000610,2022-06-10,601.76,Completed,Bank Transfer
PAY00000447,CLM0000612,2025-09-19,25969.11,Completed,Bank Transfer
PAY00000448,CLM0000613,2025-06-17,83588.72,Completed,Bank Transfer
PAY00000449,CLM0000616,2025-04-04,6031.64,Completed,Bank Transfer
PAY00000450,CLM0000618,2023-08-21,31653.52,Completed,Bank Transfer
PAY00000451,CLM0000619,2025-11-22,27097.44,Completed,Cheque
PAY00000452,CLM0000620,2022-09-16,2614.42,Completed,Bank Transfer
PAY00000453,CLM0000620,2022-09-16,10867.53,Completed,Online
PAY00000454,CLM0000622,2023-06-05,30101.69,Completed,Bank Transfer
PAY00000455,CLM0000623,2024-02-14,18747.01,Completed,Bank Transfer
PAY00000456,CLM0000623,2024-02-14,8654.7,Completed,Bank Transfer
PAY00000457,CLM0000624,2023-06-26,8603.4,Pending,Bank Transfer
PAY00000458,CLM0000624,2023-06-26,10889.96,Pending,Bank Transfer
PAY00000459,CLM0000627,2023-02-15,400.72,Completed,Bank Transfer
PAY00000460,CLM0000627,2023-02-15,18454.26,Completed,Bank Transfer
PAY00000461,CLM0000628,2023-03-07,7833.33,Completed,Bank Transfer
PAY00000462,CLM0000628,2023-03-07,760.15,Completed,Bank Transfer
PAY00000463,CLM0000630,2025-07-03,14583.97,Completed,Bank Transfer
PAY00000464,CLM0000630,2025-07-03,10848.51,Completed,Online
PAY00000465,CLM0000632,2023-07-31,16548.97,Completed,Bank Transfer
PAY00000466,CLM0000633,2022-02-15,12228.33,Completed,Bank Transfer
PAY00000467,CLM0000636,2022-08-24,7215.95,Completed,Cheque
PAY00000468,CLM0000636,2022-08-24,38045.47,Completed,Bank Transfer
PAY00000469,CLM0000638,2022-06-03,16171.79,Completed,Bank Transfer
PAY00000470,CLM0000638,2022-06-03,3115.09,Completed,Bank Transfer
PAY00000471,CLM0000639,2025-01-27,47877.69,Completed,Online
PAY00000472,CLM0000640,2025-11-18,7975.01,Completed,Online
PAY00000473,CLM0000642,2024-09-29,20377.59,Completed,Online
PAY00000474,CLM0000643,2025-01-30,10760.06,Completed,Bank Transfer
PAY00000475,CLM0000645,2022-11-21,37801.45,Completed,Bank Transfer
PAY00000476,CLM0000647,2026-01-27,3772.25,Completed,Bank Transfer
PAY00000477,CLM0000648,2025-08-19,7354.95,Completed,Online
PAY00000478,CLM0000649,2023-07-13,15945.81,Completed,Bank Transfer
PAY00000479,CLM0000649,2023-07-13,10080.06,Completed,Bank Transfer
PAY00000480,CLM0000650,2024-07-08,39240.04,Completed,Bank Transfer
PAY00000481,CLM0000650,2024-07-08,16554.13,Completed,Bank Transfer
PAY00000482,CLM0000651,2025-02-03,17597.63,Completed,Cheque
PAY00000483,CLM0000652,2022-10-03,7556.51,Completed,Cheque
PAY00000484,CLM0000653,2024-02-25,6201.4,Pending,Bank Transfer
PAY00000485,CLM0000654,2023-03-08,12116.81,Completed,Online
PAY00000486,CLM0000655,2026-12-01,61077.8,Completed,Bank Transfer
PAY00000487,CLM0000656,2023-10-14,495.66,Completed,Bank Transfer
PAY00000488,CLM0000656,2023-10-14,2224.96,Completed,Online
PAY00000489,CLM0000657,2025-02-14,5372.98,Completed,Bank Transfer
PAY00000490,CLM0000659,2024-09-08,8771.67,Completed,Bank Transfer
PAY00000491,CLM0000661,2022-01-02,6349.09,Completed,Cheque
PAY00000492,CLM0000661,2022-01-02,4376.44,Completed,Bank Transfer
PAY00000493,CLM0000662,2025-09-13,76607.84,Completed,Online
PAY00000494,CLM0000664,2024-02-19,6146.64,Completed,Online
PAY00000495,CLM0000664,2024-02-19,3369.38,Completed,Bank Transfer
PAY00000496,CLM0000665,2022-01-04,16964.69,Completed,Bank Transfer
PAY00000497,CLM0000668,2022-10-27,40543.66,Completed,Online
PAY00000498,CLM0000669,2025-09-02,51047.67,Completed,Bank Transfer
PAY00000499,CLM0000670,2024-01-26,6343.13,Completed,Bank Transfer
PAY00000500,CLM0000671,2024-03-04,6987.18,Completed,Bank Transfer
PAY00000501,CLM0000672,2024-03-04,5443.9,Completed,Bank Transfer
PAY00000502,CLM0000673,2022-08-29,15379.98,Completed,Bank Transfer
PAY00000503,CLM0000674,2023-06-25,21030.52,Completed,Online
PAY00000504,CLM0000676,2023-09-23,57737.85,Completed,Bank Transfer
PAY00000505,CLM0000677,2023-07-13,19312.56,Completed,Bank Transfer
PAY00000506,CLM0000678,2024-02-23,38142.91,Completed,Bank Transfer
PAY00000507,CLM0000680,2024-03-31,29534.16,Completed,Bank Transfer
PAY00000508,CLM0000682,2025-01-18,21000.97,Completed,Bank Transfer
PAY00000509,CLM0000683,2022-03-12,27362.99,Completed,Bank Transfer
PAY00000510,CLM0000684,2025-04-23,2538.68,Completed,Bank Transfer
PAY00000511,CLM0000684,2025-04-23,2097.8,Completed,Cheque
PAY00000512,CLM0000685,2025-11-22,115271.91,Completed,Bank Transfer
PAY00000513,CLM0000686,2025-03-19,380.87,Completed,Bank Transfer
PAY00000514,CLM0000686,2025-03-19,8088.68,Completed,Bank Transfer
PAY00000515,CLM0000687,2023-04-21,4517.11,Completed,Bank Transfer
PAY00000516,CLM0000688,2023-05-19,12692.85,Completed,Bank Transfer
PAY00000517,CLM0000688,2023-05-19,801.93,Completed,Bank Transfer
PAY00000518,CLM0000693,2022-12-20,20468.64,Completed,Bank Transfer
PAY00000519,CLM0000694,2023-08-10,4521.46,Completed,Bank Transfer
PAY00000520,CLM0000698,2023-01-26,5546.67,Completed,Bank Transfer
PAY00000521,CLM0000698,2023-01-26,5520.23,Completed,Online
PAY00000522,CLM0000703,2024-07-30,10320.87,Completed,Bank Transfer
PAY00000523,CLM0000707,2023-06-24,11032.56,Completed,Online
PAY00000524,CLM0000709,2025-10-19,11811.41,Completed,Bank Transfer
PAY00000525,CLM0000710,2024-07-05,18153.44,Completed,Cheque
PAY00000526,CLM0000710,2024-07-05,5645.87,Completed,Bank Transfer
PAY00000527,CLM0000711,2024-11-14,2388.55,Completed,Bank Transfer
PAY00000528,CLM0000711,2024-11-14,19541.48,Pending,Bank Transfer
PAY00000529,CLM0000712,2025-05-13,46067.51,Completed,Bank Transfer
PAY00000530,CLM0000713,2022-05-10,11890.22,Pending,Online
PAY00000531,CLM0000715,2025-09-08,23888.33,Pending,Bank Transfer
PAY00000532,CLM0000717,2022-11-13,31521.58,Completed,Bank Transfer
PAY00000533,CLM0000718,2025-06-27,2709.74,Completed,Bank Transfer
PAY00000534,CLM0000718,2025-06-27,497.63,Completed,Bank Transfer
PAY00000535,CLM0000721,2024-11-12,45826.14,Completed,Bank Transfer
PAY00000536,CLM0000722,2024-04-19,24339.54,Completed,Bank Transfer
PAY00000537,CLM0000724,2025-07-29,10586.64,Completed,Bank Transfer
PAY00000538,CLM0000726,2022-02-06,4087.69,Completed,Bank Transfer
PAY00000539,CLM0000728,2024-12-30,7605.22,Completed,Bank Transfer
PAY00000540,CLM0000729,2022-09-08,67961.9,Completed,Bank Transfer
PAY00000541,CLM0000731,2025-07-30,6119.94,Completed,Bank Transfer
PAY00000542,CLM0000733,2024-10-10,12695.45,Completed,Cheque
PAY00000543,CLM0000735,2025-02-07,1714.06,Pending,Online
PAY00000544,CLM0000735,2025-02-07,2290.16,Completed,Bank Transfer
PAY00000545,CLM0000736,2022-01-07,35739.57,Completed,Bank Transfer
PAY00000546,CLM0000738,2024-11-20,14305.29,Completed,Bank Transfer
PAY00000547,CLM0000740,2025-01-14,14665.79,Completed,Bank Transfer
PAY00000548,CLM0000740,2025-01-14,32004.52,Completed,Bank Transfer
PAY00000549,CLM0000742,2025-03-02,21239.02,Completed,Online
PAY00000550,CLM0000743,2023-10-10,13147.75,Completed,Bank Transfer
PAY00000551,CLM0000744,2025-01-30,21588.83,Completed,Bank Transfer
PAY00000552,CLM0000746,2022-11-26,7965.08,Completed,Bank Transfer
PAY00000553,CLM0000746,2022-11-26,61893.84,Completed,Online
PAY00000554,CLM0000750,2023-01-14,6029.31,Completed,Online
PAY00000555,CLM0000750,2023-01-14,9339.22,Completed,Bank Transfer
PAY00000556,CLM0000752,2024-08-31,26674.37,Completed,Bank Transfer
PAY00000557,CLM0000752,2024-08-31,35711.73,Completed,Bank Transfer
PAY00000558,CLM0000753,2022-02-08,22947.05,Completed,Bank Transfer
PAY00000559,CLM0000755,2025-06-05,79.34,Completed,Online
PAY00000560,CLM0000755,2025-06-05,6286.91,Completed,Online
PAY00000561,CLM0000756,2024-11-14,42313.16,Completed,Bank Transfer
PAY00000562,CLM0000759,2023-07-16,16171.14,Completed,Bank Transfer
PAY00000563,CLM0000760,2024-10-13,7975.11,Completed,Online
PAY00000564,CLM0000760,2024-10-13,15766.42,Completed,Online
PAY00000565,CLM0000761,2025-12-30,1379.39,Completed,Bank Transfer
PAY00000566,CLM0000761,2025-12-30,6393.15,Completed,Online
PAY00000567,CLM0000764,2023-12-14,10493.24,Pending,Bank Transfer
PAY00000568,CLM0000766,2023-10-04,69273.47,Completed,Online
PAY00000569,CLM0000767,2024-04-21,13999.59,Completed,Bank Transfer
PAY00000570,CLM0000769,2026-03-01,14033.28,Completed,Bank Transfer
PAY00000571,CLM0000770,2025-01-04,7946.24,Completed,Bank Transfer
PAY00000572,CLM0000772,2023-08-06,20056,Completed,Bank Transfer
PAY00000573,CLM0000776,2022-07-16,9143.81,Completed,Bank Transfer
PAY00000574,CLM0000780,2025-09-25,31004.7,Completed,Bank Transfer
PAY00000575,CLM0000782,2025-08-01,21553.35,Completed,Bank Transfer
PAY00000576,CLM0000784,2024-07-25,21244.32,Completed,Bank Transfer
PAY00000577,CLM0000786,2024-01-16,18532.51,Completed,Bank Transfer
PAY00000578,CLM0000786,2024-01-16,7432.24,Completed,Bank Transfer
PAY00000579,CLM0000787,2024-04-28,29926.1,Completed,Bank Transfer
PAY00000580,CLM0000787,2024-04-28,9156.26,Pending,Bank Transfer
PAY00000581,CLM0000788,2025-02-08,8067.06,Completed,Bank Transfer
PAY00000582,CLM0000789,2023-05-05,8023.29,Completed,Online
PAY00000583,CLM0000791,2025-09-09,12613.91,Completed,Online
PAY00000584,CLM0000791,2025-09-09,725.46,Completed,Online
PAY00000585,CLM0000793,2022-04-30,17450.87,Completed,Online
PAY00000586,CLM0000794,2022-11-20,9528.64,Completed,Bank Transfer
PAY00000587,CLM0000794,2022-11-20,28014.09,Completed,Bank Transfer
PAY00000588,CLM0000795,2024-12-02,11181.15,Completed,Bank Transfer
PAY00000589,CLM0000795,2024-12-02,2830.2,Completed,Bank Transfer
PAY00000590,CLM0000797,2023-08-26,41183.42,Completed,Bank Transfer
PAY00000591,CLM0000798,2025-04-09,774.28,Completed,Bank Transfer
PAY00000592,CLM0000798,2025-04-09,3727.28,Completed,Cheque
PAY00000593,CLM0000803,2024-10-04,4788.4,Completed,Online
PAY00000594,CLM0000804,2024-09-02,3503.56,Completed,Online
PAY00000595,CLM0000804,2024-09-02,39326.19,Completed,Online
PAY00000596,CLM0000805,2023-08-28,7252.07,Completed,Bank Transfer
PAY00000597,CLM0000806,2025-02-15,30408.51,Completed,Bank Transfer
PAY00000598,CLM0000807,2024-11-27,22095.55,Completed,Bank Transfer
PAY00000599,CLM0000809,2025-12-08,27182.94,Completed,Online
PAY00000600,CLM0000810,2023-07-28,47664.75,Pending,Bank Transfer
PAY00000601,CLM0000810,2023-07-28,32418.33,Completed,Bank Transfer
PAY00000602,CLM0000811,2023-03-05,9290.06,Completed,Bank Transfer
PAY00000603,CLM0000813,2023-08-24,1789.31,Completed,Bank Transfer
PAY00000604,CLM0000814,2023-01-09,8565.46,Completed,Online
PAY00000605,CLM0000814,2023-01-09,9663.54,Completed,Bank Transfer
PAY00000606,CLM0000815,2024-09-04,3819.36,Completed,Online
PAY00000607,CLM0000819,2025-02-11,18394.01,Completed,Online
PAY00000608,CLM0000822,2022-07-18,19933.55,Pending,Bank Transfer
PAY00000609,CLM0000827,2026-08-03,30520.08,Completed,Cheque
PAY00000610,CLM0000829,2024-05-29,40302.58,Completed,Bank Transfer
PAY00000611,CLM0000832,2024-03-08,6168.27,Completed,Bank Transfer
PAY00000612,CLM0000835,2025-03-27,36085.18,Completed,Bank Transfer
PAY00000613,CLM0000838,2023-02-07,3406.01,Completed,Bank Transfer
PAY00000614,CLM0000839,2023-12-28,993.83,Completed,Bank Transfer
PAY00000615,CLM0000841,2023-06-16,2339.74,Pending,Cheque
PAY00000616,CLM0000843,2025-04-16,35941.12,Completed,Online
PAY00000617,CLM0000844,2024-05-05,5133.07,Completed,Bank Transfer
PAY00000618,CLM0000844,2024-05-05,8612.02,Completed,Bank Transfer
PAY00000619,CLM0000845,2024-11-03,60025.88,Pending,Online
PAY00000620,CLM0000846,2022-08-07,23300.1,Completed,Bank Transfer
PAY00000621,CLM0000846,2022-08-07,45867.61,Completed,Online
PAY00000622,CLM0000847,2025-01-04,81676.92,Completed,Bank Transfer
PAY00000623,CLM0000848,2022-01-06,26963.88,Completed,Bank Transfer
PAY00000624,CLM0000849,2023-05-13,21122.34,Completed,Bank Transfer
PAY00000625,CLM0000850,2022-01-11,15809.84,Completed,Bank Transfer
PAY00000626,CLM0000851,2025-11-06,35835.27,Completed,Online
PAY00000627,CLM0000853,2024-02-06,117386.06,Completed,Bank Transfer
PAY00000628,CLM0000854,2023-12-07,10666.2,Completed,Online
PAY00000629,CLM0000854,2023-12-07,10606.79,Completed,Bank Transfer
PAY00000630,CLM0000855,2025-05-15,9135.71,Completed,Online
PAY00000631,CLM0000856,2022-12-28,5230.94,Completed,Bank Transfer
PAY00000632,CLM0000858,2023-06-04,4891.19,Completed,Bank Transfer
PAY00000633,CLM0000858,2023-06-04,11568.19,Completed,Cheque
PAY00000634,CLM0000859,2022-02-22,14429.32,Completed,Bank Transfer
PAY00000635,CLM0000863,2023-03-10,20635.03,Completed,Bank Transfer
PAY00000636,CLM0000868,2023-05-04,21239.34,Completed,Online
PAY00000637,CLM0000869,2022-08-20,2553.99,Completed,Bank Transfer
PAY00000638,CLM0000869,2022-08-20,16312.46,Completed,Bank Transfer
PAY00000639,CLM0000870,2024-05-14,3276.09,Completed,Bank Transfer
PAY00000640,CLM0000871,2022-04-29,1922.66,Completed,Online
PAY00000641,CLM0000871,2022-04-29,11145.67,Completed,Cheque
PAY00000642,CLM0000875,2025-11-10,6398.9,Completed,Online
PAY00000643,CLM0000878,2025-12-25,2091.17,Completed,Bank Transfer
PAY00000644,CLM0000879,2025-06-27,34021.34,Completed,Online
PAY00000645,CLM0000880,2025-07-05,9580.2,Completed,Online
PAY00000646,CLM0000880,2025-07-05,16877.13,Completed,Bank Transfer
PAY00000647,CLM0000883,2023-11-07,6334.25,Pending,Bank Transfer
PAY00000648,CLM0000884,2023-04-30,11579.59,Completed,Bank Transfer
PAY00000649,CLM0000884,2023-04-30,1518.74,Completed,Bank Transfer
PAY00000650,CLM0000887,2025-02-24,7310.57,Completed,Online
PAY00000651,CLM0000891,2023-07-18,5240.62,Completed,Bank Transfer
PAY00000652,CLM0000892,2024-08-10,3522.36,Completed,Bank Transfer
PAY00000653,CLM0000892,2024-08-10,43369.4,Completed,Cheque
PAY00000654,CLM0000897,2024-04-18,42230.24,Completed,Bank Transfer
PAY00000655,CLM0000897,2024-04-18,666.26,Completed,Bank Transfer
PAY00000656,CLM0000899,2023-12-09,4646.4,Completed,Bank Transfer
PAY00000657,CLM0000899,2023-12-09,7006.59,Completed,Bank Transfer
PAY00000658,CLM0000900,2023-09-17,15020.28,Completed,Bank Transfer
PAY00000659,CLM0000902,2022-09-18,20746.57,Completed,Bank Transfer
PAY00000660,CLM0000902,2022-09-18,4632.97,Pending,Bank Transfer
PAY00000661,CLM0000903,2024-02-05,18775.46,Completed,Online
PAY00000662,CLM0000905,2025-03-19,96531.07,Completed,Bank Transfer
PAY00000663,CLM0000906,2023-05-26,19859.95,Completed,Bank Transfer
PAY00000664,CLM0000907,2022-08-20,61588.48,Completed,Bank Transfer
PAY00000665,CLM0000908,2025-12-16,11741.6,Completed,Online
PAY00000666,CLM0000910,2024-12-28,6427.72,Completed,Online
PAY00000667,CLM0000911,2024-02-24,13369.94,Pending,Bank Transfer
PAY00000668,CLM0000914,2024-10-21,4565.49,Completed,Bank Transfer
PAY00000669,CLM0000914,2024-10-21,3674.97,Completed,Cheque
PAY00000670,CLM0000917,2025-03-03,32528.23,Completed,Online
PAY00000671,CLM0000917,2025-03-03,32105.47,Completed,Bank Transfer
PAY00000672,CLM0000918,2024-05-23,12070.58,Completed,Bank Transfer
PAY00000673,CLM0000919,2022-08-13,13509.32,Pending,Bank Transfer
PAY00000674,CLM0000920,2025-10-09,11402.29,Completed,Bank Transfer
PAY00000675,CLM0000922,2024-07-27,2273.07,Completed,Bank Transfer
PAY00000676,CLM0000922,2024-07-27,7654.07,Completed,Bank Transfer
PAY00000677,CLM0000923,2023-04-16,12388.01,Pending,Bank Transfer
PAY00000678,CLM0000923,2023-04-16,3349.78,Completed,Bank Transfer
PAY00000679,CLM0000926,2025-06-15,72612.39,Pending,Bank Transfer
PAY00000680,CLM0000926,2025-06-15,17341.72,Completed,Cheque
PAY00000681,CLM0000927,2023-10-27,7359.44,Completed,Bank Transfer
PAY00000682,CLM0000928,2025-09-20,11222.53,Pending,Bank Transfer
PAY00000683,CLM0000932,2023-08-28,13503.76,Completed,Bank Transfer
PAY00000684,CLM0000932,2023-08-28,4319.05,Completed,Bank Transfer
PAY00000685,CLM0000934,2024-10-28,14437.17,Pending,Bank Transfer
PAY00000686,CLM0000935,2025-11-08,22279.15,Completed,Bank Transfer
PAY00000687,CLM0000935,2025-11-08,33988.37,Completed,Online
PAY00000688,CLM0000937,2024-04-08,1513.57,Completed,Bank Transfer
PAY00000689,CLM0000939,2022-09-28,9512.99,Completed,Bank Transfer
PAY00000690,CLM0000940,2023-02-23,47.98,Completed,Online
PAY00000691,CLM0000940,2023-02-23,3412.46,Pending,Bank Transfer
PAY00000692,CLM0000941,2024-05-17,26251.78,Completed,Bank Transfer
PAY00000693,CLM0000942,2024-04-16,29897.58,Completed,Bank Transfer
PAY00000694,CLM0000943,2022-08-16,34678.87,Completed,Online
PAY00000695,CLM0000945,2025-03-21,4323.04,Completed,Bank Transfer
PAY00000696,CLM0000946,2024-03-16,66338.62,Completed,Bank Transfer
PAY00000697,CLM0000947,2026-02-16,18628.86,Completed,Cheque
PAY00000698,CLM0000949,2022-04-17,4856.58,Completed,Cheque
PAY00000699,CLM0000950,2022-03-03,27162.51,Completed,Bank Transfer
PAY00000700,CLM0000951,2024-02-21,7023.49,Completed,Bank Transfer
PAY00000701,CLM0000952,2023-12-04,7264.11,Completed,Bank Transfer
PAY00000702,CLM0000955,2023-06-14,3072.54,Completed,Bank Transfer
PAY00000703,CLM0000955,2023-06-14,2592.17,Completed,Bank Transfer
PAY00000704,CLM0000956,2024-09-17,15943.52,Completed,Bank Transfer
PAY00000705,CLM0000957,2025-04-24,6082.81,Completed,Bank Transfer
PAY00000706,CLM0000957,2025-04-24,88937.52,Completed,Bank Transfer
PAY00000707,CLM0000959,2022-12-03,3112.34,Completed,Bank Transfer
PAY00000708,CLM0000959,2022-12-03,35829.27,Pending,Bank Transfer
PAY00000709,CLM0000960,2022-10-15,7882.6,Completed,Bank Transfer
PAY00000710,CLM0000961,2024-09-08,5563.04,Completed,Bank Transfer
PAY00000711,CLM0000961,2024-09-08,7850.28,Completed,Bank Transfer
PAY00000712,CLM0000962,2023-12-08,7514.51,Completed,Cheque
PAY00000713,CLM0000967,2025-09-11,1216.2,Completed,Bank Transfer
PAY00000714,CLM0000967,2025-09-11,4873.71,Completed,Bank Transfer
PAY00000715,CLM0000968,2025-07-25,13130.81,Completed,Bank Transfer
PAY00000716,CLM0000969,2024-10-19,16208.79,Completed,Bank Transfer
PAY00000717,CLM0000973,2023-06-09,35387.96,Completed,Bank Transfer
PAY00000718,CLM0000974,2024-06-05,33794.97,Completed,Bank Transfer
PAY00000719,CLM0000976,2022-05-14,20275.53,Completed,Bank Transfer
PAY00000720,CLM0000977,2022-05-27,3423.74,Completed,Bank Transfer
PAY00000721,CLM0000979,2022-04-16,1453.35,Completed,Bank Transfer
PAY00000722,CLM0000979,2022-04-16,33272.17,Completed,Bank Transfer
PAY00000723,CLM0000980,2022-10-21,26028.3,Completed,Online
PAY00000724,CLM0000982,2023-07-02,3063.87,Completed,Bank Transfer
PAY00000725,CLM0000984,2022-11-09,8508.41,Completed,Online
PAY00000726,CLM0000984,2022-11-09,208.23,Completed,Bank Transfer
PAY00000727,CLM0000985,2025-02-17,12585.93,Completed,Bank Transfer
PAY00000728,CLM0000985,2025-02-17,4967.59,Completed,Bank Transfer
PAY00000729,CLM0000986,2023-01-29,284.76,Pending,Online
PAY00000730,CLM0000986,2023-01-29,19666.74,Completed,Bank Transfer
PAY00000731,CLM0000988,2023-11-18,46395.92,Completed,Cheque
PAY00000732,CLM0000989,2023-03-05,11528.6,Completed,Bank Transfer
PAY00000733,CLM0000991,2025-12-03,11362.56,Pending,Bank Transfer
PAY00000734,CLM0000993,2023-09-30,45496.7,Completed,Bank Transfer
PAY00000735,CLM0000995,2023-02-01,44715.72,Completed,Cheque
PAY00000736,CLM0000996,2024-12-07,8269.55,Pending,Bank Transfer
PAY00000737,CLM0000998,2023-07-15,10860.37,Completed,Bank Transfer
PAY00000738,CLM0000999,2023-02-19,54407.99,Completed,Bank Transfer
PAY00000739,CLM0001000,2023-12-11,65021.22,Completed,Bank Transfer
PAY00000740,CLM0001002,2023-01-07,23932.5,Completed,Bank Transfer
PAY00000741,CLM0001003,2022-12-18,15521.43,Completed,Online
PAY00000742,CLM0001006,2022-12-03,3571.02,Completed,Bank Transfer
PAY00000743,CLM0001006,2022-12-03,14460.47,Completed,Bank Transfer
PAY00000744,CLM0001007,2022-06-22,15804.27,Completed,Bank Transfer
PAY00000745,CLM0001008,2023-09-10,13695.07,Pending,Bank Transfer
PAY00000746,CLM0001008,2023-09-10,9120.37,Completed,Bank Transfer
PAY00000747,CLM0001011,2025-01-07,8957.36,Completed,Cheque
PAY00000748,CLM0001011,2025-01-07,6511.68,Completed,Bank Transfer
PAY00000749,CLM0001012,2025-01-31,28691.41,Completed,Bank Transfer
PAY00000750,CLM0001013,2025-04-10,4913.32,Completed,Cheque
PAY00000751,CLM0001013,2025-04-10,4005.38,Completed,Bank Transfer
PAY00000752,CLM0001014,2025-01-11,6646.25,Completed,Bank Transfer
PAY00000753,CLM0001015,2025-02-08,15592.02,Completed,Bank Transfer
PAY00000754,CLM0001016,2025-07-26,11766.55,Completed,Bank Transfer
PAY00000755,CLM0001019,2023-01-20,929.63,Completed,Bank Transfer
PAY00000756,CLM0001019,2023-01-20,10601.69,Completed,Cheque
PAY00000757,CLM0001020,2025-06-07,80112.25,Completed,Bank Transfer
PAY00000758,CLM0001022,2023-11-30,21184.43,Completed,Bank Transfer
PAY00000759,CLM0001024,2025-07-16,33792.61,Completed,Bank Transfer
PAY00000760,CLM0001025,2025-10-31,22648.75,Pending,Bank Transfer
PAY00000761,CLM0001026,2022-06-25,10652.82,Completed,Cheque
PAY00000762,CLM0001027,2025-11-11,47016.86,Completed,Bank Transfer
PAY00000763,CLM0001030,2024-05-31,16024.73,Completed,Bank Transfer
PAY00000764,CLM0001031,2024-05-20,11145.41,Completed,Bank Transfer
PAY00000765,CLM0001031,2024-05-20,8599.9,Completed,Bank Transfer
PAY00000766,CLM0001033,2026-09-01,14256.9,Completed,Bank Transfer
PAY00000767,CLM0001033,2026-09-01,3171.12,Completed,Bank Transfer
PAY00000768,CLM0001034,2025-09-11,47605.14,Completed,Bank Transfer
PAY00000769,CLM0001037,2022-11-17,20266.18,Completed,Bank Transfer
PAY00000770,CLM0001037,2022-11-17,3781.81,Completed,Bank Transfer
PAY00000771,CLM0001038,2023-10-05,2658.6,Completed,Bank Transfer
PAY00000772,CLM0001041,2023-12-11,19525.67,Completed,Online
PAY00000773,CLM0001044,2023-07-28,63892.18,Completed,Bank Transfer
PAY00000774,CLM0001044,2023-07-28,10455.29,Completed,Online
PAY00000775,CLM0001047,2023-01-17,6351.6,Completed,Bank Transfer
PAY00000776,CLM0001047,2023-01-17,4830.83,Completed,Bank Transfer
PAY00000777,CLM0001048,2024-08-31,2029.23,Completed,Bank Transfer
PAY00000778,CLM0001048,2024-08-31,4341.49,Completed,Bank Transfer
PAY00000779,CLM0001050,2024-03-20,25191.89,Completed,Bank Transfer
PAY00000780,CLM0001052,2024-10-13,13532.59,Completed,Bank Transfer
PAY00000781,CLM0001052,2024-10-13,12792.16,Pending,Online
PAY00000782,CLM0001054,2025-09-27,3857.7,Pending,Cheque
PAY00000783,CLM0001055,2024-04-28,18479.1,Completed,Cheque
PAY00000784,CLM0001057,2023-07-06,15869.18,Completed,Online
PAY00000785,CLM0001060,2023-05-20,10880.3,Completed,Online
PAY00000786,CLM0001062,2025-09-02,29087.74,Pending,Cheque
PAY00000787,CLM0001065,2025-11-09,49382.76,Completed,Bank Transfer
PAY00000788,CLM0001066,2022-09-08,4952.47,Completed,Cheque
PAY00000789,CLM0001067,2025-01-24,11521.93,Completed,Bank Transfer
PAY00000790,CLM0001071,2025-06-19,42239.44,Completed,Bank Transfer
PAY00000791,CLM0001072,2022-05-06,3757.89,Completed,Online
PAY00000792,CLM0001074,2022-04-16,2545.69,Completed,Online
PAY00000793,CLM0001074,2022-04-16,29658.52,Completed,Bank Transfer
PAY00000794,CLM0001077,2022-07-21,8640.49,Completed,Bank Transfer
PAY00000795,CLM0001078,2022-08-29,13624.21,Completed,Bank Transfer
PAY00000796,CLM0001080,2025-02-22,48630.26,Completed,Bank Transfer
PAY00000797,CLM0001081,2022-01-11,5119.94,Pending,Online
PAY00000798,CLM0001081,2022-01-11,23479.12,Completed,Online
PAY00000799,CLM0001082,2023-10-09,13086.04,Completed,Online
PAY00000800,CLM0001083,2025-10-19,12946.55,Completed,Bank Transfer
PAY00000801,CLM0001083,2025-10-19,7318.19,Completed,Cheque
PAY00000802,CLM0001084,2022-08-20,17854.36,Completed,Bank Transfer
PAY00000803,CLM0001085,2025-01-29,39095.03,Completed,Online
PAY00000804,CLM0001085,2025-01-29,7893.65,Completed,Bank Transfer
PAY00000805,CLM0001087,2022-01-31,2419.13,Completed,Bank Transfer
PAY00000806,CLM0001088,2023-02-03,8149.63,Pending,Bank Transfer
PAY00000807,CLM0001089,2023-01-30,9065.58,Pending,Bank Transfer
PAY00000808,CLM0001090,2025-04-21,46828.82,Completed,Bank Transfer
PAY00000809,CLM0001092,2025-02-15,7598.61,Completed,Cheque
PAY00000810,CLM0001093,2023-07-12,9137.74,Completed,Online
PAY00000811,CLM0001094,2025-10-09,24112.69,Completed,Online
PAY00000812,CLM0001094,2025-10-09,8140.58,Pending,Bank Transfer
PAY00000813,CLM0001095,2022-11-18,17753.5,Completed,Cheque
PAY00000814,CLM0001100,2024-06-27,58537.48,Completed,Bank Transfer
PAY00000815,CLM0001100,2024-06-27,3399.12,Completed,Bank Transfer
PAY00000816,CLM0001102,2023-06-25,17523.99,Completed,Bank Transfer
PAY00000817,CLM0001104,2024-10-09,9617.47,Completed,Bank Transfer
PAY00000818,CLM0001105,2024-03-03,11530.32,Completed,Bank Transfer
PAY00000819,CLM0001107,2025-01-13,28637.99,Pending,Bank Transfer
PAY00000820,CLM0001108,2024-09-04,11047.52,Completed,Bank Transfer
PAY00000821,CLM0001109,2024-06-02,21001.17,Completed,Bank Transfer
PAY00000822,CLM0001110,2026-10-03,30014.97,Completed,Online
PAY00000823,CLM0001112,2022-06-06,42156.69,Completed,Online
PAY00000824,CLM0001113,2022-05-05,10442.79,Completed,Bank Transfer
PAY00000825,CLM0001115,2024-03-09,20716.64,Completed,Bank Transfer
PAY00000826,CLM0001116,2022-02-20,7619.89,Completed,Bank Transfer
PAY00000827,CLM0001116,2022-02-20,14009.33,Pending,Cheque
PAY00000828,CLM0001118,2023-01-19,8554.6,Completed,Bank Transfer
PAY00000829,CLM0001119,2023-08-30,11144.29,Completed,Bank Transfer
PAY00000830,CLM0001122,2025-09-18,5012.15,Completed,Online
PAY00000831,CLM0001123,2024-06-04,30293.49,Completed,Bank Transfer
PAY00000832,CLM0001124,2022-04-20,29151.05,Completed,Bank Transfer
PAY00000833,CLM0001127,2025-06-19,9086.55,Completed,Bank Transfer
PAY00000834,CLM0001129,2023-01-29,3663.09,Pending,Online
PAY00000835,CLM0001130,2023-12-19,7958.37,Completed,Cheque
PAY00000836,CLM0001132,2024-04-07,17140.68,Completed,Bank Transfer
PAY00000837,CLM0001134,2024-06-01,36868.9,Pending,Cheque
PAY00000838,CLM0001135,2023-05-04,706.04,Completed,Bank Transfer
PAY00000839,CLM0001135,2023-05-04,5791.9,Completed,Bank Transfer
PAY00000840,CLM0001136,2025-08-11,4194.96,Completed,Bank Transfer
PAY00000841,CLM0001137,2023-03-26,3208.99,Completed,Bank Transfer
PAY00000842,CLM0001138,2022-11-22,38638.9,Completed,Bank Transfer
PAY00000843,CLM0001140,2024-12-22,8869.89,Completed,Bank Transfer
PAY00000844,CLM0001142,2022-03-17,196175.12,Completed,Bank Transfer
PAY00000845,CLM0001143,2025-07-05,45743.96,Pending,Online
PAY00000846,CLM0001146,2025-09-21,7275.02,Completed,Bank Transfer
PAY00000847,CLM0001146,2025-09-21,21247,Completed,Online
PAY00000848,CLM0001149,2024-01-01,17044.96,Completed,Bank Transfer
PAY00000849,CLM0001150,2022-04-14,78976.67,Completed,Bank Transfer
PAY00000850,CLM0001155,2024-02-20,8614.97,Completed,Cheque
PAY00000851,CLM0001158,2023-01-04,20947.26,Completed,Bank Transfer
PAY00000852,CLM0001159,2023-05-23,5375.25,Completed,Bank Transfer
PAY00000853,CLM0001159,2023-05-23,9289.65,Completed,Bank Transfer
PAY00000854,CLM0001160,2025-07-13,1130.22,Completed,Cheque
PAY00000855,CLM0001160,2025-07-13,7769.18,Completed,Bank Transfer
PAY00000856,CLM0001162,2025-12-29,123425.64,Completed,Bank Transfer
PAY00000857,CLM0001165,2023-05-21,12092.28,Completed,Bank Transfer
PAY00000858,CLM0001165,2023-05-21,7709.13,Completed,Bank Transfer
PAY00000859,CLM0001166,2022-02-12,149255.79,Completed,Online
PAY00000860,CLM0001167,2024-12-20,26366.44,Completed,Bank Transfer
PAY00000861,CLM0001170,2022-05-18,16340.76,Completed,Cheque
PAY00000862,CLM0001171,2025-03-26,1849.13,Completed,Bank Transfer
PAY00000863,CLM0001171,2025-03-26,13315.29,Completed,Bank Transfer
PAY00000864,CLM0001172,2024-04-03,8058.36,Completed,Bank Transfer
PAY00000865,CLM0001173,2025-05-25,7619.33,Completed,Bank Transfer
PAY00000866,CLM0001175,2024-08-16,38187.31,Completed,Online
PAY00000867,CLM0001177,2025-05-28,9355.75,Pending,Bank Transfer
PAY00000868,CLM0001180,2022-05-18,4020.29,Completed,Cheque
PAY00000869,CLM0001180,2022-05-18,45012.02,Completed,Bank Transfer
PAY00000870,CLM0001182,2023-02-17,37808.71,Completed,Bank Transfer
PAY00000871,CLM0001184,2025-11-17,10635.25,Completed,Online
PAY00000872,CLM0001184,2025-11-17,4224.13,Completed,Bank Transfer
PAY00000873,CLM0001185,2023-03-05,1330.28,Completed,Online
PAY00000874,CLM0001185,2023-03-05,2320.36,Completed,Bank Transfer
PAY00000875,CLM0001187,2026-06-01,3785.79,Completed,Bank Transfer
PAY00000876,CLM0001187,2026-06-01,17763.54,Completed,Bank Transfer
PAY00000877,CLM0001188,2024-12-17,26561.03,Completed,Bank Transfer
PAY00000878,CLM0001188,2024-12-17,5138.25,Completed,Bank Transfer
PAY00000879,CLM0001190,2025-11-12,37247.11,Completed,Bank Transfer
PAY00000880,CLM0001192,2023-03-06,8813.57,Pending,Bank Transfer
PAY00000881,CLM0001193,2025-05-09,336.71,Completed,Bank Transfer
PAY00000882,CLM0001193,2025-05-09,13669.8,Completed,Online
PAY00000883,CLM0001194,2022-10-08,14825.26,Completed,Cheque
PAY00000884,CLM0001194,2022-10-08,20996.85,Completed,Bank Transfer
PAY00000885,CLM0001196,2024-09-09,1840.28,Completed,Bank Transfer
PAY00000886,CLM0001196,2024-09-09,9424.46,Completed,Cheque
PAY00000887,CLM0001198,2023-03-27,8949.44,Completed,Bank Transfer
PAY00000888,CLM0001205,2025-05-09,24333.63,Completed,Bank Transfer
PAY00000889,CLM0001205,2025-05-09,22498.93,Completed,Bank Transfer
PAY00000890,CLM0001206,2025-06-14,67498.52,Pending,Cheque
PAY00000891,CLM0001207,2022-03-05,7280.72,Completed,Bank Transfer
PAY00000892,CLM0001209,2025-10-25,8089.06,Completed,Online
PAY00000893,CLM0001210,2023-05-08,25615.56,Completed,Bank Transfer
PAY00000894,CLM0001212,2023-04-22,6653.96,Pending,Online
PAY00000895,CLM0001213,2024-11-07,11484.11,Completed,Bank Transfer
PAY00000896,CLM0001214,2025-06-18,2594.52,Completed,Bank Transfer
PAY00000897,CLM0001214,2025-06-18,1741.98,Completed,Bank Transfer
PAY00000898,CLM0001215,2023-08-09,12392.28,Completed,Bank Transfer
PAY00000899,CLM0001220,2023-02-19,22228.45,Completed,Cheque
PAY00000900,CLM0001221,2022-08-14,9937.07,Completed,Bank Transfer
PAY00000901,CLM0001221,2022-08-14,8568.2,Completed,Bank Transfer
PAY00000902,CLM0001222,2024-10-31,12564.52,Completed,Bank Transfer
PAY00000903,CLM0001223,2023-09-28,7893.59,Completed,Bank Transfer
PAY00000904,CLM0001226,2024-12-13,11637.43,Completed,Bank Transfer
PAY00000905,CLM0001227,2024-12-28,9732.12,Completed,Bank Transfer
PAY00000906,CLM0001227,2024-12-28,8526.27,Pending,Bank Transfer
PAY00000907,CLM0001232,2022-11-19,6463.3,Completed,Bank Transfer
PAY00000908,CLM0001235,2024-12-12,23241.09,Completed,Cheque
PAY00000909,CLM0001235,2024-12-12,19561.72,Completed,Bank Transfer
PAY00000910,CLM0001236,2025-11-18,10986.97,Completed,Bank Transfer
PAY00000911,CLM0001237,2023-10-08,3263.77,Completed,Bank Transfer
PAY00000912,CLM0001237,2023-10-08,518.38,Completed,Online
PAY00000913,CLM0001238,2023-08-19,3306.37,Completed,Online
PAY00000914,CLM0001239,2024-12-24,42610.01,Completed,Bank Transfer
PAY00000915,CLM0001241,2025-10-24,5874.52,Completed,Bank Transfer
PAY00000916,CLM0001242,2022-12-19,39282.03,Completed,Bank Transfer
PAY00000917,CLM0001244,2022-06-14,6256.21,Completed,Bank Transfer
PAY00000918,CLM0001244,2022-06-14,27643.98,Completed,Bank Transfer
PAY00000919,CLM0001248,2022-11-08,6294.13,Completed,Bank Transfer
PAY00000920,CLM0001250,2025-12-13,17459.02,Completed,Bank Transfer
PAY00000921,CLM0001251,2022-04-21,1082.01,Completed,Bank Transfer
PAY00000922,CLM0001251,2022-04-21,86.45,Completed,Bank Transfer
PAY00000923,CLM0001253,2025-04-07,17988.01,Completed,Bank Transfer
PAY00000924,CLM0001253,2025-04-07,30083.75,Completed,Bank Transfer
PAY00000925,CLM0001254,2022-10-21,9990.54,Completed,Bank Transfer
PAY00000926,CLM0001256,2025-04-15,13952.19,Completed,Bank Transfer
PAY00000927,CLM0001256,2025-04-15,8497.79,Completed,Bank Transfer
PAY00000928,CLM0001258,2024-10-15,9637.33,Completed,Bank Transfer
PAY00000929,CLM0001260,2024-06-02,13680.21,Completed,Online
PAY00000930,CLM0001262,2022-04-30,55298.56,Completed,Bank Transfer
PAY00000931,CLM0001263,2025-01-29,9501.02,Completed,Bank Transfer
PAY00000932,CLM0001264,2023-03-04,31407.47,Completed,Cheque
PAY00000933,CLM0001266,2023-04-17,16761.63,Completed,Bank Transfer
PAY00000934,CLM0001268,2022-09-13,5595.68,Completed,Bank Transfer
PAY00000935,CLM0001269,2022-04-13,14222.95,Completed,Bank Transfer
PAY00000936,CLM0001271,2025-04-21,20261.16,Completed,Cheque
PAY00000937,CLM0001271,2025-04-21,18953.96,Completed,Bank Transfer
PAY00000938,CLM0001273,2026-01-19,62953.21,Completed,Bank Transfer
PAY00000939,CLM0001274,2023-05-06,21895.58,Completed,Online
PAY00000940,CLM0001276,2022-02-20,24179.35,Completed,Bank Transfer
PAY00000941,CLM0001277,2022-11-04,48393.67,Completed,Online
PAY00000942,CLM0001279,2022-07-12,13906.8,Completed,Bank Transfer
PAY00000943,CLM0001280,2023-06-18,10176.75,Completed,Bank Transfer
PAY00000944,CLM0001281,2025-07-31,37312.96,Completed,Bank Transfer
PAY00000945,CLM0001282,2024-12-07,1807.66,Completed,Online
PAY00000946,CLM0001282,2024-12-07,4415.28,Pending,Cheque
PAY00000947,CLM0001285,2024-06-12,18493.56,Completed,Bank Transfer
PAY00000948,CLM0001286,2024-05-06,42379.69,Completed,Bank Transfer
PAY00000949,CLM0001287,2023-02-16,16849.52,Pending,Bank Transfer
PAY00000950,CLM0001288,2024-06-21,1634.68,Completed,Cheque
PAY00000951,CLM0001288,2024-06-21,9944.37,Completed,Bank Transfer
PAY00000952,CLM0001289,2024-07-24,20805.28,Completed,Bank Transfer
PAY00000953,CLM0001290,2023-05-24,7391.4,Completed,Online
PAY00000954,CLM0001290,2023-05-24,2775.38,Completed,Bank Transfer
PAY00000955,CLM0001292,2025-03-02,23144.11,Completed,Bank Transfer
PAY00000956,CLM0001293,2025-08-11,19869.82,Completed,Bank Transfer
PAY00000957,CLM0001294,2024-05-09,127758.89,Completed,Bank Transfer
PAY00000958,CLM0001299,2024-02-10,8828.21,Completed,Bank Transfer
PAY00000959,CLM0001300,2023-12-05,5337.94,Completed,Cheque
PAY00000960,CLM0001301,2025-06-12,12710.7,Completed,Bank Transfer
PAY00000961,CLM0001301,2025-06-12,91792.46,Completed,Bank Transfer
PAY00000962,CLM0001302,2025-01-20,14438.14,Completed,Bank Transfer
PAY00000963,CLM0001303,2022-01-04,45439.49,Completed,Bank Transfer
PAY00000964,CLM0001304,2023-04-19,6058.86,Completed,Bank Transfer
PAY00000965,CLM0001305,2024-08-23,4580.5,Completed,Online
PAY00000966,CLM0001307,2022-11-30,2268.45,Completed,Bank Transfer
PAY00000967,CLM0001307,2022-11-30,4860.66,Completed,Bank Transfer
PAY00000968,CLM0001308,2025-02-10,5521.83,Completed,Online
PAY00000969,CLM0001308,2025-02-10,6076.3,Completed,Bank Transfer
PAY00000970,CLM0001311,2023-03-29,6994.02,Completed,Online
PAY00000971,CLM0001311,2023-03-29,1461.3,Completed,Bank Transfer
PAY00000972,CLM0001315,2023-01-30,18342.19,Completed,Online
PAY00000973,CLM0001316,2023-02-20,1008.14,Completed,Bank Transfer
PAY00000974,CLM0001316,2023-02-20,15901.92,Completed,Bank Transfer
PAY00000975,CLM0001317,2024-04-02,25856.68,Completed,Bank Transfer
PAY00000976,CLM0001318,2024-08-19,10980.34,Completed,Online
PAY00000977,CLM0001322,2024-05-22,1271.05,Completed,Online
PAY00000978,CLM0001322,2024-05-22,3604.29,Completed,Online
PAY00000979,CLM0001324,2025-11-18,12079.17,Completed,Online
PAY00000980,CLM0001325,2024-10-23,23463.91,Completed,Bank Transfer
PAY00000981,CLM0001326,2023-08-03,15110.76,Completed,Bank Transfer
PAY00000982,CLM0001327,2023-08-22,19364.4,Completed,Bank Transfer
PAY00000983,CLM0001327,2023-08-22,35010.9,Completed,Bank Transfer
PAY00000984,CLM0001328,2025-05-06,21103.46,Pending,Bank Transfer
PAY00000985,CLM0001329,2024-12-09,31166.42,Pending,Bank Transfer
PAY00000986,CLM0001330,2024-09-01,84700.3,Completed,Bank Transfer
PAY00000987,CLM0001331,2023-02-08,18416.8,Completed,Online
PAY00000988,CLM0001332,2022-01-12,26224.15,Completed,Bank Transfer
PAY00000989,CLM0001338,2024-03-06,71640.7,Completed,Online
PAY00000990,CLM0001339,2025-01-18,11285.05,Completed,Online
PAY00000991,CLM0001340,2022-06-17,9621.5,Completed,Bank Transfer
PAY00000992,CLM0001341,2023-07-02,8262.31,Completed,Bank Transfer
PAY00000993,CLM0001341,2023-07-02,1209.19,Completed,Bank Transfer
PAY00000994,CLM0001344,2022-03-05,8775.06,Completed,Online
PAY00000995,CLM0001344,2022-03-05,614.62,Completed,Bank Transfer
PAY00000996,CLM0001345,2023-07-09,28401.84,Completed,Online
PAY00000997,CLM0001345,2023-07-09,9971.48,Completed,Bank Transfer
PAY00000998,CLM0001346,2022-11-28,39588.95,Completed,Cheque
PAY00000999,CLM0001347,2024-01-19,37867.56,Completed,Bank Transfer
PAY00001000,CLM0001347,2024-01-19,2614.87,Completed,Bank Transfer
PAY00001001,CLM0001348,2024-11-11,3591.11,Completed,Bank Transfer
PAY00001002,CLM0001348,2024-11-11,8140.51,Pending,Bank Transfer
PAY00001003,CLM0001349,2022-01-05,36507.32,Completed,Bank Transfer
PAY00001004,CLM0001350,2022-08-23,22875.38,Completed,Bank Transfer
PAY00001005,CLM0001350,2022-08-23,8657.59,Completed,Online
PAY00001006,CLM0001351,2023-12-09,21132.13,Pending,Bank Transfer
PAY00001007,CLM0001356,2024-01-30,46891.51,Completed,Cheque
PAY00001008,CLM0001357,2023-04-08,34742.84,Completed,Online
PAY00001009,CLM0001359,2025-05-25,14147.65,Completed,Cheque
PAY00001010,CLM0001365,2022-08-16,71977.31,Completed,Cheque
PAY00001011,CLM0001366,2023-10-03,15940.56,Completed,Bank Transfer
PAY00001012,CLM0001367,2023-02-09,22638.5,Completed,Bank Transfer
PAY00001013,CLM0001368,2026-08-01,30143.55,Completed,Cheque
PAY00001014,CLM0001372,2022-11-03,7192.56,Completed,Bank Transfer
PAY00001015,CLM0001372,2022-11-03,24481.07,Completed,Bank Transfer
PAY00001016,CLM0001373,2023-05-17,33093.92,Completed,Cheque
PAY00001017,CLM0001374,2023-11-17,9210.34,Completed,Cheque
PAY00001018,CLM0001375,2024-02-27,9665.38,Completed,Online
PAY00001019,CLM0001376,2022-08-22,45213.86,Completed,Bank Transfer
PAY00001020,CLM0001377,2023-10-06,5472.69,Completed,Bank Transfer
PAY00001021,CLM0001377,2023-10-06,27398.97,Pending,Bank Transfer
PAY00001022,CLM0001378,2024-05-21,15991.81,Completed,Cheque
PAY00001023,CLM0001381,2025-09-02,36115.19,Completed,Online
PAY00001024,CLM0001381,2025-09-02,4739.1,Completed,Bank Transfer
PAY00001025,CLM0001383,2023-05-02,944.27,Completed,Bank Transfer
PAY00001026,CLM0001383,2023-05-02,3234.02,Completed,Bank Transfer
PAY00001027,CLM0001384,2023-06-19,14225.21,Completed,Bank Transfer
PAY00001028,CLM0001385,2023-07-26,9033.55,Completed,Cheque
PAY00001029,CLM0001386,2025-10-05,12003.65,Completed,Online
PAY00001030,CLM0001388,2025-01-24,69758.24,Completed,Bank Transfer
PAY00001031,CLM0001389,2022-09-05,21647.84,Completed,Bank Transfer
PAY00001032,CLM0001392,2025-07-08,2945.72,Completed,Bank Transfer
PAY00001033,CLM0001397,2023-02-26,29633.96,Completed,Online
PAY00001034,CLM0001402,2022-11-03,63126.83,Completed,Online
PAY00001035,CLM0001403,2025-03-13,34547.6,Pending,Bank Transfer
PAY00001036,CLM0001409,2023-09-09,20790.51,Completed,Bank Transfer
PAY00001037,CLM0001411,2024-04-07,22828.67,Completed,Bank Transfer
PAY00001038,CLM0001412,2024-09-24,20429.43,Completed,Bank Transfer
PAY00001039,CLM0001413,2025-08-14,14278.09,Completed,Bank Transfer
PAY00001040,CLM0001413,2025-08-14,4211.16,Completed,Bank Transfer
PAY00001041,CLM0001414,2022-09-05,35732.44,Completed,Online
PAY00001042,CLM0001416,2025-04-22,830.95,Completed,Bank Transfer
PAY00001043,CLM0001416,2025-04-22,5267.02,Completed,Bank Transfer
PAY00001044,CLM0001417,2024-02-06,33951.16,Completed,Bank Transfer
PAY00001045,CLM0001417,2024-02-06,12893.67,Completed,Bank Transfer
PAY00001046,CLM0001418,2022-09-14,11714.89,Completed,Bank Transfer
PAY00001047,CLM0001418,2022-09-14,2033.09,Completed,Cheque
PAY00001048,CLM0001419,2022-02-20,12471.73,Completed,Bank Transfer
PAY00001049,CLM0001422,2023-12-09,49314.98,Completed,Cheque
PAY00001050,CLM0001422,2023-12-09,3862.15,Completed,Bank Transfer
PAY00001051,CLM0001424,2025-09-25,144523.67,Pending,Bank Transfer
PAY00001052,CLM0001425,2024-02-25,9680.84,Completed,Bank Transfer
PAY00001053,CLM0001425,2024-02-25,1865.66,Completed,Bank Transfer
PAY00001054,CLM0001428,2024-02-11,2726.17,Completed,Bank Transfer
PAY00001055,CLM0001430,2025-08-24,23275.59,Completed,Online
PAY00001056,CLM0001430,2025-08-24,3282.05,Completed,Bank Transfer
PAY00001057,CLM0001431,2023-08-19,3617.92,Completed,Online
PAY00001058,CLM0001433,2022-03-04,34102.41,Completed,Bank Transfer
PAY00001059,CLM0001434,2026-05-03,185404.46,Completed,Bank Transfer
PAY00001060,CLM0001435,2024-03-15,3585.44,Completed,Cheque
PAY00001061,CLM0001438,2023-01-15,19282.21,Completed,Bank Transfer
PAY00001062,CLM0001439,2022-03-02,6281.2,Completed,Cheque
PAY00001063,CLM0001439,2022-03-02,3315.22,Completed,Bank Transfer
PAY00001064,CLM0001440,2023-08-26,8406.32,Completed,Cheque
PAY00001065,CLM0001441,2023-09-15,23475.66,Completed,Cheque
PAY00001066,CLM0001444,2024-05-12,25282.78,Completed,Online
PAY00001067,CLM0001446,2025-10-01,15759.34,Completed,Bank Transfer
PAY00001068,CLM0001447,2025-02-23,2951.09,Completed,Bank Transfer
PAY00001069,CLM0001447,2025-02-23,2184.01,Completed,Bank Transfer
PAY00001070,CLM0001448,2023-04-09,10039.65,Completed,Bank Transfer
PAY00001071,CLM0001450,2024-08-22,26387.72,Completed,Bank Transfer
PAY00001072,CLM0001451,2024-04-07,15185.89,Pending,Bank Transfer
PAY00001073,CLM0001455,2024-08-17,3813.12,Completed,Online
PAY00001074,CLM0001455,2024-08-17,20096.29,Completed,Online
PAY00001075,CLM0001456,2025-12-02,29157.94,Completed,Bank Transfer
PAY00001076,CLM0001458,2026-11-02,19716.62,Completed,Bank Transfer
PAY00001077,CLM0001458,2026-11-02,1298.05,Completed,Online
PAY00001078,CLM0001461,2025-04-21,3801.82,Completed,Cheque
PAY00001079,CLM0001463,2022-02-26,6995.96,Completed,Online
PAY00001080,CLM0001464,2023-03-02,18765.95,Completed,Bank Transfer
PAY00001081,CLM0001465,2023-02-05,10589.61,Completed,Bank Transfer
PAY00001082,CLM0001466,2024-03-13,13247.09,Pending,Bank Transfer
PAY00001083,CLM0001469,2023-08-01,8415.23,Completed,Bank Transfer
PAY00001084,CLM0001469,2023-08-01,1749.59,Completed,Bank Transfer
PAY00001085,CLM0001471,2022-09-22,18642.44,Completed,Bank Transfer
PAY00001086,CLM0001471,2022-09-22,1971.36,Completed,Bank Transfer
PAY00001087,CLM0001474,2023-11-11,1406.52,Completed,Online
PAY00001088,CLM0001474,2023-11-11,9424.72,Pending,Bank Transfer
PAY00001089,CLM0001481,2022-10-23,15490.65,Completed,Bank Transfer
PAY00001090,CLM0001482,2023-12-29,12432.19,Completed,Bank Transfer
PAY00001091,CLM0001487,2024-06-09,29652.72,Completed,Bank Transfer
PAY00001092,CLM0001488,2024-10-21,92620.74,Completed,Online
PAY00001093,CLM0001493,2022-07-29,5724.97,Completed,Online
PAY00001094,CLM0001495,2022-10-03,32582.78,Completed,Bank Transfer
PAY00001095,CLM0001496,2023-12-04,15491.49,Completed,Bank Transfer
PAY00001096,CLM0001496,2023-12-04,2720.01,Completed,Bank Transfer
PAY00001097,CLM0001497,2024-09-06,48594.38,Pending,Bank Transfer
PAY00001098,CLM0001497,2024-09-06,21700.35,Completed,Online
PAY00001099,CLM0001498,2022-06-08,2010.03,Completed,Bank Transfer
PAY00001100,CLM0001498,2022-06-08,281.7,Completed,Bank Transfer
PAY00001101,CLM0001500,2024-07-08,5635.01,Completed,Bank Transfer
PAY00001102,CLM0001504,2024-08-17,4057.76,Completed,Bank Transfer
PAY00001103,CLM0001506,2024-10-29,13449.84,Completed,Bank Transfer
PAY00001104,CLM0001507,2024-07-01,24794.91,Completed,Bank Transfer
PAY00001105,CLM0001508,2023-03-11,9867.78,Completed,Online
PAY00001106,CLM0001515,2023-12-15,15268.72,Pending,Bank Transfer
PAY00001107,CLM0001517,2023-05-31,7775.35,Completed,Bank Transfer
PAY00001108,CLM0001521,2025-08-25,11810.91,Completed,Online
PAY00001109,CLM0001522,2022-06-03,64993.1,Completed,Online
PAY00001110,CLM0001524,2023-09-11,6510.05,Completed,Bank Transfer
PAY00001111,CLM0001526,2023-11-07,31113.21,Completed,Online
PAY00001112,CLM0001527,2023-02-09,14803.79,Pending,Bank Transfer
PAY00001113,CLM0001528,2022-03-09,21293.47,Completed,Bank Transfer
PAY00001114,CLM0001529,2024-07-03,55788.83,Completed,Bank Transfer
PAY00001115,CLM0001530,2023-06-02,44821.72,Completed,Bank Transfer
PAY00001116,CLM0001531,2025-04-27,14773.77,Completed,Bank Transfer
PAY00001117,CLM0001532,2022-10-11,24391.71,Completed,Bank Transfer
PAY00001118,CLM0001533,2024-05-11,2031.65,Completed,Online
PAY00001119,CLM0001533,2024-05-11,866.68,Completed,Online
PAY00001120,CLM0001534,2023-08-15,57.02,Completed,Bank Transfer
PAY00001121,CLM0001534,2023-08-15,39082.18,Completed,Bank Transfer
PAY00001122,CLM0001535,2026-01-16,1012.59,Completed,Bank Transfer
PAY00001123,CLM0001535,2026-01-16,4350.51,Completed,Bank Transfer
PAY00001124,CLM0001536,2025-07-20,20793,Completed,Cheque
PAY00001125,CLM0001536,2025-07-20,5638.6,Completed,Online
PAY00001126,CLM0001538,2025-02-13,24055.59,Completed,Cheque
PAY00001127,CLM0001538,2025-02-13,14749.27,Completed,Bank Transfer
PAY00001128,CLM0001539,2024-09-17,15715.26,Completed,Online
PAY00001129,CLM0001539,2024-09-17,1491.84,Completed,Cheque
PAY00001130,CLM0001544,2024-10-10,2097.28,Completed,Bank Transfer
PAY00001131,CLM0001544,2024-10-10,7219.3,Completed,Bank Transfer
PAY00001132,CLM0001548,2024-09-10,68993.7,Completed,Bank Transfer
PAY00001133,CLM0001552,2023-04-14,99746.96,Completed,Bank Transfer
PAY00001134,CLM0001553,2024-01-31,18687.29,Completed,Bank Transfer
PAY00001135,CLM0001554,2022-08-19,3801.02,Pending,Bank Transfer
PAY00001136,CLM0001556,2022-09-29,15045.67,Completed,Bank Transfer
PAY00001137,CLM0001557,2022-07-10,71.89,Completed,Online
PAY00001138,CLM0001557,2022-07-10,8253.55,Completed,Bank Transfer
PAY00001139,CLM0001559,2023-08-08,21102.19,Completed,Online
PAY00001140,CLM0001560,2022-09-26,9437.86,Completed,Bank Transfer
PAY00001141,CLM0001560,2022-09-26,5507.88,Completed,Bank Transfer
PAY00001142,CLM0001561,2025-01-03,7716.1,Completed,Bank Transfer
PAY00001143,CLM0001563,2025-06-24,35998.85,Completed,Bank Transfer
PAY00001144,CLM0001563,2025-06-24,2289.4,Completed,Bank Transfer
PAY00001145,CLM0001564,2023-06-01,32235.52,Completed,Online
PAY00001146,CLM0001567,2022-12-16,16924.51,Completed,Online
PAY00001147,CLM0001570,2024-07-03,912.61,Completed,Bank Transfer
PAY00001148,CLM0001571,2023-05-30,19474.2,Completed,Online
PAY00001149,CLM0001573,2023-06-15,9943.9,Completed,Bank Transfer
PAY00001150,CLM0001573,2023-06-15,36238.28,Pending,Bank Transfer
PAY00001151,CLM0001574,2023-10-31,6338.49,Completed,Online
PAY00001152,CLM0001575,2022-09-06,15298.05,Pending,Bank Transfer
PAY00001153,CLM0001579,2025-01-26,165411.48,Completed,Cheque
PAY00001154,CLM0001585,2024-03-05,4206.92,Completed,Bank Transfer
PAY00001155,CLM0001585,2024-03-05,801.26,Completed,Cheque
PAY00001156,CLM0001586,2022-05-11,49085.72,Completed,Online
PAY00001157,CLM0001587,2022-10-23,42869.43,Pending,Online
PAY00001158,CLM0001588,2023-06-22,14553.03,Pending,Online
PAY00001159,CLM0001592,2026-02-19,509.88,Completed,Bank Transfer
PAY00001160,CLM0001592,2026-02-19,9648.51,Completed,Bank Transfer
PAY00001161,CLM0001600,2023-12-28,1275.83,Completed,Bank Transfer
PAY00001162,CLM0001600,2023-12-28,21541.8,Completed,Bank Transfer
PAY00001163,CLM0001601,2022-11-16,3210.31,Completed,Bank Transfer
PAY00001164,CLM0001601,2022-11-16,3709.74,Pending,Online
PAY00001165,CLM0001602,2025-01-22,4987.11,Completed,Bank Transfer
PAY00001166,CLM0001602,2025-01-22,20395.44,Completed,Bank Transfer
PAY00001167,CLM0001604,2025-05-23,412.61,Completed,Online
PAY00001168,CLM0001604,2025-05-23,18533.63,Pending,Online
PAY00001169,CLM0001606,2022-10-10,21835.24,Completed,Cheque
PAY00001170,CLM0001608,2024-09-01,10799.39,Completed,Bank Transfer
PAY00001171,CLM0001609,2023-10-19,1400.29,Completed,Bank Transfer
PAY00001172,CLM0001609,2023-10-19,4669.09,Completed,Bank Transfer
PAY00001173,CLM0001610,2023-03-27,5119.69,Completed,Bank Transfer
PAY00001174,CLM0001611,2022-05-31,3025.92,Completed,Bank Transfer
PAY00001175,CLM0001612,2025-11-25,14064.32,Completed,Bank Transfer
PAY00001176,CLM0001614,2024-03-29,14534.92,Completed,Bank Transfer
PAY00001177,CLM0001616,2025-11-03,21184,Completed,Online
PAY00001178,CLM0001622,2024-11-28,380.62,Completed,Bank Transfer
PAY00001179,CLM0001622,2024-11-28,3738.89,Completed,Bank Transfer
PAY00001180,CLM0001629,2025-12-19,15243.11,Completed,Online
PAY00001181,CLM0001632,2023-08-22,3007.74,Completed,Bank Transfer
PAY00001182,CLM0001633,2022-10-18,8452.8,Completed,Online
PAY00001183,CLM0001634,2022-08-31,29573.26,Completed,Online
PAY00001184,CLM0001636,2024-01-01,8941.66,Completed,Cheque
PAY00001185,CLM0001637,2025-10-27,6385.24,Pending,Bank Transfer
PAY00001186,CLM0001637,2025-10-27,4121.07,Completed,Online
PAY00001187,CLM0001639,2023-04-24,8939.26,Completed,Bank Transfer
PAY00001188,CLM0001641,2025-03-09,6043.4,Completed,Bank Transfer
PAY00001189,CLM0001642,2024-11-02,17816.55,Completed,Bank Transfer
PAY00001190,CLM0001643,2025-02-01,7577.31,Completed,Bank Transfer
PAY00001191,CLM0001643,2025-02-01,2017.65,Completed,Bank Transfer
PAY00001192,CLM0001644,2024-10-16,9330.35,Completed,Bank Transfer
PAY00001193,CLM0001647,2023-01-16,17231.43,Completed,Bank Transfer
PAY00001194,CLM0001649,2024-01-13,11726.29,Pending,Online
PAY00001195,CLM0001650,2025-01-17,15843.66,Completed,Online
PAY00001196,CLM0001652,2023-05-01,8329.2,Completed,Bank Transfer
PAY00001197,CLM0001653,2024-02-07,25089.6,Completed,Bank Transfer
PAY00001198,CLM0001654,2023-01-15,35494.01,Completed,Cheque
PAY00001199,CLM0001655,2023-01-06,31124.72,Completed,Online
PAY00001200,CLM0001657,2025-01-26,5591.82,Completed,Bank Transfer
PAY00001201,CLM0001657,2025-01-26,3660.5,Completed,Bank Transfer
PAY00001202,CLM0001658,2023-05-18,12674.95,Completed,Bank Transfer
PAY00001203,CLM0001660,2023-12-26,7199.51,Completed,Bank Transfer
PAY00001204,CLM0001660,2023-12-26,2071.73,Completed,Bank Transfer
PAY00001205,CLM0001661,2025-08-05,9205.63,Completed,Cheque
PAY00001206,CLM0001668,2024-12-19,12137.39,Completed,Bank Transfer
PAY00001207,CLM0001670,2022-10-19,15977.57,Pending,Bank Transfer
PAY00001208,CLM0001671,2024-09-10,9010.51,Completed,Cheque
PAY00001209,CLM0001674,2025-11-16,33903.53,Completed,Bank Transfer
PAY00001210,CLM0001677,2023-08-28,3115.88,Completed,Bank Transfer
PAY00001211,CLM0001677,2023-08-28,11492.86,Pending,Bank Transfer
PAY00001212,CLM0001678,2025-08-03,3579.98,Completed,Online
PAY00001213,CLM0001679,2024-04-07,11233.38,Completed,Bank Transfer
PAY00001214,CLM0001679,2024-04-07,17933.01,Completed,Bank Transfer
PAY00001215,CLM0001680,2024-12-17,9207.21,Completed,Online
PAY00001216,CLM0001680,2024-12-17,9243.64,Completed,Bank Transfer
PAY00001217,CLM0001681,2022-11-12,26015.6,Completed,Bank Transfer
PAY00001218,CLM0001683,2025-07-05,33097.76,Completed,Bank Transfer
PAY00001219,CLM0001683,2025-07-05,3099.62,Completed,Bank Transfer
PAY00001220,CLM0001684,2024-08-25,10867.87,Completed,Online
PAY00001221,CLM0001687,2024-07-22,2334.6,Completed,Bank Transfer
PAY00001222,CLM0001687,2024-07-22,2485.59,Completed,Cheque
PAY00001223,CLM0001688,2023-07-23,11062.18,Completed,Bank Transfer
PAY00001224,CLM0001691,2025-08-03,27668.48,Completed,Bank Transfer
PAY00001225,CLM0001691,2025-08-03,17024.96,Completed,Bank Transfer
PAY00001226,CLM0001695,2025-01-21,18221.71,Completed,Bank Transfer
PAY00001227,CLM0001696,2025-11-16,2806.46,Completed,Bank Transfer
PAY00001228,CLM0001697,2022-08-28,16203.49,Completed,Bank Transfer
PAY00001229,CLM0001698,2025-06-21,9402.16,Completed,Online
PAY00001230,CLM0001698,2025-06-21,2292.06,Completed,Bank Transfer
PAY00001231,CLM0001699,2025-10-08,263.4,Completed,Bank Transfer
PAY00001232,CLM0001699,2025-10-08,9015.66,Completed,Online
PAY00001233,CLM0001700,2024-05-07,3245.18,Completed,Bank Transfer
PAY00001234,CLM0001704,2022-11-05,10673.64,Completed,Online
PAY00001235,CLM0001704,2022-11-05,114.96,Completed,Cheque
PAY00001236,CLM0001706,2025-08-01,5402.66,Completed,Cheque
PAY00001237,CLM0001706,2025-08-01,1673.42,Completed,Bank Transfer
PAY00001238,CLM0001709,2023-07-30,31690.61,Completed,Cheque
PAY00001239,CLM0001712,2025-04-17,47096.04,Completed,Bank Transfer
PAY00001240,CLM0001713,2022-02-20,3196.27,Completed,Bank Transfer
PAY00001241,CLM0001714,2022-07-20,30134.8,Completed,Bank Transfer
PAY00001242,CLM0001715,2024-11-24,56742.95,Completed,Bank Transfer
PAY00001243,CLM0001719,2024-01-03,6125.51,Completed,Bank Transfer
PAY00001244,CLM0001719,2024-01-03,4876.77,Completed,Bank Transfer
PAY00001245,CLM0001722,2023-04-22,6111.11,Completed,Bank Transfer
PAY00001246,CLM0001723,2023-08-20,4854.62,Completed,Bank Transfer
PAY00001247,CLM0001724,2022-05-05,21346.56,Completed,Bank Transfer
PAY00001248,CLM0001725,2024-07-07,3474.69,Completed,Cheque
PAY00001249,CLM0001726,2025-07-27,28668.51,Completed,Bank Transfer
PAY00001250,CLM0001727,2024-12-31,14924.26,Completed,Cheque
PAY00001251,CLM0001727,2024-12-31,13077.8,Completed,Online
PAY00001252,CLM0001728,2022-03-22,14962.08,Completed,Cheque
PAY00001253,CLM0001735,2025-05-08,7566.46,Completed,Bank Transfer
PAY00001254,CLM0001736,2022-12-03,87863.75,Completed,Bank Transfer
PAY00001255,CLM0001737,2025-03-08,19061.49,Completed,Bank Transfer
PAY00001256,CLM0001740,2024-10-29,16554.37,Completed,Bank Transfer
PAY00001257,CLM0001740,2024-10-29,6134.44,Completed,Bank Transfer
PAY00001258,CLM0001743,2023-06-30,46179.6,Completed,Online
PAY00001259,CLM0001743,2023-06-30,17760.52,Completed,Online
PAY00001260,CLM0001746,2023-12-10,19207.53,Completed,Bank Transfer
PAY00001261,CLM0001748,2024-06-18,22657.12,Completed,Bank Transfer
PAY00001262,CLM0001749,2025-04-04,22437.02,Completed,Online
PAY00001263,CLM0001749,2025-04-04,53449.23,Completed,Bank Transfer
PAY00001264,CLM0001750,2022-06-04,55126.39,Completed,Cheque
PAY00001265,CLM0001751,2023-05-18,9332.74,Completed,Online
PAY00001266,CLM0001752,2026-12-01,9213.79,Completed,Online
PAY00001267,CLM0001752,2026-12-01,3428.63,Completed,Online
PAY00001268,CLM0001753,2023-09-26,22826.54,Completed,Online
PAY00001269,CLM0001754,2023-10-25,16693.57,Completed,Bank Transfer
PAY00001270,CLM0001755,2022-09-30,38195.76,Completed,Online
PAY00001271,CLM0001757,2025-12-13,52570.59,Completed,Bank Transfer
PAY00001272,CLM0001758,2023-11-18,13699.17,Completed,Bank Transfer
PAY00001273,CLM0001759,2022-07-19,12757.44,Completed,Bank Transfer
PAY00001274,CLM0001760,2025-11-18,8080.26,Completed,Bank Transfer
PAY00001275,CLM0001760,2025-11-18,4996.86,Completed,Cheque
PAY00001276,CLM0001764,2023-01-22,11112.89,Completed,Bank Transfer
PAY00001277,CLM0001764,2023-01-22,6683.46,Completed,Bank Transfer
PAY00001278,CLM0001765,2022-03-23,3736.01,Completed,Bank Transfer
PAY00001279,CLM0001765,2022-03-23,25340.5,Completed,Bank Transfer
PAY00001280,CLM0001766,2022-10-07,16457,Completed,Cheque
PAY00001281,CLM0001766,2022-10-07,3290.12,Completed,Online
PAY00001282,CLM0001770,2025-06-18,58722.86,Completed,Bank Transfer
PAY00001283,CLM0001772,2025-11-08,3027.05,Completed,Cheque
PAY00001284,CLM0001776,2024-08-28,189.92,Completed,Bank Transfer
PAY00001285,CLM0001776,2024-08-28,11412.95,Completed,Bank Transfer
PAY00001286,CLM0001777,2022-12-21,8293.03,Completed,Cheque
PAY00001287,CLM0001783,2024-11-18,107251.09,Completed,Online
PAY00001288,CLM0001787,2025-04-22,22697.88,Completed,Bank Transfer
PAY00001289,CLM0001787,2025-04-22,46932.11,Completed,Bank Transfer
PAY00001290,CLM0001792,2023-01-27,32073.72,Completed,Bank Transfer
PAY00001291,CLM0001793,2026-06-01,10227.56,Completed,Bank Transfer
PAY00001292,CLM0001795,2022-02-19,22660.15,Completed,Bank Transfer
PAY00001293,CLM0001796,2024-04-02,6698.21,Completed,Bank Transfer
PAY00001294,CLM0001797,2024-04-25,6974.58,Completed,Bank Transfer
PAY00001295,CLM0001798,2023-09-27,4150.32,Completed,Bank Transfer
PAY00001296,CLM0001801,2024-05-19,50027.22,Completed,Bank Transfer
PAY00001297,CLM0001802,2024-03-14,6770.28,Completed,Online
PAY00001298,CLM0001802,2024-03-14,7306.81,Completed,Bank Transfer
PAY00001299,CLM0001804,2022-04-23,42382.52,Completed,Bank Transfer
PAY00001300,CLM0001806,2024-03-01,35665.94,Completed,Bank Transfer
PAY00001301,CLM0001808,2023-09-22,2412.7,Completed,Online
PAY00001302,CLM0001808,2023-09-22,11687.06,Completed,Bank Transfer
PAY00001303,CLM0001809,2024-12-20,5107.23,Completed,Bank Transfer
PAY00001304,CLM0001809,2024-12-20,3980.86,Completed,Online
PAY00001305,CLM0001811,2024-03-15,2595.18,Completed,Bank Transfer
PAY00001306,CLM0001813,2024-06-19,121492.4,Completed,Bank Transfer
PAY00001307,CLM0001814,2023-05-25,14915.08,Completed,Bank Transfer
PAY00001308,CLM0001816,2024-10-28,35034.07,Completed,Online
PAY00001309,CLM0001817,2025-04-15,36639.06,Completed,Bank Transfer
PAY00001310,CLM0001818,2023-06-16,14128.18,Completed,Online
PAY00001311,CLM0001821,2023-10-14,25323.86,Completed,Cheque
PAY00001312,CLM0001822,2023-08-09,15031.32,Completed,Bank Transfer
PAY00001313,CLM0001822,2023-08-09,574.94,Completed,Bank Transfer
PAY00001314,CLM0001824,2025-05-27,14098.83,Completed,Bank Transfer
PAY00001315,CLM0001826,2024-06-06,48293.58,Completed,Bank Transfer
PAY00001316,CLM0001826,2024-06-06,3280.91,Completed,Cheque
PAY00001317,CLM0001827,2022-07-31,12534.57,Pending,Bank Transfer
PAY00001318,CLM0001828,2022-10-28,3303.06,Completed,Bank Transfer
PAY00001319,CLM0001828,2022-10-28,5048.92,Completed,Bank Transfer
PAY00001320,CLM0001830,2024-02-26,46662.8,Completed,Bank Transfer
PAY00001321,CLM0001831,2024-10-14,16889.6,Completed,Bank Transfer
PAY00001322,CLM0001831,2024-10-14,5307.74,Completed,Online
PAY00001323,CLM0001832,2024-09-21,4197.51,Completed,Bank Transfer
PAY00001324,CLM0001832,2024-09-21,1266.48,Completed,Bank Transfer
PAY00001325,CLM0001833,2024-01-10,10681.66,Completed,Cheque
PAY00001326,CLM0001835,2022-02-03,30773.04,Completed,Bank Transfer
PAY00001327,CLM0001838,2025-04-18,9899.59,Completed,Bank Transfer
PAY00001328,CLM0001838,2025-04-18,20213.64,Completed,Online
PAY00001329,CLM0001842,2025-06-12,7099.12,Completed,Bank Transfer
PAY00001330,CLM0001844,2025-04-05,10167.28,Completed,Bank Transfer
PAY00001331,CLM0001846,2024-10-12,25579.18,Completed,Bank Transfer
PAY00001332,CLM0001847,2025-11-12,8288.07,Completed,Bank Transfer
PAY00001333,CLM0001848,2025-06-25,17858.13,Completed,Online
PAY00001334,CLM0001851,2025-08-03,7713.21,Completed,Bank Transfer
PAY00001335,CLM0001854,2024-07-26,46518.48,Completed,Bank Transfer
PAY00001336,CLM0001855,2023-01-03,11815.91,Completed,Bank Transfer
PAY00001337,CLM0001856,2022-12-25,1485.44,Completed,Bank Transfer
PAY00001338,CLM0001857,2025-09-17,5635.93,Completed,Bank Transfer
PAY00001339,CLM0001858,2022-12-04,65759.74,Completed,Bank Transfer
PAY00001340,CLM0001860,2025-02-23,9126.07,Completed,Online
PAY00001341,CLM0001860,2025-02-23,10997.44,Pending,Online
PAY00001342,CLM0001863,2023-08-12,39605.06,Completed,Bank Transfer
PAY00001343,CLM0001864,2025-04-07,8567.38,Completed,Cheque
PAY00001344,CLM0001865,2024-06-28,6748.22,Completed,Bank Transfer
PAY00001345,CLM0001866,2022-11-14,27264.79,Completed,Online
PAY00001346,CLM0001868,2025-03-31,25193.13,Completed,Online
PAY00001347,CLM0001869,2022-05-12,17208.89,Pending,Bank Transfer
PAY00001348,CLM0001872,2024-02-20,16200.64,Completed,Bank Transfer
PAY00001349,CLM0001875,2022-05-22,32886.34,Pending,Bank Transfer
PAY00001350,CLM0001878,2026-01-23,25886.04,Completed,Bank Transfer
PAY00001351,CLM0001880,2025-08-28,8847.07,Completed,Bank Transfer
PAY00001352,CLM0001883,2025-04-24,8171.47,Completed,Bank Transfer
PAY00001353,CLM0001884,2024-06-13,22757.42,Completed,Bank Transfer
PAY00001354,CLM0001887,2023-06-15,20848.24,Completed,Bank Transfer
PAY00001355,CLM0001889,2022-07-22,7119.31,Completed,Bank Transfer
PAY00001356,CLM0001890,2023-03-22,6931.33,Completed,Bank Transfer
PAY00001357,CLM0001890,2023-03-22,264.21,Completed,Cheque
PAY00001358,CLM0001893,2024-07-16,9334.75,Completed,Bank Transfer
PAY00001359,CLM0001894,2024-11-10,19434.93,Completed,Bank Transfer
PAY00001360,CLM0001896,2024-06-23,12772.96,Completed,Bank Transfer
PAY00001361,CLM0001896,2024-06-23,8107.7,Completed,Bank Transfer
PAY00001362,CLM0001897,2023-10-17,17936.92,Completed,Bank Transfer
PAY00001363,CLM0001897,2023-10-17,59892.65,Completed,Cheque
PAY00001364,CLM0001898,2024-01-14,28745.35,Completed,Bank Transfer
PAY00001365,CLM0001898,2024-01-14,3471.6,Completed,Online
PAY00001366,CLM0001900,2025-12-08,32808.41,Pending,Bank Transfer
PAY00001367,CLM0001900,2025-12-08,21124.52,Completed,Bank Transfer
PAY00001368,CLM0001901,2023-01-09,53623.34,Completed,Bank Transfer
PAY00001369,CLM0001903,2022-05-10,38156.15,Completed,Bank Transfer
PAY00001370,CLM0001904,2024-07-19,55985.14,Completed,Online
PAY00001371,CLM0001905,2025-01-19,31487.69,Completed,Cheque
PAY00001372,CLM0001906,2023-08-15,6219.94,Completed,Bank Transfer
PAY00001373,CLM0001906,2023-08-15,1360.81,Completed,Bank Transfer
PAY00001374,CLM0001911,2024-09-29,147145.76,Completed,Cheque
PAY00001375,CLM0001914,2024-12-22,5712.27,Completed,Bank Transfer
PAY00001376,CLM0001914,2024-12-22,5332.6,Completed,Bank Transfer
PAY00001377,CLM0001915,2023-10-16,32931.94,Completed,Bank Transfer
PAY00001378,CLM0001917,2022-04-11,20460.39,Completed,Bank Transfer
PAY00001379,CLM0001918,2024-04-17,21768.59,Completed,Bank Transfer
PAY00001380,CLM0001918,2024-04-17,4151.02,Completed,Bank Transfer
PAY00001381,CLM0001919,2022-09-19,1274.57,Completed,Bank Transfer
PAY00001382,CLM0001919,2022-09-19,2882.48,Completed,Bank Transfer
PAY00001383,CLM0001920,2023-05-25,10757.94,Completed,Cheque
PAY00001384,CLM0001922,2022-07-31,37265.26,Completed,Bank Transfer
PAY00001385,CLM0001925,2024-05-25,65419.27,Completed,Bank Transfer
PAY00001386,CLM0001926,2024-10-10,7360.17,Completed,Bank Transfer
PAY00001387,CLM0001927,2022-05-15,8135,Completed,Online
PAY00001388,CLM0001928,2024-01-11,137230.02,Completed,Bank Transfer
PAY00001389,CLM0001930,2025-02-17,5755.09,Completed,Bank Transfer
PAY00001390,CLM0001930,2025-02-17,2087.39,Completed,Cheque
PAY00001391,CLM0001932,2022-10-15,6104.23,Completed,Cheque
PAY00001392,CLM0001933,2024-07-25,11573.91,Pending,Bank Transfer
PAY00001393,CLM0001934,2023-08-18,17571.34,Completed,Bank Transfer
PAY00001394,CLM0001935,2025-05-08,29033.05,Completed,Online
PAY00001395,CLM0001936,2024-06-09,13331.3,Pending,Bank Transfer
PAY00001396,CLM0001937,2025-04-14,13642.71,Pending,Bank Transfer
PAY00001397,CLM0001938,2024-04-22,36643.67,Completed,Online
PAY00001398,CLM0001939,2024-05-30,20431.69,Completed,Bank Transfer
PAY00001399,CLM0001940,2023-02-04,22212.36,Completed,Bank Transfer
PAY00001400,CLM0001941,2022-01-11,10702.35,Completed,Bank Transfer
PAY00001401,CLM0001945,2023-10-27,12873.75,Completed,Online
PAY00001402,CLM0001946,2022-06-08,4548.51,Completed,Bank Transfer
PAY00001403,CLM0001946,2022-06-08,2340.33,Completed,Bank Transfer
PAY00001404,CLM0001947,2025-10-25,7181.18,Pending,Bank Transfer
PAY00001405,CLM0001947,2025-10-25,1716.96,Completed,Cheque
PAY00001406,CLM0001948,2023-07-12,6821.65,Completed,Online
PAY00001407,CLM0001949,2023-05-06,32601.49,Pending,Bank Transfer
PAY00001408,CLM0001949,2023-05-06,1342.08,Completed,Bank Transfer
PAY00001409,CLM0001950,2025-04-18,28882.4,Completed,Bank Transfer
PAY00001410,CLM0001951,2023-04-15,18215.39,Completed,Cheque
PAY00001411,CLM0001952,2022-03-05,41867.12,Completed,Bank Transfer
PAY00001412,CLM0001954,2024-03-31,21108.15,Completed,Bank Transfer
PAY00001413,CLM0001955,2023-09-18,14283.52,Completed,Online
PAY00001414,CLM0001957,2024-11-05,14638.52,Completed,Bank Transfer
PAY00001415,CLM0001958,2024-01-30,1017.99,Completed,Bank Transfer
PAY00001416,CLM0001958,2024-01-30,1923.05,Completed,Online
PAY00001417,CLM0001959,2025-07-29,11231.34,Completed,Bank Transfer
PAY00001418,CLM0001960,2024-02-21,13834.16,Completed,Bank Transfer
PAY00001419,CLM0001963,2023-07-10,38848.7,Completed,Bank Transfer
PAY00001420,CLM0001966,2024-04-23,2342.58,Completed,Bank Transfer
PAY00001421,CLM0001966,2024-04-23,3256.71,Completed,Bank Transfer
PAY00001422,CLM0001967,2025-07-23,109905.93,Completed,Bank Transfer
PAY00001423,CLM0001967,2025-07-23,5609.82,Completed,Bank Transfer
PAY00001424,CLM0001968,2023-10-01,8441.48,Completed,Bank Transfer
PAY00001425,CLM0001968,2023-10-01,43076.4,Completed,Bank Transfer
PAY00001426,CLM0001969,2025-09-12,26440.1,Completed,Bank Transfer
PAY00001427,CLM0001973,2022-09-26,17434.04,Completed,Online
PAY00001428,CLM0001974,2025-05-29,14348.76,Completed,Bank Transfer
PAY00001429,CLM0001974,2025-05-29,20599.12,Completed,Cheque
PAY00001430,CLM0001976,2025-02-15,5195.39,Completed,Bank Transfer
PAY00001431,CLM0001978,2023-12-07,41469.2,Completed,Bank Transfer
PAY00001432,CLM0001979,2025-09-25,14550.32,Completed,Bank Transfer
PAY00001433,CLM0001980,2024-08-03,9621.17,Completed,Bank Transfer
PAY00001434,CLM0001983,2023-06-13,554.15,Completed,Bank Transfer
PAY00001435,CLM0001983,2023-06-13,5774.39,Completed,Bank Transfer
PAY00001436,CLM0001985,2023-12-10,18398.57,Completed,Bank Transfer
PAY00001437,CLM0001988,2024-11-16,3297.31,Completed,Bank Transfer
PAY00001438,CLM0001988,2024-11-16,6268.62,Pending,Online
PAY00001439,CLM0001991,2023-06-13,10211.36,Completed,Bank Transfer
PAY00001440,CLM0001993,2022-04-05,198683.39,Completed,Online
PAY00001441,CLM0001994,2023-09-18,113104.5,Completed,Bank Transfer
PAY00001442,CLM0001996,2023-05-08,13106.43,Completed,Online
PAY00001443,CLM0001997,2025-06-01,60690.51,Completed,Online
PAY00001444,CLM0001998,2024-03-08,3597.86,Completed,Bank Transfer
PAY00001445,CLM0002003,2023-12-10,6938.73,Completed,Online
PAY00001446,CLM0002004,2023-02-03,2686.55,Completed,Bank Transfer
PAY00001447,CLM0002004,2023-02-03,6949.56,Completed,Online
PAY00001448,CLM0002007,2022-12-17,12505.74,Completed,Bank Transfer
PAY00001449,CLM0002007,2022-12-17,19411.4,Completed,Online
PAY00001450,CLM0002008,2022-06-13,18086.63,Completed,Bank Transfer
PAY00001451,CLM0002008,2022-06-13,18867.92,Completed,Cheque
PAY00001452,CLM0002010,2024-10-09,13926.59,Completed,Bank Transfer
PAY00001453,CLM0002011,2025-09-13,10241.77,Completed,Bank Transfer
PAY00001454,CLM0002011,2025-09-13,9742.41,Completed,Bank Transfer
PAY00001455,CLM0002012,2022-04-15,24926.97,Completed,Online
PAY00001456,CLM0002015,2024-08-22,12718.24,Completed,Bank Transfer
PAY00001457,CLM0002016,2024-08-30,14198.23,Completed,Bank Transfer
PAY00001458,CLM0002017,2025-11-14,14598.54,Completed,Bank Transfer
PAY00001459,CLM0002017,2025-11-14,14541.95,Completed,Online
PAY00001460,CLM0002018,2023-12-10,24196.8,Completed,Bank Transfer
PAY00001461,CLM0002019,2024-07-23,7449.44,Completed,Bank Transfer
PAY00001462,CLM0002020,2023-03-07,27725.11,Pending,Bank Transfer
PAY00001463,CLM0002021,2023-01-30,4854.82,Completed,Bank Transfer
PAY00001464,CLM0002022,2024-11-04,9033.1,Completed,Bank Transfer
PAY00001465,CLM0002022,2024-11-04,2955.9,Completed,Bank Transfer
PAY00001466,CLM0002024,2022-03-30,10141.34,Completed,Bank Transfer
PAY00001467,CLM0002025,2023-01-03,28586.71,Completed,Bank Transfer
PAY00001468,CLM0002026,2023-08-23,29097.84,Completed,Bank Transfer
PAY00001469,CLM0002027,2025-12-26,6666.53,Completed,Bank Transfer
PAY00001470,CLM0002027,2025-12-26,6428.72,Completed,Bank Transfer
PAY00001471,CLM0002028,2023-05-27,41878.98,Completed,Bank Transfer
PAY00001472,CLM0002029,2024-04-15,1963.57,Completed,Online
PAY00001473,CLM0002030,2025-08-24,7610.66,Completed,Bank Transfer
PAY00001474,CLM0002031,2022-12-31,7864.74,Completed,Bank Transfer
PAY00001475,CLM0002031,2022-12-31,4057.42,Completed,Online
PAY00001476,CLM0002032,2022-06-14,14915.39,Completed,Bank Transfer
PAY00001477,CLM0002033,2023-06-20,13879.4,Completed,Online
PAY00001478,CLM0002034,2022-12-26,12352.42,Completed,Bank Transfer
PAY00001479,CLM0002035,2024-06-02,17272.01,Completed,Bank Transfer
PAY00001480,CLM0002037,2025-04-01,7120.14,Completed,Online
PAY00001481,CLM0002039,2022-05-14,14113.19,Completed,Online
PAY00001482,CLM0002040,2024-09-03,2472.01,Completed,Bank Transfer
PAY00001483,CLM0002040,2024-09-03,9824.05,Completed,Bank Transfer
PAY00001484,CLM0002041,2025-08-24,3805.67,Completed,Online
PAY00001485,CLM0002042,2023-05-24,1966.51,Completed,Online
PAY00001486,CLM0002042,2023-05-24,5103.3,Pending,Bank Transfer
PAY00001487,CLM0002043,2022-05-25,36046.45,Pending,Bank Transfer
PAY00001488,CLM0002045,2025-04-25,7298.28,Completed,Online
PAY00001489,CLM0002046,2023-05-16,3289.98,Completed,Bank Transfer
PAY00001490,CLM0002046,2023-05-16,2024.48,Completed,Bank Transfer
PAY00001491,CLM0002048,2024-04-12,6439.75,Completed,Bank Transfer
PAY00001492,CLM0002049,2025-09-11,21599.87,Completed,Bank Transfer
PAY00001493,CLM0002053,2023-09-08,17030.88,Pending,Online
PAY00001494,CLM0002054,2023-07-14,41295.97,Completed,Bank Transfer
PAY00001495,CLM0002056,2022-01-06,32875.57,Completed,Bank Transfer
PAY00001496,CLM0002057,2025-08-22,13037.31,Completed,Bank Transfer
PAY00001497,CLM0002058,2025-03-20,3140.27,Completed,Bank Transfer
PAY00001498,CLM0002059,2022-09-22,7987.64,Completed,Bank Transfer
PAY00001499,CLM0002059,2022-09-22,334.38,Completed,Cheque
PAY00001500,CLM0002060,2026-01-26,23001.74,Pending,Online
PAY00001501,CLM0002060,2026-01-26,13311.62,Completed,Bank Transfer
PAY00001502,CLM0002061,2023-02-08,54101.33,Completed,Bank Transfer
PAY00001503,CLM0002063,2022-03-27,50210.53,Completed,Bank Transfer
PAY00001504,CLM0002063,2022-03-27,6528.43,Completed,Bank Transfer
PAY00001505,CLM0002065,2024-07-23,17344.72,Completed,Bank Transfer
PAY00001506,CLM0002066,2022-11-29,5717.18,Completed,Online
PAY00001507,CLM0002068,2023-05-23,3210.92,Completed,Bank Transfer
PAY00001508,CLM0002068,2023-05-23,1434.87,Completed,Bank Transfer
PAY00001509,CLM0002069,2022-08-06,14849.27,Completed,Bank Transfer
PAY00001510,CLM0002070,2023-04-11,26544.7,Completed,Bank Transfer
PAY00001511,CLM0002072,2024-01-25,3960.49,Completed,Bank Transfer
PAY00001512,CLM0002072,2024-01-25,1118.54,Completed,Online
PAY00001513,CLM0002075,2023-01-11,17317.19,Completed,Bank Transfer
PAY00001514,CLM0002076,2022-08-03,6028.75,Completed,Bank Transfer
PAY00001515,CLM0002076,2022-08-03,19628.85,Completed,Online
PAY00001516,CLM0002078,2024-06-28,2446.81,Completed,Bank Transfer
PAY00001517,CLM0002078,2024-06-28,24235.65,Completed,Online
PAY00001518,CLM0002080,2024-09-20,34618.78,Completed,Bank Transfer
PAY00001519,CLM0002080,2024-09-20,32285.01,Completed,Online
PAY00001520,CLM0002082,2026-02-16,12628.7,Completed,Bank Transfer
PAY00001521,CLM0002083,2026-01-30,8262.43,Completed,Cheque
PAY00001522,CLM0002084,2023-06-29,4484.52,Completed,Online
PAY00001523,CLM0002084,2023-06-29,4868.82,Completed,Bank Transfer
PAY00001524,CLM0002085,2024-02-01,17667.85,Completed,Bank Transfer
PAY00001525,CLM0002089,2025-03-23,7278.66,Completed,Bank Transfer
PAY00001526,CLM0002092,2023-02-23,5877.24,Completed,Bank Transfer
PAY00001527,CLM0002093,2025-06-19,15079.37,Pending,Bank Transfer
PAY00001528,CLM0002095,2022-11-14,17726.65,Completed,Online
PAY00001529,CLM0002096,2023-07-19,51522.07,Completed,Bank Transfer
PAY00001530,CLM0002096,2023-07-19,175222.07,Completed,Bank Transfer
PAY00001531,CLM0002103,2025-01-11,9163.08,Completed,Online
PAY00001532,CLM0002104,2023-07-27,71171.6,Completed,Bank Transfer
PAY00001533,CLM0002107,2023-04-27,2963.9,Completed,Online
PAY00001534,CLM0002108,2023-10-14,4035.07,Completed,Bank Transfer
PAY00001535,CLM0002108,2023-10-14,3522.66,Completed,Bank Transfer
PAY00001536,CLM0002109,2023-01-25,67165.64,Pending,Bank Transfer
PAY00001537,CLM0002109,2023-01-25,52107.66,Completed,Cheque
PAY00001538,CLM0002110,2022-06-05,17360.71,Completed,Bank Transfer
PAY00001539,CLM0002111,2023-12-19,2709.31,Completed,Online
PAY00001540,CLM0002112,2023-01-07,271.85,Completed,Online
PAY00001541,CLM0002112,2023-01-07,1825.02,Completed,Bank Transfer
PAY00001542,CLM0002113,2025-03-08,6655.25,Completed,Bank Transfer
PAY00001543,CLM0002114,2022-06-05,11965.88,Completed,Online
PAY00001544,CLM0002115,2025-06-27,6364.49,Completed,Bank Transfer
PAY00001545,CLM0002115,2025-06-27,4105.98,Completed,Bank Transfer
PAY00001546,CLM0002116,2025-08-30,6801.82,Completed,Bank Transfer
PAY00001547,CLM0002116,2025-08-30,17971.75,Completed,Bank Transfer
PAY00001548,CLM0002120,2023-06-16,5727.69,Completed,Bank Transfer
PAY00001549,CLM0002120,2023-06-16,5123.53,Completed,Bank Transfer
PAY00001550,CLM0002122,2025-08-02,9338.83,Completed,Bank Transfer
PAY00001551,CLM0002129,2025-10-19,20563.76,Completed,Bank Transfer
PAY00001552,CLM0002131,2023-06-17,7603.06,Completed,Cheque
PAY00001553,CLM0002131,2023-06-17,333.25,Completed,Bank Transfer
PAY00001554,CLM0002133,2022-06-26,18380.78,Completed,Cheque
PAY00001555,CLM0002135,2023-09-10,1874.09,Completed,Online
PAY00001556,CLM0002135,2023-09-10,3529.52,Pending,Cheque
PAY00001557,CLM0002137,2024-06-28,9964.46,Completed,Bank Transfer
PAY00001558,CLM0002137,2024-06-28,23857.48,Completed,Bank Transfer
PAY00001559,CLM0002139,2025-08-05,3437.23,Completed,Bank Transfer
PAY00001560,CLM0002139,2025-08-05,1749,Completed,Online
PAY00001561,CLM0002140,2024-03-17,30675.56,Completed,Online
PAY00001562,CLM0002142,2023-01-23,12028.12,Completed,Bank Transfer
PAY00001563,CLM0002145,2025-11-15,32861.24,Completed,Bank Transfer
PAY00001564,CLM0002146,2022-10-17,33282.24,Completed,Bank Transfer
PAY00001565,CLM0002149,2023-01-09,18939.71,Completed,Bank Transfer
PAY00001566,CLM0002149,2023-01-09,1442.88,Completed,Bank Transfer
PAY00001567,CLM0002150,2025-12-18,12010.08,Completed,Online
PAY00001568,CLM0002152,2023-02-23,8726.4,Completed,Bank Transfer
PAY00001569,CLM0002152,2023-02-23,8052.97,Pending,Bank Transfer
PAY00001570,CLM0002153,2024-08-19,18374.46,Completed,Bank Transfer
PAY00001571,CLM0002154,2025-06-02,13248.16,Completed,Bank Transfer
PAY00001572,CLM0002155,2025-11-15,11695.23,Completed,Bank Transfer
PAY00001573,CLM0002156,2025-10-22,1287.16,Completed,Bank Transfer
PAY00001574,CLM0002156,2025-10-22,4827.03,Completed,Online
PAY00001575,CLM0002160,2024-05-19,36518.95,Completed,Bank Transfer
PAY00001576,CLM0002165,2022-04-26,22209.87,Completed,Bank Transfer
PAY00001577,CLM0002166,2022-03-05,53308.3,Completed,Online
PAY00001578,CLM0002170,2025-10-02,83813.89,Completed,Online
PAY00001579,CLM0002171,2022-07-06,9001.12,Completed,Bank Transfer
PAY00001580,CLM0002173,2024-02-03,2642.48,Completed,Bank Transfer
PAY00001581,CLM0002173,2024-02-03,982.49,Pending,Bank Transfer
PAY00001582,CLM0002177,2023-05-24,42302.92,Completed,Bank Transfer
PAY00001583,CLM0002179,2025-12-15,32110.49,Completed,Bank Transfer
PAY00001584,CLM0002181,2023-08-30,41248.02,Completed,Bank Transfer
PAY00001585,CLM0002186,2022-12-06,49242.03,Completed,Bank Transfer
PAY00001586,CLM0002190,2024-09-27,12852.26,Completed,Bank Transfer
PAY00001587,CLM0002192,2025-05-20,13740.89,Completed,Bank Transfer
PAY00001588,CLM0002193,2024-03-26,2880.01,Completed,Bank Transfer
PAY00001589,CLM0002193,2024-03-26,441.38,Completed,Cheque
PAY00001590,CLM0002194,2022-03-10,7142.85,Completed,Bank Transfer
PAY00001591,CLM0002197,2022-03-11,23126.36,Completed,Online
PAY00001592,CLM0002202,2025-11-04,12713.75,Completed,Bank Transfer
PAY00001593,CLM0002202,2025-11-04,869.02,Completed,Bank Transfer
PAY00001594,CLM0002208,2025-04-21,19054.5,Completed,Bank Transfer
PAY00001595,CLM0002210,2024-01-03,302.21,Completed,Online
PAY00001596,CLM0002210,2024-01-03,6959.91,Completed,Online
PAY00001597,CLM0002212,2025-04-28,2.91,Completed,Bank Transfer
PAY00001598,CLM0002212,2025-04-28,2829.9,Completed,Online
PAY00001599,CLM0002213,2023-02-28,28448.84,Completed,Bank Transfer
PAY00001600,CLM0002213,2023-02-28,34969.15,Completed,Bank Transfer
PAY00001601,CLM0002214,2023-06-24,14371.75,Completed,Bank Transfer
PAY00001602,CLM0002215,2023-08-05,13693.09,Completed,Bank Transfer
PAY00001603,CLM0002215,2023-08-05,881.33,Completed,Bank Transfer
PAY00001604,CLM0002216,2022-06-11,10928.72,Pending,Bank Transfer
PAY00001605,CLM0002217,2023-06-21,804.06,Pending,Bank Transfer
PAY00001606,CLM0002217,2023-06-21,6285.11,Completed,Bank Transfer
PAY00001607,CLM0002219,2023-03-05,12922.16,Completed,Bank Transfer
PAY00001608,CLM0002222,2024-09-30,4991.95,Completed,Online
PAY00001609,CLM0002223,2024-09-20,11382.2,Pending,Bank Transfer
PAY00001610,CLM0002225,2023-06-19,11793.53,Completed,Bank Transfer
PAY00001611,CLM0002226,2023-08-13,24250.12,Completed,Online
PAY00001612,CLM0002229,2023-06-15,29602.48,Completed,Bank Transfer
PAY00001613,CLM0002229,2023-06-15,8446.59,Completed,Bank Transfer
PAY00001614,CLM0002230,2024-06-04,41388.8,Pending,Bank Transfer
PAY00001615,CLM0002231,2022-06-13,5097.68,Completed,Bank Transfer
PAY00001616,CLM0002231,2022-06-13,14776.52,Completed,Bank Transfer
PAY00001617,CLM0002234,2024-12-18,5680.18,Completed,Bank Transfer
PAY00001618,CLM0002236,2025-05-21,29343.98,Completed,Bank Transfer
PAY00001619,CLM0002238,2022-12-10,18591.63,Completed,Bank Transfer
PAY00001620,CLM0002239,2024-10-22,34563.9,Completed,Bank Transfer
PAY00001621,CLM0002244,2023-07-30,6500.57,Completed,Bank Transfer
PAY00001622,CLM0002244,2023-07-30,6973.96,Completed,Bank Transfer
PAY00001623,CLM0002246,2023-12-09,7469.24,Pending,Bank Transfer
PAY00001624,CLM0002247,2025-01-19,162253.07,Completed,Online
PAY00001625,CLM0002248,2022-12-07,29360.6,Completed,Online
PAY00001626,CLM0002249,2026-05-01,12571.93,Completed,Online
PAY00001627,CLM0002251,2023-01-25,29132.41,Completed,Bank Transfer
PAY00001628,CLM0002252,2025-08-20,14721.89,Pending,Bank Transfer
PAY00001629,CLM0002253,2025-08-04,23069.71,Pending,Bank Transfer
PAY00001630,CLM0002254,2024-01-29,6819.01,Completed,Online
PAY00001631,CLM0002256,2024-07-16,38749.15,Completed,Bank Transfer
PAY00001632,CLM0002259,2022-03-03,50315.5,Completed,Bank Transfer
PAY00001633,CLM0002259,2022-03-03,12013.11,Completed,Bank Transfer
PAY00001634,CLM0002260,2023-03-16,5001.3,Completed,Bank Transfer
PAY00001635,CLM0002260,2023-03-16,16234.92,Completed,Bank Transfer
PAY00001636,CLM0002262,2022-01-05,16875.63,Completed,Bank Transfer
PAY00001637,CLM0002263,2025-01-15,9362.5,Completed,Bank Transfer
PAY00001638,CLM0002265,2022-06-19,78968.93,Completed,Online
PAY00001639,CLM0002265,2022-06-19,66541.24,Completed,Bank Transfer
PAY00001640,CLM0002266,2025-03-04,65930.68,Completed,Cheque
PAY00001641,CLM0002266,2025-03-04,79151.37,Completed,Bank Transfer
PAY00001642,CLM0002267,2025-07-29,15732.21,Pending,Bank Transfer
PAY00001643,CLM0002270,2023-04-20,66502.73,Completed,Bank Transfer
PAY00001644,CLM0002272,2025-02-28,5983.82,Completed,Bank Transfer
PAY00001645,CLM0002274,2025-08-16,21940.71,Completed,Cheque
PAY00001646,CLM0002275,2023-12-27,5564.87,Completed,Bank Transfer
PAY00001647,CLM0002276,2024-01-31,22052.35,Completed,Bank Transfer
PAY00001648,CLM0002279,2025-11-16,12170.03,Completed,Bank Transfer
PAY00001649,CLM0002279,2025-11-16,2766.61,Completed,Bank Transfer
PAY00001650,CLM0002280,2025-03-17,11122.97,Completed,Bank Transfer
PAY00001651,CLM0002280,2025-03-17,19052.99,Completed,Cheque
PAY00001652,CLM0002281,2025-02-11,8637.96,Completed,Online
PAY00001653,CLM0002282,2023-08-22,7812.56,Completed,Bank Transfer
PAY00001654,CLM0002283,2024-07-17,26460.2,Completed,Bank Transfer
PAY00001655,CLM0002284,2023-11-04,23608.52,Completed,Online
PAY00001656,CLM0002285,2022-06-21,19640.78,Completed,Cheque
PAY00001657,CLM0002286,2024-11-21,5632.64,Completed,Online
PAY00001658,CLM0002286,2024-11-21,2012.29,Completed,Online
PAY00001659,CLM0002287,2022-04-20,48420.17,Completed,Bank Transfer
PAY00001660,CLM0002289,2023-06-13,27253.92,Completed,Bank Transfer
PAY00001661,CLM0002289,2023-06-13,17329.39,Completed,Online
PAY00001662,CLM0002291,2024-12-16,6823.84,Completed,Cheque
PAY00001663,CLM0002292,2022-12-17,7604.31,Completed,Bank Transfer
PAY00001664,CLM0002292,2022-12-17,1456.83,Completed,Bank Transfer
PAY00001665,CLM0002293,2023-07-04,2654.58,Completed,Bank Transfer
PAY00001666,CLM0002293,2023-07-04,24990.17,Pending,Bank Transfer
PAY00001667,CLM0002294,2022-02-17,6822.22,Completed,Bank Transfer
PAY00001668,CLM0002294,2022-02-17,1057.44,Completed,Bank Transfer
PAY00001669,CLM0002295,2025-10-09,5400.43,Completed,Bank Transfer
PAY00001670,CLM0002295,2025-10-09,34386.22,Completed,Bank Transfer
PAY00001671,CLM0002299,2023-01-27,73648.61,Completed,Bank Transfer
PAY00001672,CLM0002300,2025-01-01,12254.33,Completed,Online
PAY00001673,CLM0002301,2025-02-02,6969.28,Completed,Bank Transfer
PAY00001674,CLM0002303,2024-03-12,65196.76,Completed,Online
PAY00001675,CLM0002305,2023-07-21,10191.54,Completed,Bank Transfer
PAY00001676,CLM0002306,2025-12-25,29334.41,Completed,Bank Transfer
PAY00001677,CLM0002308,2025-11-07,3659.09,Completed,Bank Transfer
PAY00001678,CLM0002308,2025-11-07,6734.45,Completed,Bank Transfer
PAY00001679,CLM0002313,2026-01-03,9612.39,Completed,Bank Transfer
PAY00001680,CLM0002316,2024-11-14,10467.87,Completed,Bank Transfer
PAY00001681,CLM0002318,2024-11-26,9244.81,Completed,Online
PAY00001682,CLM0002319,2025-08-15,381.45,Completed,Cheque
PAY00001683,CLM0002319,2025-08-15,6235.91,Completed,Bank Transfer
PAY00001684,CLM0002320,2024-11-01,83697.36,Completed,Cheque
PAY00001685,CLM0002321,2025-10-09,19920.3,Completed,Bank Transfer
PAY00001686,CLM0002321,2025-10-09,1752.89,Completed,Bank Transfer
PAY00001687,CLM0002322,2022-05-22,4136.32,Completed,Bank Transfer
PAY00001688,CLM0002322,2022-05-22,11001.53,Pending,Bank Transfer
PAY00001689,CLM0002323,2023-02-25,9442.22,Pending,Bank Transfer
PAY00001690,CLM0002324,2022-10-18,7574.3,Completed,Bank Transfer
PAY00001691,CLM0002327,2024-08-20,37121.81,Completed,Bank Transfer
PAY00001692,CLM0002331,2024-10-13,15108.93,Completed,Bank Transfer
PAY00001693,CLM0002332,2022-07-23,4209.19,Completed,Bank Transfer
PAY00001694,CLM0002332,2022-07-23,463.13,Completed,Bank Transfer
PAY00001695,CLM0002333,2023-02-03,16178.42,Completed,Online
PAY00001696,CLM0002336,2025-01-23,65241.84,Completed,Bank Transfer
PAY00001697,CLM0002337,2023-01-16,83956.18,Completed,Bank Transfer
PAY00001698,CLM0002342,2025-04-30,1976.59,Completed,Bank Transfer
PAY00001699,CLM0002346,2022-12-05,37166.96,Completed,Bank Transfer
PAY00001700,CLM0002347,2023-01-26,19154.93,Completed,Bank Transfer
PAY00001701,CLM0002350,2022-06-06,7669.58,Completed,Cheque
PAY00001702,CLM0002351,2025-12-06,7979.89,Completed,Bank Transfer
PAY00001703,CLM0002352,2024-02-17,10238.93,Completed,Bank Transfer
PAY00001704,CLM0002353,2024-05-25,17155.9,Completed,Online
PAY00001705,CLM0002354,2022-11-08,13843.16,Completed,Bank Transfer
PAY00001706,CLM0002354,2022-11-08,1529.91,Completed,Bank Transfer
PAY00001707,CLM0002361,2024-07-01,59909.75,Completed,Cheque
PAY00001708,CLM0002366,2024-05-11,333.13,Completed,Bank Transfer
PAY00001709,CLM0002366,2024-05-11,4535.63,Completed,Bank Transfer
PAY00001710,CLM0002367,2025-12-10,11888.08,Completed,Bank Transfer
PAY00001711,CLM0002369,2023-04-30,4103,Completed,Online
PAY00001712,CLM0002369,2023-04-30,3943.17,Completed,Bank Transfer
PAY00001713,CLM0002378,2024-01-31,12850.95,Completed,Cheque
PAY00001714,CLM0002378,2024-01-31,11750.7,Completed,Bank Transfer
PAY00001715,CLM0002380,2022-09-25,14483.77,Completed,Bank Transfer
PAY00001716,CLM0002382,2025-07-19,33991.78,Completed,Bank Transfer
PAY00001717,CLM0002383,2024-04-18,23828.28,Pending,Bank Transfer
PAY00001718,CLM0002384,2022-07-19,5231.11,Completed,Cheque
PAY00001719,CLM0002384,2022-07-19,17879.94,Completed,Bank Transfer
PAY00001720,CLM0002385,2023-03-28,11333.84,Completed,Bank Transfer
PAY00001721,CLM0002385,2023-03-28,8858.44,Pending,Cheque
PAY00001722,CLM0002387,2024-10-23,7589.54,Completed,Bank Transfer
PAY00001723,CLM0002389,2023-10-18,27480.48,Completed,Online
PAY00001724,CLM0002390,2022-12-15,121315.51,Completed,Cheque
PAY00001725,CLM0002391,2024-11-08,3888.81,Completed,Bank Transfer
PAY00001726,CLM0002393,2023-03-11,3038.78,Completed,Bank Transfer
PAY00001727,CLM0002393,2023-03-11,9527.32,Completed,Cheque
PAY00001728,CLM0002395,2025-04-14,20207.1,Completed,Bank Transfer
PAY00001729,CLM0002397,2024-03-24,7746.24,Completed,Online
PAY00001730,CLM0002398,2023-06-30,16062.17,Completed,Bank Transfer
PAY00001731,CLM0002401,2022-12-08,20775.36,Completed,Bank Transfer
PAY00001732,CLM0002402,2023-07-20,16480.68,Completed,Bank Transfer
PAY00001733,CLM0002403,2024-08-22,6860.91,Completed,Bank Transfer
PAY00001734,CLM0002403,2024-08-22,21373.31,Completed,Bank Transfer
PAY00001735,CLM0002404,2022-04-12,3966.81,Completed,Bank Transfer
PAY00001736,CLM0002405,2023-06-13,2521.91,Completed,Bank Transfer
PAY00001737,CLM0002405,2023-06-13,5492.98,Completed,Bank Transfer
PAY00001738,CLM0002406,2023-05-07,25848.48,Pending,Bank Transfer
PAY00001739,CLM0002409,2023-07-25,16295.87,Completed,Bank Transfer
PAY00001740,CLM0002410,2023-05-04,6886.36,Pending,Cheque
PAY00001741,CLM0002410,2023-05-04,7358.8,Completed,Bank Transfer
PAY00001742,CLM0002412,2025-04-25,45818.29,Completed,Bank Transfer
PAY00001743,CLM0002413,2022-05-03,88065.45,Completed,Bank Transfer
PAY00001744,CLM0002415,2022-06-28,56259.77,Pending,Online
PAY00001745,CLM0002416,2024-11-17,71396.08,Completed,Bank Transfer
PAY00001746,CLM0002417,2025-11-19,5869.84,Completed,Bank Transfer
PAY00001747,CLM0002419,2025-05-30,25404.24,Completed,Bank Transfer
PAY00001748,CLM0002421,2022-06-03,6122.67,Completed,Bank Transfer
PAY00001749,CLM0002421,2022-06-03,859.99,Completed,Bank Transfer
PAY00001750,CLM0002422,2023-01-27,7809.82,Completed,Bank Transfer
PAY00001751,CLM0002424,2024-09-05,56052.02,Completed,Bank Transfer
PAY00001752,CLM0002425,2022-06-17,9860.6,Completed,Bank Transfer
PAY00001753,CLM0002428,2023-01-20,17724,Completed,Online
PAY00001754,CLM0002430,2025-06-20,66519.16,Completed,Bank Transfer
PAY00001755,CLM0002431,2023-04-23,8169.2,Completed,Cheque
PAY00001756,CLM0002432,2023-05-30,21477.94,Completed,Bank Transfer
PAY00001757,CLM0002433,2025-03-17,11069.12,Completed,Bank Transfer
PAY00001758,CLM0002435,2024-11-14,8566.72,Completed,Bank Transfer
PAY00001759,CLM0002435,2024-11-14,2132.26,Completed,Online
PAY00001760,CLM0002438,2025-06-02,3492.77,Completed,Bank Transfer
PAY00001761,CLM0002439,2024-01-26,2885.18,Completed,Bank Transfer
PAY00001762,CLM0002439,2024-01-26,11985.86,Completed,Bank Transfer
PAY00001763,CLM0002440,2024-06-05,1362.53,Completed,Bank Transfer
PAY00001764,CLM0002440,2024-06-05,13728.09,Completed,Bank Transfer
PAY00001765,CLM0002441,2024-04-24,16266.6,Completed,Bank Transfer
PAY00001766,CLM0002443,2022-09-17,33982.56,Completed,Bank Transfer
PAY00001767,CLM0002444,2023-11-27,13583.15,Pending,Bank Transfer
PAY00001768,CLM0002445,2025-06-05,106163.26,Pending,Bank Transfer
PAY00001769,CLM0002446,2025-09-24,6089.9,Completed,Bank Transfer
PAY00001770,CLM0002448,2025-05-25,12061.06,Completed,Bank Transfer
PAY00001771,CLM0002450,2023-12-03,8458.35,Completed,Online
PAY00001772,CLM0002452,2023-08-27,1763.65,Completed,Bank Transfer
PAY00001773,CLM0002452,2023-08-27,3401,Completed,Bank Transfer
PAY00001774,CLM0002453,2022-04-19,2194.1,Completed,Bank Transfer
PAY00001775,CLM0002453,2022-04-19,11277.67,Completed,Bank Transfer
PAY00001776,CLM0002454,2025-04-04,9685.91,Completed,Bank Transfer
PAY00001777,CLM0002458,2022-10-20,34195.79,Completed,Bank Transfer
PAY00001778,CLM0002458,2022-10-20,31551.57,Completed,Bank Transfer
PAY00001779,CLM0002459,2023-06-29,54316.06,Completed,Online
PAY00001780,CLM0002460,2023-05-01,23975.93,Completed,Cheque
PAY00001781,CLM0002460,2023-05-01,8992.14,Completed,Bank Transfer
PAY00001782,CLM0002462,2024-03-16,30137.97,Completed,Online
PAY00001783,CLM0002467,2025-10-26,22797.97,Completed,Online
PAY00001784,CLM0002469,2024-06-04,13537.87,Completed,Bank Transfer
PAY00001785,CLM0002471,2026-01-18,26375.88,Completed,Bank Transfer
PAY00001786,CLM0002474,2022-11-25,11206.92,Pending,Bank Transfer
PAY00001787,CLM0002475,2023-11-13,42737.77,Completed,Bank Transfer
PAY00001788,CLM0002476,2024-11-21,6813.43,Completed,Bank Transfer
PAY00001789,CLM0002479,2024-01-06,196.81,Completed,Bank Transfer
PAY00001790,CLM0002479,2024-01-06,4662.88,Completed,Bank Transfer
PAY00001791,CLM0002480,2023-06-10,32000.69,Completed,Bank Transfer
PAY00001792,CLM0002483,2023-12-23,28550.16,Completed,Bank Transfer
PAY00001793,CLM0002483,2023-12-23,1175.77,Completed,Bank Transfer
PAY00001794,CLM0002484,2024-02-12,5540.96,Completed,Bank Transfer
PAY00001795,CLM0002484,2024-02-12,2788.63,Completed,Bank Transfer
PAY00001796,CLM0002486,2025-11-29,7971.53,Completed,Bank Transfer
PAY00001797,CLM0002486,2025-11-29,1077.81,Completed,Bank Transfer
PAY00001798,CLM0002488,2022-06-03,3060.77,Completed,Bank Transfer
PAY00001799,CLM0002488,2022-06-03,2255.63,Completed,Bank Transfer
PAY00001800,CLM0002492,2023-05-11,15376.42,Completed,Bank Transfer
PAY00001801,CLM0002497,2024-05-14,3997.47,Completed,Bank Transfer
PAY00001802,CLM0002497,2024-05-14,16129.53,Completed,Bank Transfer
PAY00001803,CLM0002499,2025-10-21,12136.96,Completed,Cheque
PAY00001804,CLM0002502,2024-09-01,12634.85,Pending,Bank Transfer
PAY00001805,CLM0002503,2023-06-11,8925.07,Completed,Bank Transfer
PAY00001806,CLM0002503,2023-06-11,34175.77,Completed,Bank Transfer
PAY00001807,CLM0002504,2025-12-30,37205.13,Completed,Cheque
PAY00001808,CLM0002505,2026-01-27,21710.79,Completed,Bank Transfer
PAY00001809,CLM0002508,2024-04-03,40867.32,Completed,Bank Transfer
PAY00001810,CLM0002508,2024-04-03,4687.57,Completed,Bank Transfer
PAY00001811,CLM0002509,2025-07-26,42647.64,Completed,Bank Transfer
PAY00001812,CLM0002510,2023-04-24,133.5,Completed,Bank Transfer
PAY00001813,CLM0002510,2023-04-24,1548.48,Completed,Bank Transfer
PAY00001814,CLM0002511,2022-10-11,11187.11,Completed,Bank Transfer
PAY00001815,CLM0002514,2024-12-14,9902.49,Completed,Bank Transfer
PAY00001816,CLM0002514,2024-12-14,22420.98,Completed,Bank Transfer
PAY00001817,CLM0002515,2023-07-07,21772.04,Completed,Bank Transfer
PAY00001818,CLM0002517,2023-11-12,6834.55,Completed,Bank Transfer
PAY00001819,CLM0002518,2022-01-07,8920.4,Pending,Bank Transfer
PAY00001820,CLM0002521,2023-01-17,3440.14,Completed,Bank Transfer
PAY00001821,CLM0002521,2023-01-17,11925.65,Completed,Bank Transfer
PAY00001822,CLM0002522,2025-05-24,2900.38,Completed,Bank Transfer
PAY00001823,CLM0002522,2025-05-24,20539.31,Completed,Bank Transfer
PAY00001824,CLM0002523,2025-03-02,9168.85,Completed,Cheque
PAY00001825,CLM0002523,2025-03-02,53097.16,Completed,Bank Transfer
PAY00001826,CLM0002525,2025-02-13,62418.78,Completed,Bank Transfer
PAY00001827,CLM0002529,2024-04-10,15943.39,Completed,Online
PAY00001828,CLM0002532,2024-05-26,16462.72,Completed,Bank Transfer
PAY00001829,CLM0002533,2023-05-11,63836.42,Completed,Bank Transfer
PAY00001830,CLM0002533,2023-05-11,38092.13,Pending,Bank Transfer
PAY00001831,CLM0002536,2023-04-20,23955.55,Pending,Bank Transfer
PAY00001832,CLM0002538,2023-04-14,3829.93,Completed,Bank Transfer
PAY00001833,CLM0002541,2025-10-08,146274.77,Completed,Online
PAY00001834,CLM0002541,2025-10-08,9684.09,Pending,Bank Transfer
PAY00001835,CLM0002542,2024-10-04,4565.24,Completed,Bank Transfer
PAY00001836,CLM0002542,2024-10-04,1743.82,Completed,Bank Transfer
PAY00001837,CLM0002546,2022-12-29,3187.07,Completed,Cheque
PAY00001838,CLM0002546,2022-12-29,851.73,Completed,Online
PAY00001839,CLM0002547,2023-07-23,48857.83,Completed,Bank Transfer
PAY00001840,CLM0002548,2025-11-01,3397.27,Completed,Bank Transfer
PAY00001841,CLM0002548,2025-11-01,13767.35,Pending,Bank Transfer
PAY00001842,CLM0002549,2024-06-24,19254.48,Completed,Bank Transfer
PAY00001843,CLM0002550,2024-06-04,34040.22,Completed,Online
PAY00001844,CLM0002552,2024-07-12,9304.25,Pending,Online
PAY00001845,CLM0002552,2024-07-12,33681.04,Completed,Bank Transfer
PAY00001846,CLM0002554,2025-02-13,6687.18,Completed,Bank Transfer
PAY00001847,CLM0002555,2025-10-27,22027.75,Completed,Online
PAY00001848,CLM0002556,2024-08-14,13533.85,Completed,Bank Transfer
PAY00001849,CLM0002560,2024-07-29,1423.22,Completed,Bank Transfer
PAY00001850,CLM0002560,2024-07-29,5709.35,Completed,Bank Transfer
PAY00001851,CLM0002563,2024-04-17,15223.62,Completed,Bank Transfer
PAY00001852,CLM0002566,2026-06-01,15637.26,Completed,Online
PAY00001853,CLM0002567,2025-11-02,10541.21,Completed,Bank Transfer
PAY00001854,CLM0002568,2025-03-20,55134.78,Completed,Bank Transfer
PAY00001855,CLM0002569,2025-05-22,11739.45,Completed,Bank Transfer
PAY00001856,CLM0002572,2022-08-05,23776.82,Completed,Bank Transfer
PAY00001857,CLM0002573,2026-01-26,19304.8,Completed,Online
PAY00001858,CLM0002574,2025-08-07,32894.55,Completed,Cheque
PAY00001859,CLM0002576,2023-03-09,3267.02,Completed,Cheque
PAY00001860,CLM0002576,2023-03-09,1195.5,Completed,Online
PAY00001861,CLM0002577,2025-07-25,5262.14,Completed,Bank Transfer
PAY00001862,CLM0002580,2025-06-15,3442.67,Completed,Bank Transfer
PAY00001863,CLM0002581,2025-08-16,6894.71,Completed,Bank Transfer
PAY00001864,CLM0002581,2025-08-16,37752.34,Completed,Bank Transfer
PAY00001865,CLM0002583,2024-05-01,56654.03,Completed,Cheque
PAY00001866,CLM0002583,2024-05-01,19209.18,Completed,Online
PAY00001867,CLM0002584,2026-01-17,19038.6,Pending,Online
PAY00001868,CLM0002585,2023-12-01,18434.07,Completed,Bank Transfer
PAY00001869,CLM0002586,2023-09-16,4464.16,Completed,Bank Transfer
PAY00001870,CLM0002586,2023-09-16,642.92,Completed,Bank Transfer
PAY00001871,CLM0002592,2025-04-09,13420.52,Completed,Bank Transfer
PAY00001872,CLM0002596,2023-11-20,5539.62,Completed,Bank Transfer
PAY00001873,CLM0002596,2023-11-20,7997.46,Completed,Online
PAY00001874,CLM0002599,2025-03-15,19213.49,Completed,Bank Transfer
PAY00001875,CLM0002599,2025-03-15,545.4,Completed,Bank Transfer
PAY00001876,CLM0002600,2022-09-04,33484.8,Completed,Bank Transfer
PAY00001877,CLM0002604,2022-09-07,23303.18,Completed,Bank Transfer
PAY00001878,CLM0002604,2022-09-07,4017.84,Completed,Cheque
PAY00001879,CLM0002606,2025-04-26,5884.94,Completed,Bank Transfer
PAY00001880,CLM0002606,2025-04-26,22700.96,Completed,Online
PAY00001881,CLM0002608,2023-03-16,13752.24,Completed,Online
PAY00001882,CLM0002609,2024-10-15,979.22,Completed,Online
PAY00001883,CLM0002609,2024-10-15,4856.53,Completed,Bank Transfer
PAY00001884,CLM0002610,2022-04-18,35895.29,Completed,Cheque
PAY00001885,CLM0002611,2023-03-03,7010.59,Completed,Bank Transfer
PAY00001886,CLM0002611,2023-03-03,4837.96,Completed,Bank Transfer
PAY00001887,CLM0002612,2022-09-17,3921.83,Completed,Bank Transfer
PAY00001888,CLM0002612,2022-09-17,1520.19,Completed,Bank Transfer
PAY00001889,CLM0002613,2024-05-20,3312.3,Completed,Bank Transfer
PAY00001890,CLM0002615,2022-03-25,8188.77,Completed,Bank Transfer
PAY00001891,CLM0002615,2022-03-25,17935.67,Completed,Online
PAY00001892,CLM0002619,2024-07-12,19260.9,Completed,Online
PAY00001893,CLM0002621,2024-06-12,12225.16,Completed,Online
PAY00001894,CLM0002622,2022-11-26,32657.26,Completed,Bank Transfer
PAY00001895,CLM0002627,2023-12-22,10626.94,Completed,Bank Transfer
PAY00001896,CLM0002628,2025-04-06,6992.15,Completed,Online
PAY00001897,CLM0002629,2022-03-15,55453.44,Completed,Online
PAY00001898,CLM0002632,2022-01-29,5984.71,Completed,Cheque
PAY00001899,CLM0002634,2025-06-08,4362.89,Completed,Bank Transfer
PAY00001900,CLM0002636,2024-02-13,12712.41,Completed,Bank Transfer
PAY00001901,CLM0002638,2025-04-20,12872.87,Completed,Bank Transfer
PAY00001902,CLM0002639,2022-06-05,16778.33,Completed,Bank Transfer
PAY00001903,CLM0002641,2022-11-14,11546.5,Completed,Bank Transfer
PAY00001904,CLM0002642,2024-01-30,37455.12,Completed,Bank Transfer
PAY00001905,CLM0002643,2025-04-18,11255.35,Completed,Online
PAY00001906,CLM0002644,2022-12-15,4427.42,Completed,Online
PAY00001907,CLM0002645,2023-10-11,37289.64,Completed,Online
PAY00001908,CLM0002646,2024-02-12,47688.52,Completed,Bank Transfer
PAY00001909,CLM0002649,2025-01-28,10129.51,Completed,Online
PAY00001910,CLM0002649,2025-01-28,2774.1,Completed,Online
PAY00001911,CLM0002652,2026-05-01,66278.73,Completed,Bank Transfer
PAY00001912,CLM0002653,2023-01-14,4763.61,Completed,Cheque
PAY00001913,CLM0002653,2023-01-14,546.03,Pending,Bank Transfer
PAY00001914,CLM0002655,2022-03-22,46216.06,Completed,Bank Transfer
PAY00001915,CLM0002656,2025-02-01,3774.99,Completed,Bank Transfer
PAY00001916,CLM0002659,2025-09-13,10101.44,Completed,Bank Transfer
PAY00001917,CLM0002663,2025-08-12,26220.01,Completed,Bank Transfer
PAY00001918,CLM0002664,2024-02-19,4110.07,Pending,Bank Transfer
PAY00001919,CLM0002665,2024-04-16,80981.3,Completed,Bank Transfer
PAY00001920,CLM0002667,2022-06-16,5036.23,Completed,Bank Transfer
PAY00001921,CLM0002668,2024-03-28,8247.47,Completed,Online
PAY00001922,CLM0002670,2024-08-19,13824.79,Pending,Bank Transfer
PAY00001923,CLM0002671,2024-09-12,16124,Completed,Bank Transfer
PAY00001924,CLM0002673,2023-11-02,15338.37,Completed,Bank Transfer
PAY00001925,CLM0002676,2023-08-28,24523.4,Completed,Bank Transfer
PAY00001926,CLM0002676,2023-08-28,23172.95,Completed,Cheque
PAY00001927,CLM0002677,2024-10-25,54082.49,Completed,Bank Transfer
PAY00001928,CLM0002678,2024-04-15,5597.71,Completed,Bank Transfer
PAY00001929,CLM0002679,2025-06-02,2320.07,Completed,Bank Transfer
PAY00001930,CLM0002680,2024-06-12,9098.78,Pending,Online
PAY00001931,CLM0002683,2022-06-09,37932.12,Completed,Bank Transfer
PAY00001932,CLM0002684,2022-04-03,18446.96,Completed,Bank Transfer
PAY00001933,CLM0002685,2025-07-29,19558.72,Completed,Bank Transfer
PAY00001934,CLM0002686,2025-03-29,45966.03,Completed,Online
PAY00001935,CLM0002687,2022-07-15,15845.29,Completed,Online
PAY00001936,CLM0002688,2025-03-10,12983.12,Completed,Cheque
PAY00001937,CLM0002688,2025-03-10,3438.25,Completed,Bank Transfer
PAY00001938,CLM0002689,2023-04-28,24140.69,Completed,Online
PAY00001939,CLM0002690,2024-07-29,8178.78,Completed,Online
PAY00001940,CLM0002691,2025-12-23,2289.02,Completed,Bank Transfer
PAY00001941,CLM0002691,2025-12-23,8136.5,Completed,Bank Transfer
PAY00001942,CLM0002692,2022-06-24,5246.62,Completed,Bank Transfer
PAY00001943,CLM0002692,2022-06-24,2154.35,Completed,Bank Transfer
PAY00001944,CLM0002696,2024-04-27,8353.28,Completed,Bank Transfer
PAY00001945,CLM0002696,2024-04-27,14973.49,Pending,Cheque
PAY00001946,CLM0002697,2024-04-01,20204.28,Completed,Bank Transfer
PAY00001947,CLM0002698,2022-08-28,1809.74,Completed,Bank Transfer
PAY00001948,CLM0002698,2022-08-28,910.13,Completed,Cheque
PAY00001949,CLM0002702,2022-04-17,19193.87,Pending,Online
PAY00001950,CLM0002705,2025-08-17,9425.02,Completed,Bank Transfer
PAY00001951,CLM0002706,2023-11-25,81422.08,Completed,Bank Transfer
PAY00001952,CLM0002707,2025-05-29,12838.46,Completed,Bank Transfer
PAY00001953,CLM0002710,2024-04-29,11093.2,Completed,Bank Transfer
PAY00001954,CLM0002710,2024-04-29,3255.78,Completed,Bank Transfer
PAY00001955,CLM0002711,2022-07-03,8860.24,Completed,Bank Transfer
PAY00001956,CLM0002716,2025-10-16,66175.05,Completed,Online
PAY00001957,CLM0002716,2025-10-16,19734.58,Completed,Bank Transfer
PAY00001958,CLM0002718,2025-05-12,8108.55,Completed,Bank Transfer
PAY00001959,CLM0002719,2023-04-01,11212.98,Completed,Bank Transfer
PAY00001960,CLM0002719,2023-04-01,15487.06,Completed,Bank Transfer
PAY00001961,CLM0002721,2023-08-28,4182.75,Pending,Bank Transfer
PAY00001962,CLM0002721,2023-08-28,13350.19,Pending,Online
PAY00001963,CLM0002723,2023-05-21,29916.93,Completed,Online
PAY00001964,CLM0002724,2025-08-29,6113.15,Completed,Bank Transfer
PAY00001965,CLM0002724,2025-08-29,178.77,Completed,Bank Transfer
PAY00001966,CLM0002725,2023-12-13,30961,Completed,Bank Transfer
PAY00001967,CLM0002726,2025-12-23,60000.34,Completed,Bank Transfer
PAY00001968,CLM0002727,2025-02-14,8318.05,Completed,Bank Transfer
PAY00001969,CLM0002729,2022-02-04,4569.5,Completed,Bank Transfer
PAY00001970,CLM0002730,2024-11-16,224394.04,Completed,Bank Transfer
PAY00001971,CLM0002732,2024-03-23,16497.18,Completed,Bank Transfer
PAY00001972,CLM0002735,2025-12-15,9295.85,Completed,Bank Transfer
PAY00001973,CLM0002738,2025-01-08,17316.71,Completed,Bank Transfer
PAY00001974,CLM0002738,2025-01-08,9599.8,Completed,Online
PAY00001975,CLM0002745,2025-06-06,6208.71,Completed,Bank Transfer
PAY00001976,CLM0002745,2025-06-06,485.72,Completed,Bank Transfer
PAY00001977,CLM0002746,2024-09-24,21484.77,Completed,Bank Transfer
PAY00001978,CLM0002747,2024-09-19,29608.51,Completed,Online
PAY00001979,CLM0002749,2024-04-28,16496.04,Completed,Bank Transfer
PAY00001980,CLM0002749,2024-04-28,15598.37,Completed,Bank Transfer
PAY00001981,CLM0002752,2024-12-09,14603.32,Completed,Bank Transfer
PAY00001982,CLM0002753,2024-11-18,8553.9,Pending,Online
PAY00001983,CLM0002756,2025-03-19,7385.34,Completed,Bank Transfer
PAY00001984,CLM0002758,2022-10-27,30854.47,Completed,Cheque
PAY00001985,CLM0002760,2025-08-02,14188.75,Completed,Bank Transfer
PAY00001986,CLM0002761,2025-02-27,61295.14,Completed,Bank Transfer
PAY00001987,CLM0002762,2024-12-21,11598.05,Completed,Bank Transfer
PAY00001988,CLM0002763,2024-01-10,11523.59,Completed,Bank Transfer
PAY00001989,CLM0002763,2024-01-10,12835.07,Pending,Bank Transfer
PAY00001990,CLM0002765,2022-05-06,13867.5,Pending,Cheque
PAY00001991,CLM0002766,2023-11-21,6081.36,Completed,Bank Transfer
PAY00001992,CLM0002766,2023-11-21,905.42,Pending,Online
PAY00001993,CLM0002769,2025-05-25,11924.35,Completed,Bank Transfer
PAY00001994,CLM0002769,2025-05-25,60808.94,Completed,Bank Transfer
PAY00001995,CLM0002771,2023-04-28,11962.02,Completed,Online
PAY00001996,CLM0002773,2025-10-09,10772.09,Completed,Cheque
PAY00001997,CLM0002777,2022-06-24,6858.3,Completed,Bank Transfer
PAY00001998,CLM0002778,2026-01-02,22357.73,Completed,Bank Transfer
PAY00001999,CLM0002779,2025-01-25,42934.2,Completed,Bank Transfer
PAY00002000,CLM0002780,2023-03-18,11765.38,Completed,Online
PAY00002001,CLM0002781,2022-01-07,13390.72,Completed,Bank Transfer
PAY00002002,CLM0002784,2023-09-07,20395.2,Completed,Bank Transfer
PAY00002003,CLM0002787,2025-05-19,30423.93,Completed,Bank Transfer
PAY00002004,CLM0002788,2025-02-23,12949.56,Completed,Bank Transfer
PAY00002005,CLM0002790,2025-08-19,4691.14,Completed,Bank Transfer
PAY00002006,CLM0002790,2025-08-19,61497.67,Completed,Bank Transfer
PAY00002007,CLM0002791,2025-07-05,5078.8,Completed,Bank Transfer
PAY00002008,CLM0002793,2024-02-21,1963.55,Completed,Bank Transfer
PAY00002009,CLM0002795,2023-01-30,363.36,Completed,Bank Transfer
PAY00002010,CLM0002795,2023-01-30,4771.26,Pending,Bank Transfer
PAY00002011,CLM0002799,2026-01-29,2518.73,Completed,Bank Transfer
PAY00002012,CLM0002799,2026-01-29,7760.1,Completed,Online
PAY00002013,CLM0002802,2024-11-24,14944.98,Completed,Bank Transfer
PAY00002014,CLM0002803,2024-01-25,9691.91,Completed,Online
PAY00002015,CLM0002806,2025-12-17,9992.43,Completed,Bank Transfer
PAY00002016,CLM0002807,2023-02-24,325.74,Completed,Bank Transfer
PAY00002017,CLM0002807,2023-02-24,5566.8,Completed,Bank Transfer
PAY00002018,CLM0002808,2026-12-03,3537.12,Completed,Bank Transfer
PAY00002019,CLM0002809,2025-06-21,18698.62,Completed,Bank Transfer
PAY00002020,CLM0002810,2024-08-05,21519.94,Completed,Cheque
PAY00002021,CLM0002811,2024-06-29,25013.96,Completed,Online
PAY00002022,CLM0002812,2024-04-21,14702.35,Completed,Bank Transfer
PAY00002023,CLM0002813,2025-03-10,417.85,Completed,Bank Transfer
PAY00002024,CLM0002813,2025-03-10,9295.49,Completed,Online
PAY00002025,CLM0002815,2025-09-06,37094.22,Completed,Bank Transfer
PAY00002026,CLM0002818,2023-03-22,2600.6,Completed,Bank Transfer
PAY00002027,CLM0002818,2023-03-22,3396.82,Completed,Online
PAY00002028,CLM0002820,2025-12-14,23112.94,Completed,Bank Transfer
PAY00002029,CLM0002821,2025-03-28,10053.2,Completed,Bank Transfer
PAY00002030,CLM0002822,2025-12-27,5494.38,Completed,Cheque
PAY00002031,CLM0002823,2025-12-27,6558.47,Completed,Bank Transfer
PAY00002032,CLM0002823,2025-12-27,1831.05,Completed,Online
PAY00002033,CLM0002824,2023-04-17,10388.95,Completed,Bank Transfer
PAY00002034,CLM0002824,2023-04-17,22197.2,Completed,Bank Transfer
PAY00002035,CLM0002826,2022-06-04,4628.29,Completed,Bank Transfer
PAY00002036,CLM0002826,2022-06-04,26659.46,Completed,Bank Transfer
PAY00002037,CLM0002827,2022-11-09,3753.94,Completed,Bank Transfer
PAY00002038,CLM0002827,2022-11-09,12306.49,Completed,Bank Transfer
PAY00002039,CLM0002830,2024-07-20,27510.64,Completed,Bank Transfer
PAY00002040,CLM0002831,2025-05-17,12423.02,Pending,Online
PAY00002041,CLM0002833,2024-12-24,11965.32,Completed,Bank Transfer
PAY00002042,CLM0002836,2024-12-26,13547.13,Completed,Bank Transfer
PAY00002043,CLM0002837,2022-04-09,2757.14,Completed,Online
PAY00002044,CLM0002837,2022-04-09,2532.23,Completed,Bank Transfer
PAY00002045,CLM0002839,2025-03-16,20934.9,Completed,Bank Transfer
PAY00002046,CLM0002843,2022-12-22,51222.81,Completed,Bank Transfer
PAY00002047,CLM0002843,2022-12-22,15345.37,Completed,Bank Transfer
PAY00002048,CLM0002844,2022-03-11,2473.07,Completed,Cheque
PAY00002049,CLM0002844,2022-03-11,3435.34,Pending,Bank Transfer
PAY00002050,CLM0002849,2024-08-04,1795.18,Completed,Cheque
PAY00002051,CLM0002849,2024-08-04,9629.33,Completed,Bank Transfer
PAY00002052,CLM0002850,2022-08-12,14355.43,Completed,Bank Transfer
PAY00002053,CLM0002850,2022-08-12,3693.62,Completed,Bank Transfer
PAY00002054,CLM0002851,2025-07-11,51688.57,Completed,Cheque
PAY00002055,CLM0002855,2024-10-30,12827.15,Completed,Online
PAY00002056,CLM0002858,2023-07-03,25946.16,Completed,Online
PAY00002057,CLM0002860,2024-09-01,632.99,Completed,Bank Transfer
PAY00002058,CLM0002860,2024-09-01,8249.14,Completed,Bank Transfer
PAY00002059,CLM0002862,2023-12-27,51538.74,Completed,Bank Transfer
PAY00002060,CLM0002864,2025-11-03,19785.94,Completed,Online
PAY00002061,CLM0002864,2025-11-03,8711.33,Completed,Bank Transfer
PAY00002062,CLM0002866,2023-06-21,6322.3,Completed,Online
PAY00002063,CLM0002867,2023-07-18,41267.32,Completed,Bank Transfer
PAY00002064,CLM0002874,2025-04-07,13184.37,Completed,Bank Transfer
PAY00002065,CLM0002874,2025-04-07,17200.11,Completed,Online
PAY00002066,CLM0002878,2024-04-25,20043.39,Completed,Bank Transfer
PAY00002067,CLM0002880,2024-04-15,1109.76,Pending,Bank Transfer
PAY00002068,CLM0002880,2024-04-15,17429.59,Completed,Online
PAY00002069,CLM0002882,2025-04-27,6253.06,Completed,Bank Transfer
PAY00002070,CLM0002883,2023-06-01,16583.29,Completed,Bank Transfer
PAY00002071,CLM0002884,2024-06-06,1181.37,Completed,Online
PAY00002072,CLM0002884,2024-06-06,1411.64,Completed,Bank Transfer
PAY00002073,CLM0002888,2023-09-27,28164.03,Completed,Online
PAY00002074,CLM0002889,2022-04-24,17126.39,Completed,Online
PAY00002075,CLM0002891,2024-11-14,17126.86,Completed,Online
PAY00002076,CLM0002891,2024-11-14,14632.98,Completed,Bank Transfer
PAY00002077,CLM0002892,2025-12-11,61776.86,Completed,Online
PAY00002078,CLM0002894,2025-01-28,10921.55,Pending,Bank Transfer
PAY00002079,CLM0002897,2022-10-10,4589.29,Completed,Bank Transfer
PAY00002080,CLM0002900,2023-12-11,51438.8,Completed,Bank Transfer
PAY00002081,CLM0002902,2024-09-07,8396.64,Completed,Bank Transfer
PAY00002082,CLM0002903,2022-05-13,68039.29,Completed,Cheque
PAY00002083,CLM0002903,2022-05-13,4228.04,Pending,Bank Transfer
PAY00002084,CLM0002905,2023-11-19,19553.64,Completed,Bank Transfer
PAY00002085,CLM0002906,2023-03-09,6327.26,Pending,Bank Transfer
PAY00002086,CLM0002906,2023-03-09,4382.48,Completed,Online
PAY00002087,CLM0002907,2022-01-09,22289.83,Completed,Bank Transfer
PAY00002088,CLM0002911,2023-06-03,80357.49,Completed,Bank Transfer
PAY00002089,CLM0002912,2024-10-22,11086.05,Completed,Bank Transfer
PAY00002090,CLM0002912,2024-10-22,8092.3,Pending,Cheque
PAY00002091,CLM0002913,2024-02-15,1995.24,Completed,Cheque
PAY00002092,CLM0002913,2024-02-15,8213.77,Completed,Bank Transfer
PAY00002093,CLM0002916,2025-09-05,28741.33,Completed,Bank Transfer
PAY00002094,CLM0002918,2024-05-05,13853.85,Completed,Bank Transfer
PAY00002095,CLM0002919,2024-07-03,1456.01,Completed,Bank Transfer
PAY00002096,CLM0002919,2024-07-03,4411.42,Completed,Bank Transfer
PAY00002097,CLM0002921,2023-08-05,33321.52,Completed,Cheque
PAY00002098,CLM0002923,2022-12-27,10845.35,Completed,Online
PAY00002099,CLM0002924,2025-01-26,729.65,Pending,Bank Transfer
PAY00002100,CLM0002924,2025-01-26,11121.18,Completed,Bank Transfer
PAY00002101,CLM0002927,2023-05-18,18852.3,Completed,Bank Transfer
PAY00002102,CLM0002929,2024-04-15,9128.95,Completed,Bank Transfer
PAY00002103,CLM0002930,2022-08-27,18374.81,Completed,Bank Transfer
PAY00002104,CLM0002930,2022-08-27,3185.46,Completed,Bank Transfer
PAY00002105,CLM0002935,2023-12-19,15107.09,Completed,Online
PAY00002106,CLM0002935,2023-12-19,11030.14,Completed,Online
PAY00002107,CLM0002937,2026-05-01,42091.51,Completed,Online
PAY00002108,CLM0002937,2026-05-01,2990.36,Completed,Cheque
PAY00002109,CLM0002939,2025-05-16,42280.69,Completed,Bank Transfer
PAY00002110,CLM0002939,2025-05-16,8622.8,Completed,Bank Transfer
PAY00002111,CLM0002940,2025-04-06,1688.85,Completed,Cheque
PAY00002112,CLM0002941,2025-10-10,43561.67,Completed,Online
PAY00002113,CLM0002942,2022-02-06,2997.27,Completed,Bank Transfer
PAY00002114,CLM0002942,2022-02-06,19601.32,Completed,Bank Transfer
PAY00002115,CLM0002943,2023-10-17,4902.83,Completed,Bank Transfer
PAY00002116,CLM0002943,2023-10-17,9647.22,Pending,Online
PAY00002117,CLM0002944,2022-03-13,2143.12,Completed,Bank Transfer
PAY00002118,CLM0002944,2022-03-13,24555.26,Completed,Bank Transfer
PAY00002119,CLM0002945,2022-03-23,29303.62,Completed,Bank Transfer
PAY00002120,CLM0002946,2025-03-24,29055.01,Completed,Bank Transfer
PAY00002121,CLM0002949,2023-02-28,7994.67,Completed,Online
PAY00002122,CLM0002951,2026-01-15,3380.07,Completed,Bank Transfer
PAY00002123,CLM0002952,2024-12-01,46613.4,Completed,Cheque
PAY00002124,CLM0002953,2025-04-13,28668.6,Completed,Cheque
PAY00002125,CLM0002955,2025-10-07,15641.08,Completed,Bank Transfer
PAY00002126,CLM0002956,2025-05-13,4095.6,Completed,Bank Transfer
PAY00002127,CLM0002957,2025-06-29,20632.51,Completed,Bank Transfer
PAY00002128,CLM0002958,2025-04-04,3171.08,Pending,Bank Transfer
PAY00002129,CLM0002958,2025-04-04,20947.79,Completed,Bank Transfer
PAY00002130,CLM0002959,2023-11-29,22879.73,Pending,Bank Transfer
PAY00002131,CLM0002961,2025-06-04,45511.63,Completed,Online
PAY00002132,CLM0002963,2022-06-24,22308.16,Completed,Online
PAY00002133,CLM0002965,2023-04-21,2064.01,Completed,Bank Transfer
PAY00002134,CLM0002965,2023-04-21,46050.85,Completed,Online
PAY00002135,CLM0002966,2024-04-22,355.63,Completed,Bank Transfer
PAY00002136,CLM0002966,2024-04-22,11748.5,Completed,Online
PAY00002137,CLM0002967,2022-05-13,48694.81,Pending,Bank Transfer
PAY00002138,CLM0002968,2024-05-04,10164.02,Completed,Bank Transfer
PAY00002139,CLM0002970,2023-05-19,44483.21,Completed,Online
PAY00002140,CLM0002971,2023-03-25,13044.73,Pending,Bank Transfer
PAY00002141,CLM0002972,2024-01-18,5999.07,Completed,Cheque
PAY00002142,CLM0002977,2024-07-01,7465.54,Completed,Bank Transfer
PAY00002143,CLM0002977,2024-07-01,16065.02,Pending,Online
PAY00002144,CLM0002978,2022-07-07,6561.74,Completed,Bank Transfer
PAY00002145,CLM0002979,2023-02-11,34111.49,Completed,Cheque
PAY00002146,CLM0002982,2023-10-08,9285.55,Completed,Bank Transfer
PAY00002147,CLM0002985,2022-05-21,9894.69,Completed,Bank Transfer
PAY00002148,CLM0002986,2025-03-07,30381.65,Completed,Bank Transfer
PAY00002149,CLM0002987,2026-01-31,2990.03,Completed,Bank Transfer
PAY00002150,CLM0002987,2026-01-31,28198.04,Completed,Bank Transfer
PAY00002151,CLM0002992,2022-01-09,42155.02,Completed,Online
PAY00002152,CLM0002999,2024-09-24,12925.43,Completed,Online
PAY00002153,CLM0003000,2024-06-04,3978.21,Completed,Bank Transfer
PAY00002154,CLM0003000,2024-06-04,28227.91,Completed,Bank Transfer
PAY00002155,CLM0003001,2024-01-26,15454.5,Completed,Bank Transfer
PAY00002156,CLM0003002,2023-10-27,5933.43,Completed,Bank Transfer
PAY00002157,CLM0003002,2023-10-27,4064.68,Completed,Online
PAY00002158,CLM0003004,2022-12-27,3710.39,Completed,Bank Transfer
PAY00002159,CLM0003008,2023-06-07,113969.78,Completed,Online
PAY00002160,CLM0003009,2024-05-07,9895.74,Completed,Bank Transfer
PAY00002161,CLM0003009,2024-05-07,6646.37,Completed,Bank Transfer
PAY00002162,CLM0003010,2023-11-09,3159.31,Completed,Online
PAY00002163,CLM0003012,2024-10-03,17641.34,Completed,Cheque
PAY00002164,CLM0003012,2024-10-03,79972.96,Completed,Bank Transfer
PAY00002165,CLM0003013,2024-10-21,51446.6,Completed,Bank Transfer
PAY00002166,CLM0003014,2025-01-19,35540.66,Pending,Bank Transfer
PAY00002167,CLM0003014,2025-01-19,33006.54,Completed,Online
PAY00002168,CLM0003016,2025-10-21,8855.38,Completed,Bank Transfer
PAY00002169,CLM0003017,2023-01-17,6251.52,Completed,Bank Transfer
PAY00002170,CLM0003017,2023-01-17,4365.12,Completed,Bank Transfer
PAY00002171,CLM0003018,2025-01-04,10254.38,Completed,Bank Transfer
PAY00002172,CLM0003020,2025-07-06,10636.31,Completed,Online
PAY00002173,CLM0003021,2022-02-14,31729.03,Completed,Bank Transfer
PAY00002174,CLM0003024,2025-04-06,3028.47,Completed,Bank Transfer
PAY00002175,CLM0003024,2025-04-06,24295.01,Completed,Online
PAY00002176,CLM0003028,2025-10-23,23226.87,Completed,Bank Transfer
PAY00002177,CLM0003030,2022-06-11,43623.9,Completed,Online
PAY00002178,CLM0003033,2023-04-12,11663.44,Completed,Online
PAY00002179,CLM0003035,2024-02-02,68829.58,Completed,Bank Transfer
PAY00002180,CLM0003036,2022-03-11,10763.5,Completed,Online
PAY00002181,CLM0003037,2024-08-14,12403.95,Completed,Bank Transfer
PAY00002182,CLM0003037,2024-08-14,308.49,Completed,Online
PAY00002183,CLM0003040,2022-04-06,18242.77,Completed,Bank Transfer
PAY00002184,CLM0003042,2022-05-16,12241.14,Completed,Online
PAY00002185,CLM0003043,2022-06-05,12310.79,Completed,Online
PAY00002186,CLM0003044,2024-07-11,23079.84,Completed,Cheque
PAY00002187,CLM0003045,2023-01-11,1777.62,Completed,Bank Transfer
PAY00002188,CLM0003045,2023-01-11,28297.31,Completed,Online
PAY00002189,CLM0003046,2022-03-21,117720.77,Completed,Bank Transfer
PAY00002190,CLM0003047,2022-10-30,1805.78,Completed,Bank Transfer
PAY00002191,CLM0003050,2023-03-03,39764.66,Completed,Online
PAY00002192,CLM0003051,2024-09-22,5625.3,Completed,Cheque
PAY00002193,CLM0003052,2025-12-18,15724.81,Completed,Bank Transfer
PAY00002194,CLM0003054,2025-02-07,72435.93,Completed,Online
PAY00002195,CLM0003055,2024-02-29,75415.7,Completed,Bank Transfer
PAY00002196,CLM0003056,2024-07-31,13774.02,Completed,Cheque
PAY00002197,CLM0003057,2025-04-24,13919.43,Completed,Bank Transfer
PAY00002198,CLM0003060,2023-12-01,14734.93,Completed,Bank Transfer
PAY00002199,CLM0003061,2024-05-23,28972.12,Completed,Bank Transfer
PAY00002200,CLM0003068,2023-10-11,12852.61,Completed,Bank Transfer
PAY00002201,CLM0003071,2024-03-21,12517.43,Completed,Bank Transfer
PAY00002202,CLM0003072,2024-10-16,23417.56,Completed,Bank Transfer
PAY00002203,CLM0003074,2025-05-18,35040.53,Completed,Bank Transfer
PAY00002204,CLM0003075,2023-10-06,4455.26,Completed,Bank Transfer
PAY00002205,CLM0003075,2023-10-06,2231.82,Completed,Online
PAY00002206,CLM0003076,2025-07-27,14788.62,Completed,Bank Transfer
PAY00002207,CLM0003077,2024-08-12,5454.78,Completed,Bank Transfer
PAY00002208,CLM0003078,2025-03-25,3402.89,Completed,Bank Transfer
PAY00002209,CLM0003079,2025-10-11,6241.78,Completed,Online
PAY00002210,CLM0003080,2022-03-17,79793.7,Completed,Bank Transfer
PAY00002211,CLM0003082,2024-02-27,8695.65,Completed,Bank Transfer
PAY00002212,CLM0003083,2025-12-28,7118.79,Completed,Bank Transfer
PAY00002213,CLM0003084,2025-12-12,41285.8,Completed,Cheque
PAY00002214,CLM0003085,2023-04-10,5561.89,Completed,Bank Transfer
PAY00002215,CLM0003085,2023-04-10,2552.93,Completed,Bank Transfer
PAY00002216,CLM0003088,2024-12-25,3764.93,Completed,Bank Transfer
PAY00002217,CLM0003090,2025-10-06,10892.59,Completed,Bank Transfer
PAY00002218,CLM0003092,2023-05-09,4464.88,Completed,Bank Transfer
PAY00002219,CLM0003093,2026-03-01,86509.62,Completed,Bank Transfer
PAY00002220,CLM0003096,2025-08-03,21913.72,Completed,Bank Transfer
PAY00002221,CLM0003097,2024-12-31,6093.77,Completed,Bank Transfer
PAY00002222,CLM0003100,2022-06-11,11573.09,Completed,Bank Transfer
PAY00002223,CLM0003101,2025-04-18,41551.01,Completed,Online
PAY00002224,CLM0003103,2025-03-11,30551.95,Completed,Bank Transfer
PAY00002225,CLM0003103,2025-03-11,7014.42,Completed,Bank Transfer
PAY00002226,CLM0003104,2022-01-23,42396.01,Completed,Bank Transfer
PAY00002227,CLM0003105,2022-10-03,9958.37,Completed,Bank Transfer
PAY00002228,CLM0003105,2022-10-03,2786.18,Completed,Bank Transfer
PAY00002229,CLM0003106,2022-03-19,16276.33,Completed,Bank Transfer
PAY00002230,CLM0003109,2024-07-25,5213.6,Completed,Online
PAY00002231,CLM0003109,2024-07-25,8729.16,Completed,Online
PAY00002232,CLM0003111,2022-11-02,4945.08,Completed,Online
PAY00002233,CLM0003112,2023-09-23,27655.21,Completed,Online
PAY00002234,CLM0003115,2022-07-19,9935.34,Completed,Bank Transfer
PAY00002235,CLM0003116,2023-02-04,10927.55,Completed,Bank Transfer
PAY00002236,CLM0003117,2024-11-08,7033.27,Completed,Bank Transfer
PAY00002237,CLM0003117,2024-11-08,6397.21,Completed,Bank Transfer
PAY00002238,CLM0003118,2026-09-01,2904.56,Completed,Online
PAY00002239,CLM0003118,2026-09-01,5222.41,Completed,Cheque
PAY00002240,CLM0003120,2024-07-05,37971.23,Completed,Bank Transfer
PAY00002241,CLM0003124,2025-04-03,1540.37,Completed,Bank Transfer
PAY00002242,CLM0003124,2025-04-03,1564.15,Completed,Bank Transfer
PAY00002243,CLM0003127,2024-09-06,70351.7,Completed,Bank Transfer
PAY00002244,CLM0003129,2022-09-12,7785.28,Completed,Bank Transfer
PAY00002245,CLM0003130,2025-07-16,11503.74,Completed,Bank Transfer
PAY00002246,CLM0003130,2025-07-16,2213.97,Completed,Bank Transfer
PAY00002247,CLM0003131,2023-09-19,79927.53,Completed,Bank Transfer
PAY00002248,CLM0003132,2022-12-13,136909.52,Completed,Bank Transfer
PAY00002249,CLM0003135,2022-09-05,24976.36,Completed,Bank Transfer
PAY00002250,CLM0003135,2022-09-05,14099.97,Completed,Bank Transfer
PAY00002251,CLM0003136,2024-09-04,117132.71,Completed,Bank Transfer
PAY00002252,CLM0003138,2025-07-15,12301.65,Completed,Bank Transfer
PAY00002253,CLM0003140,2025-10-09,5375.71,Completed,Bank Transfer
PAY00002254,CLM0003140,2025-10-09,17662.16,Completed,Bank Transfer
PAY00002255,CLM0003141,2023-12-21,389.23,Completed,Online
PAY00002256,CLM0003141,2023-12-21,68954.78,Completed,Online
PAY00002257,CLM0003142,2024-03-24,24334.97,Completed,Bank Transfer
PAY00002258,CLM0003143,2023-12-27,17297.9,Completed,Bank Transfer
PAY00002259,CLM0003144,2025-07-24,19029.14,Completed,Online
PAY00002260,CLM0003145,2026-01-16,987.07,Completed,Bank Transfer
PAY00002261,CLM0003145,2026-01-16,3752.66,Completed,Bank Transfer
PAY00002262,CLM0003146,2024-09-21,3075.76,Completed,Bank Transfer
PAY00002263,CLM0003147,2023-06-27,8486.06,Completed,Bank Transfer
PAY00002264,CLM0003147,2023-06-27,3856.11,Pending,Bank Transfer
PAY00002265,CLM0003149,2025-10-02,7725.02,Completed,Cheque
PAY00002266,CLM0003150,2022-04-07,8606.02,Completed,Bank Transfer
PAY00002267,CLM0003152,2025-09-27,2982.62,Completed,Bank Transfer
PAY00002268,CLM0003154,2025-06-13,25037.25,Completed,Bank Transfer
PAY00002269,CLM0003154,2025-06-13,4922.55,Completed,Bank Transfer
PAY00002270,CLM0003155,2022-08-20,1466.84,Completed,Online
PAY00002271,CLM0003155,2022-08-20,3888.78,Completed,Online
PAY00002272,CLM0003157,2023-06-07,26994.93,Completed,Bank Transfer
PAY00002273,CLM0003158,2023-11-07,40892.93,Completed,Bank Transfer
PAY00002274,CLM0003160,2023-07-04,6897.65,Completed,Bank Transfer
PAY00002275,CLM0003161,2022-08-28,35096.31,Completed,Bank Transfer
PAY00002276,CLM0003163,2022-07-15,11899.61,Completed,Bank Transfer
PAY00002277,CLM0003165,2024-07-27,24465.64,Completed,Bank Transfer
PAY00002278,CLM0003165,2024-07-27,19452.64,Completed,Bank Transfer
PAY00002279,CLM0003166,2022-12-05,2744.35,Completed,Cheque
PAY00002280,CLM0003169,2024-11-11,6155.43,Completed,Bank Transfer
PAY00002281,CLM0003172,2023-09-08,138817.41,Completed,Online
PAY00002282,CLM0003173,2022-05-23,10197.57,Completed,Bank Transfer
PAY00002283,CLM0003173,2022-05-23,11446.38,Completed,Bank Transfer
PAY00002284,CLM0003174,2022-09-11,1312.44,Completed,Bank Transfer
PAY00002285,CLM0003174,2022-09-11,5374.71,Completed,Bank Transfer
PAY00002286,CLM0003175,2025-03-02,766.18,Completed,Cheque
PAY00002287,CLM0003175,2025-03-02,5618.74,Pending,Bank Transfer
PAY00002288,CLM0003176,2023-12-28,6812.42,Completed,Bank Transfer
PAY00002289,CLM0003180,2025-05-25,18544.58,Completed,Bank Transfer
PAY00002290,CLM0003181,2024-09-07,7749.02,Completed,Bank Transfer
PAY00002291,CLM0003183,2024-02-12,12051.37,Completed,Bank Transfer
PAY00002292,CLM0003185,2024-11-03,1206.21,Pending,Bank Transfer
PAY00002293,CLM0003185,2024-11-03,8026.25,Completed,Cheque
PAY00002294,CLM0003191,2023-10-28,12403.41,Completed,Cheque
PAY00002295,CLM0003192,2026-02-15,19665.21,Pending,Bank Transfer
PAY00002296,CLM0003193,2023-01-26,14887.12,Completed,Cheque
PAY00002297,CLM0003194,2024-10-02,38916.55,Completed,Bank Transfer
PAY00002298,CLM0003196,2023-08-18,4421.37,Pending,Bank Transfer
PAY00002299,CLM0003198,2023-03-21,2986.59,Completed,Bank Transfer
PAY00002300,CLM0003198,2023-03-21,15194.5,Completed,Bank Transfer
PAY00002301,CLM0003199,2024-10-03,2924.82,Completed,Bank Transfer
PAY00002302,CLM0003199,2024-10-03,673.69,Completed,Online
PAY00002303,CLM0003200,2022-08-27,30299.4,Completed,Bank Transfer
PAY00002304,CLM0003200,2022-08-27,4216.01,Completed,Online
PAY00002305,CLM0003204,2023-02-15,10085.35,Completed,Online
PAY00002306,CLM0003205,2022-04-05,1846.72,Completed,Bank Transfer
PAY00002307,CLM0003205,2022-04-05,22050.24,Completed,Bank Transfer
PAY00002308,CLM0003206,2023-01-15,18634.3,Completed,Bank Transfer
PAY00002309,CLM0003207,2024-10-30,11481.16,Completed,Online
PAY00002310,CLM0003207,2024-10-30,4976.89,Completed,Bank Transfer
PAY00002311,CLM0003209,2025-08-05,9628.82,Completed,Bank Transfer
PAY00002312,CLM0003210,2025-05-04,1778.73,Completed,Bank Transfer
PAY00002313,CLM0003210,2025-05-04,31775.49,Completed,Bank Transfer
PAY00002314,CLM0003212,2025-01-30,11911.43,Completed,Bank Transfer
PAY00002315,CLM0003217,2025-03-04,12943.73,Completed,Cheque
PAY00002316,CLM0003218,2024-05-06,7486.24,Pending,Bank Transfer
PAY00002317,CLM0003218,2024-05-06,296.36,Completed,Bank Transfer
PAY00002318,CLM0003220,2025-02-18,15000.67,Pending,Bank Transfer
PAY00002319,CLM0003220,2025-02-18,79485.75,Completed,Bank Transfer
PAY00002320,CLM0003221,2024-07-12,5576.34,Completed,Bank Transfer
PAY00002321,CLM0003222,2025-04-05,18040.74,Completed,Bank Transfer
PAY00002322,CLM0003223,2025-05-06,9643.3,Completed,Bank Transfer
PAY00002323,CLM0003226,2025-12-09,4710.58,Completed,Bank Transfer
PAY00002324,CLM0003226,2025-12-09,6713.88,Pending,Bank Transfer
PAY00002325,CLM0003228,2023-04-14,4910.8,Completed,Bank Transfer
PAY00002326,CLM0003229,2023-09-12,14277.76,Completed,Bank Transfer
PAY00002327,CLM0003231,2022-07-10,9120.57,Completed,Bank Transfer
PAY00002328,CLM0003232,2024-11-11,21466.76,Pending,Bank Transfer
PAY00002329,CLM0003233,2024-01-24,26230.24,Completed,Bank Transfer
PAY00002330,CLM0003234,2023-12-18,1930,Completed,Bank Transfer
PAY00002331,CLM0003234,2023-12-18,2242.43,Completed,Online
PAY00002332,CLM0003235,2023-01-11,5727.02,Completed,Bank Transfer
PAY00002333,CLM0003236,2025-09-04,4527.46,Completed,Bank Transfer
PAY00002334,CLM0003236,2025-09-04,3547.02,Completed,Bank Transfer
PAY00002335,CLM0003240,2024-10-06,43058.21,Completed,Bank Transfer
PAY00002336,CLM0003242,2023-07-01,22466.83,Completed,Bank Transfer
PAY00002337,CLM0003242,2023-07-01,11839.23,Completed,Bank Transfer
PAY00002338,CLM0003243,2023-03-03,203.83,Completed,Bank Transfer
PAY00002339,CLM0003243,2023-03-03,5589.72,Completed,Online
PAY00002340,CLM0003244,2024-03-31,14356.28,Completed,Cheque
PAY00002341,CLM0003245,2025-07-15,12764.24,Completed,Bank Transfer
PAY00002342,CLM0003247,2026-06-01,8704.58,Completed,Bank Transfer
PAY00002343,CLM0003249,2023-02-04,2543.49,Completed,Bank Transfer
PAY00002344,CLM0003249,2023-02-04,2388.66,Completed,Bank Transfer
PAY00002345,CLM0003250,2025-08-08,10793.18,Completed,Bank Transfer
PAY00002346,CLM0003252,2022-09-17,6536.26,Completed,Bank Transfer
PAY00002347,CLM0003253,2025-03-02,28912.25,Completed,Bank Transfer
PAY00002348,CLM0003255,2023-11-26,2458.47,Completed,Online
PAY00002349,CLM0003257,2025-07-03,7366.94,Completed,Bank Transfer
PAY00002350,CLM0003263,2024-06-08,14146.89,Completed,Cheque
PAY00002351,CLM0003263,2024-06-08,19018.66,Completed,Bank Transfer
PAY00002352,CLM0003264,2024-12-12,15275.99,Pending,Bank Transfer
PAY00002353,CLM0003266,2023-09-30,59296.96,Completed,Online
PAY00002354,CLM0003267,2025-07-12,31729.54,Completed,Bank Transfer
PAY00002355,CLM0003267,2025-07-12,1624.76,Completed,Bank Transfer
PAY00002356,CLM0003268,2025-09-07,4250.62,Completed,Bank Transfer
PAY00002357,CLM0003268,2025-09-07,6236.79,Completed,Bank Transfer
PAY00002358,CLM0003271,2025-07-27,10135.41,Completed,Cheque
PAY00002359,CLM0003273,2022-12-24,3000.95,Completed,Bank Transfer
PAY00002360,CLM0003274,2023-11-06,8131.59,Completed,Bank Transfer
PAY00002361,CLM0003276,2022-05-14,4732.94,Completed,Bank Transfer
PAY00002362,CLM0003277,2022-10-14,13853.48,Completed,Bank Transfer
PAY00002363,CLM0003279,2023-08-10,74395.46,Completed,Bank Transfer
PAY00002364,CLM0003279,2023-08-10,40487.67,Pending,Bank Transfer
PAY00002365,CLM0003280,2024-03-15,57715.97,Completed,Bank Transfer
PAY00002366,CLM0003281,2022-10-17,14819.01,Completed,Bank Transfer
PAY00002367,CLM0003284,2023-01-30,3763.36,Completed,Bank Transfer
PAY00002368,CLM0003286,2023-09-10,10249.58,Completed,Bank Transfer
PAY00002369,CLM0003287,2025-03-29,22293.59,Completed,Bank Transfer
PAY00002370,CLM0003289,2025-01-27,8034.52,Completed,Bank Transfer
PAY00002371,CLM0003289,2025-01-27,2137.87,Pending,Bank Transfer
PAY00002372,CLM0003294,2025-03-31,11124.45,Completed,Bank Transfer
PAY00002373,CLM0003296,2022-05-07,4244.35,Completed,Online
PAY00002374,CLM0003296,2022-05-07,29447.6,Completed,Online
PAY00002375,CLM0003298,2024-09-19,23238.01,Completed,Bank Transfer
PAY00002376,CLM0003299,2024-08-05,7048.82,Completed,Online
PAY00002377,CLM0003300,2025-01-11,9119.81,Completed,Bank Transfer
PAY00002378,CLM0003300,2025-01-11,14546.5,Completed,Cheque
PAY00002379,CLM0003301,2024-01-25,21173.14,Pending,Online
PAY00002380,CLM0003304,2025-08-22,892.75,Completed,Bank Transfer
PAY00002381,CLM0003304,2025-08-22,3005.81,Completed,Online
PAY00002382,CLM0003307,2024-03-12,32982.37,Completed,Bank Transfer
PAY00002383,CLM0003309,2026-01-14,17616.39,Completed,Bank Transfer
PAY00002384,CLM0003310,2024-08-19,17922,Completed,Bank Transfer
PAY00002385,CLM0003311,2026-04-02,14690.55,Completed,Bank Transfer
PAY00002386,CLM0003315,2025-03-03,10356.99,Completed,Bank Transfer
PAY00002387,CLM0003315,2025-03-03,337.19,Completed,Online
PAY00002388,CLM0003317,2025-01-27,15721.23,Completed,Bank Transfer
PAY00002389,CLM0003320,2024-12-13,9851.51,Completed,Bank Transfer
PAY00002390,CLM0003322,2025-07-28,1860.6,Completed,Bank Transfer
PAY00002391,CLM0003322,2025-07-28,14463.59,Completed,Bank Transfer
PAY00002392,CLM0003327,2024-07-05,12843.27,Completed,Online
PAY00002393,CLM0003327,2024-07-05,8307.45,Pending,Online
PAY00002394,CLM0003329,2023-03-14,38910.95,Completed,Bank Transfer
PAY00002395,CLM0003330,2022-12-11,9984.91,Completed,Bank Transfer
PAY00002396,CLM0003331,2025-04-29,13373.65,Completed,Bank Transfer
PAY00002397,CLM0003331,2025-04-29,49075.11,Completed,Bank Transfer
PAY00002398,CLM0003334,2022-09-18,5576.11,Completed,Online
PAY00002399,CLM0003334,2022-09-18,29083.88,Completed,Bank Transfer
PAY00002400,CLM0003335,2022-09-17,33590.2,Pending,Bank Transfer
PAY00002401,CLM0003336,2022-07-25,3707.04,Completed,Bank Transfer
PAY00002402,CLM0003338,2022-07-24,19493.4,Completed,Bank Transfer
PAY00002403,CLM0003344,2022-02-06,35550.67,Completed,Bank Transfer
PAY00002404,CLM0003345,2022-02-12,33293.43,Pending,Bank Transfer
PAY00002405,CLM0003346,2024-02-08,24562.1,Completed,Bank Transfer
PAY00002406,CLM0003350,2024-11-24,28824.88,Pending,Bank Transfer
PAY00002407,CLM0003350,2024-11-24,4294.46,Completed,Bank Transfer
PAY00002408,CLM0003351,2023-08-12,21063.02,Pending,Bank Transfer
PAY00002409,CLM0003355,2024-01-08,28846.17,Completed,Bank Transfer
PAY00002410,CLM0003358,2024-09-18,15780.56,Completed,Bank Transfer
PAY00002411,CLM0003358,2024-09-18,12046.45,Pending,Bank Transfer
PAY00002412,CLM0003359,2022-06-06,27614.66,Completed,Online
PAY00002413,CLM0003363,2024-03-06,8209.16,Completed,Online
PAY00002414,CLM0003366,2025-03-05,28826.31,Pending,Bank Transfer
PAY00002415,CLM0003366,2025-03-05,4738.66,Completed,Bank Transfer
PAY00002416,CLM0003367,2025-07-13,46291.97,Completed,Bank Transfer
PAY00002417,CLM0003368,2022-04-10,11571.23,Completed,Cheque
PAY00002418,CLM0003369,2023-04-01,22069.32,Completed,Bank Transfer
PAY00002419,CLM0003370,2025-04-08,11627.75,Completed,Bank Transfer
PAY00002420,CLM0003373,2024-09-21,19380.12,Completed,Bank Transfer
PAY00002421,CLM0003376,2022-10-11,9101.75,Completed,Bank Transfer
PAY00002422,CLM0003379,2025-05-14,12336.9,Completed,Bank Transfer
PAY00002423,CLM0003379,2025-05-14,6102.57,Completed,Bank Transfer
PAY00002424,CLM0003381,2024-06-08,46408.47,Completed,Cheque
PAY00002425,CLM0003382,2023-11-30,38227.26,Completed,Bank Transfer
PAY00002426,CLM0003383,2025-09-08,18258.27,Completed,Bank Transfer
PAY00002427,CLM0003387,2025-12-05,9756.46,Completed,Online
PAY00002428,CLM0003388,2022-12-31,6273.32,Completed,Bank Transfer
PAY00002429,CLM0003391,2025-06-28,38379.73,Completed,Bank Transfer
PAY00002430,CLM0003392,2024-10-10,85311.41,Completed,Online
PAY00002431,CLM0003393,2025-06-25,13792.12,Completed,Bank Transfer
PAY00002432,CLM0003393,2025-06-25,16884.76,Completed,Cheque
PAY00002433,CLM0003395,2024-06-15,17748.08,Completed,Bank Transfer
PAY00002434,CLM0003396,2024-09-28,6373.52,Completed,Online
PAY00002435,CLM0003396,2024-09-28,2191.76,Completed,Bank Transfer
PAY00002436,CLM0003397,2023-11-28,15511.82,Completed,Cheque
PAY00002437,CLM0003398,2022-12-08,9043.13,Completed,Bank Transfer
PAY00002438,CLM0003399,2025-08-19,8736.29,Completed,Bank Transfer
PAY00002439,CLM0003399,2025-08-19,60570.95,Completed,Bank Transfer
PAY00002440,CLM0003400,2023-06-16,24890.12,Completed,Bank Transfer
PAY00002441,CLM0003403,2023-07-10,19302.39,Completed,Cheque
PAY00002442,CLM0003404,2022-02-24,22873.53,Completed,Bank Transfer
PAY00002443,CLM0003405,2025-08-15,18933.38,Pending,Bank Transfer
PAY00002444,CLM0003406,2024-05-07,39484.78,Completed,Bank Transfer
PAY00002445,CLM0003407,2022-10-05,28008.01,Completed,Cheque
PAY00002446,CLM0003408,2025-08-30,1434.43,Completed,Bank Transfer
PAY00002447,CLM0003408,2025-08-30,7159.43,Pending,Bank Transfer
PAY00002448,CLM0003409,2023-01-15,30415.72,Completed,Bank Transfer
PAY00002449,CLM0003410,2023-09-25,17006.62,Completed,Bank Transfer
PAY00002450,CLM0003411,2022-11-11,12596.16,Completed,Bank Transfer
PAY00002451,CLM0003412,2025-04-16,1101.49,Completed,Bank Transfer
PAY00002452,CLM0003412,2025-04-16,4648.09,Completed,Bank Transfer
PAY00002453,CLM0003413,2024-03-02,20860.37,Completed,Bank Transfer
PAY00002454,CLM0003417,2023-12-20,11603.53,Completed,Bank Transfer
PAY00002455,CLM0003418,2022-04-22,6328.97,Completed,Bank Transfer
PAY00002456,CLM0003420,2025-07-08,11780.01,Completed,Bank Transfer
PAY00002457,CLM0003422,2023-09-22,6734.47,Completed,Bank Transfer
PAY00002458,CLM0003423,2022-12-27,68222.27,Completed,Online
PAY00002459,CLM0003424,2023-05-13,34846.81,Completed,Bank Transfer
PAY00002460,CLM0003425,2022-05-27,2906.23,Completed,Cheque
PAY00002461,CLM0003425,2022-05-27,1156.84,Completed,Bank Transfer
PAY00002462,CLM0003426,2022-12-11,21151.15,Completed,Bank Transfer
PAY00002463,CLM0003428,2023-06-28,13151.38,Completed,Bank Transfer
PAY00002464,CLM0003429,2025-06-20,7230.77,Completed,Bank Transfer
PAY00002465,CLM0003430,2024-07-29,8668.02,Pending,Online
PAY00002466,CLM0003435,2022-01-10,1372.48,Completed,Bank Transfer
PAY00002467,CLM0003435,2022-01-10,2449.98,Completed,Online
PAY00002468,CLM0003436,2025-04-14,8649.11,Completed,Bank Transfer
PAY00002469,CLM0003438,2025-06-21,14782.42,Completed,Cheque
PAY00002470,CLM0003438,2025-06-21,10740.06,Completed,Bank Transfer
PAY00002471,CLM0003439,2025-11-24,16028.54,Pending,Cheque
PAY00002472,CLM0003441,2024-04-20,9262.59,Completed,Bank Transfer
PAY00002473,CLM0003441,2024-04-20,6137.55,Completed,Bank Transfer
PAY00002474,CLM0003442,2022-12-22,67753.29,Completed,Online
PAY00002475,CLM0003442,2022-12-22,36240.87,Completed,Cheque
PAY00002476,CLM0003443,2023-09-23,12435.57,Completed,Bank Transfer
PAY00002477,CLM0003444,2024-11-25,16349.38,Completed,Bank Transfer
PAY00002478,CLM0003445,2026-02-15,4355.29,Completed,Bank Transfer
PAY00002479,CLM0003445,2026-02-15,11357.09,Completed,Cheque
PAY00002480,CLM0003447,2024-04-20,24656.4,Completed,Bank Transfer
PAY00002481,CLM0003448,2022-06-24,24854.23,Completed,Bank Transfer
PAY00002482,CLM0003450,2025-09-04,3120.22,Completed,Bank Transfer
PAY00002483,CLM0003451,2026-05-01,17385.84,Completed,Bank Transfer
PAY00002484,CLM0003452,2024-10-01,9636.6,Completed,Cheque
PAY00002485,CLM0003454,2022-08-28,5838.86,Completed,Online
PAY00002486,CLM0003455,2023-08-07,5030.49,Completed,Online
PAY00002487,CLM0003455,2023-08-07,3246.22,Completed,Bank Transfer
PAY00002488,CLM0003457,2024-06-17,65211.97,Completed,Bank Transfer
PAY00002489,CLM0003463,2025-11-12,8160.14,Completed,Cheque
PAY00002490,CLM0003465,2026-01-22,27593.35,Completed,Online
PAY00002491,CLM0003468,2022-05-11,11069.99,Pending,Bank Transfer
PAY00002492,CLM0003470,2024-04-19,316.83,Completed,Online
PAY00002493,CLM0003470,2024-04-19,6483.32,Completed,Online
PAY00002494,CLM0003472,2024-09-03,8999.65,Completed,Bank Transfer
PAY00002495,CLM0003472,2024-09-03,1178.08,Completed,Online
PAY00002496,CLM0003473,2024-12-12,14105.94,Completed,Bank Transfer
PAY00002497,CLM0003473,2024-12-12,627.52,Completed,Online
PAY00002498,CLM0003474,2025-01-17,9758.57,Completed,Online
PAY00002499,CLM0003475,2023-06-23,28555.68,Completed,Online
PAY00002500,CLM0003477,2024-02-08,9149.15,Completed,Online
PAY00002501,CLM0003478,2022-09-20,7406.96,Completed,Online
PAY00002502,CLM0003478,2022-09-20,14984.59,Completed,Bank Transfer
PAY00002503,CLM0003479,2022-02-14,31185.29,Completed,Bank Transfer
PAY00002504,CLM0003480,2022-03-17,1863.36,Completed,Bank Transfer
PAY00002505,CLM0003480,2022-03-17,2989.68,Completed,Bank Transfer
PAY00002506,CLM0003482,2025-06-16,17334.93,Completed,Bank Transfer
PAY00002507,CLM0003483,2023-10-29,5435.65,Completed,Bank Transfer
PAY00002508,CLM0003483,2023-10-29,15025.66,Completed,Bank Transfer
PAY00002509,CLM0003487,2022-05-24,1869.07,Completed,Online
PAY00002510,CLM0003487,2022-05-24,16258.82,Completed,Bank Transfer
PAY00002511,CLM0003488,2025-11-01,7022.56,Completed,Bank Transfer
PAY00002512,CLM0003488,2025-11-01,1864.04,Completed,Bank Transfer
PAY00002513,CLM0003489,2025-02-13,4419.56,Completed,Bank Transfer
PAY00002514,CLM0003490,2022-07-25,17409.08,Pending,Bank Transfer
PAY00002515,CLM0003493,2024-02-12,1909.6,Completed,Bank Transfer
PAY00002516,CLM0003493,2024-02-12,7134.45,Completed,Cheque
PAY00002517,CLM0003494,2022-07-02,17573.26,Completed,Bank Transfer
PAY00002518,CLM0003495,2022-04-18,30623.06,Completed,Bank Transfer
PAY00002519,CLM0003497,2025-09-26,7361.66,Completed,Online
PAY00002520,CLM0003498,2024-02-09,16579.51,Completed,Bank Transfer
PAY00002521,CLM0003498,2024-02-09,10216.76,Pending,Bank Transfer
PAY00002522,CLM0003499,2025-08-07,2754.13,Completed,Bank Transfer
PAY00002523,CLM0003500,2024-08-25,36012.68,Completed,Online
PAY00002524,CLM0003502,2025-11-23,18301.89,Completed,Online
PAY00002525,CLM0003503,2024-05-03,13402.31,Completed,Bank Transfer
PAY00002526,CLM0003504,2025-08-29,8374.16,Completed,Online
PAY00002527,CLM0003504,2025-08-29,23547.77,Completed,Bank Transfer
PAY00002528,CLM0003505,2023-11-14,20848.38,Completed,Bank Transfer
PAY00002529,CLM0003508,2025-03-03,46167.58,Pending,Bank Transfer
PAY00002530,CLM0003508,2025-03-03,8997.64,Completed,Bank Transfer
PAY00002531,CLM0003510,2024-06-03,85402.98,Pending,Bank Transfer
PAY00002532,CLM0003510,2024-06-03,49572.68,Pending,Bank Transfer
PAY00002533,CLM0003512,2024-12-31,2854.01,Completed,Bank Transfer
PAY00002534,CLM0003512,2024-12-31,9385.93,Completed,Bank Transfer
PAY00002535,CLM0003513,2022-07-07,8274.81,Completed,Cheque
PAY00002536,CLM0003520,2023-11-10,7977.03,Completed,Bank Transfer
PAY00002537,CLM0003520,2023-11-10,9498.8,Pending,Online
PAY00002538,CLM0003521,2022-06-21,4017.25,Completed,Online
PAY00002539,CLM0003522,2022-09-14,17187.46,Completed,Bank Transfer
PAY00002540,CLM0003523,2022-07-04,10423.14,Pending,Bank Transfer
PAY00002541,CLM0003523,2022-07-04,953.02,Completed,Bank Transfer
PAY00002542,CLM0003524,2023-01-08,11314.72,Completed,Cheque
PAY00002543,CLM0003525,2023-07-10,22775.93,Completed,Cheque
PAY00002544,CLM0003529,2024-09-01,5363.2,Completed,Online
PAY00002545,CLM0003531,2025-10-04,52818.66,Completed,Bank Transfer
PAY00002546,CLM0003532,2024-02-05,15449.62,Completed,Bank Transfer
PAY00002547,CLM0003533,2022-05-28,24314.09,Completed,Bank Transfer
PAY00002548,CLM0003533,2022-05-28,902.62,Completed,Bank Transfer
PAY00002549,CLM0003536,2026-08-03,7388.73,Completed,Bank Transfer
PAY00002550,CLM0003537,2024-07-27,3448.84,Completed,Bank Transfer
PAY00002551,CLM0003538,2025-08-16,8004.63,Completed,Bank Transfer
PAY00002552,CLM0003539,2022-06-26,4462.73,Completed,Bank Transfer
PAY00002553,CLM0003540,2023-08-22,26915.07,Completed,Bank Transfer
PAY00002554,CLM0003540,2023-08-22,200.39,Completed,Bank Transfer
PAY00002555,CLM0003541,2022-09-19,11968.38,Completed,Bank Transfer
PAY00002556,CLM0003541,2022-09-19,699.86,Completed,Bank Transfer
PAY00002557,CLM0003543,2024-04-03,14723.76,Completed,Bank Transfer
PAY00002558,CLM0003545,2022-02-22,23661.64,Completed,Bank Transfer
PAY00002559,CLM0003547,2023-01-02,3305.11,Completed,Bank Transfer
PAY00002560,CLM0003547,2023-01-02,177.12,Completed,Bank Transfer
PAY00002561,CLM0003550,2024-12-13,12320.88,Completed,Online
PAY00002562,CLM0003552,2023-06-24,25256.8,Completed,Bank Transfer
PAY00002563,CLM0003553,2023-10-17,6573.75,Completed,Bank Transfer
PAY00002564,CLM0003553,2023-10-17,1227.35,Completed,Cheque
PAY00002565,CLM0003555,2023-04-02,11643.95,Completed,Bank Transfer
PAY00002566,CLM0003555,2023-04-02,6772.24,Completed,Online
PAY00002567,CLM0003563,2025-08-19,6015.37,Completed,Bank Transfer
PAY00002568,CLM0003563,2025-08-19,840.5,Completed,Cheque
PAY00002569,CLM0003564,2024-01-02,5658.17,Completed,Bank Transfer
PAY00002570,CLM0003564,2024-01-02,3037.88,Pending,Bank Transfer
PAY00002571,CLM0003565,2022-10-05,4682,Completed,Bank Transfer
PAY00002572,CLM0003566,2024-01-11,20424.87,Completed,Online
PAY00002573,CLM0003567,2022-06-16,27801.35,Completed,Bank Transfer
PAY00002574,CLM0003574,2025-11-15,9357.88,Completed,Bank Transfer
PAY00002575,CLM0003575,2023-06-22,5493.84,Completed,Bank Transfer
PAY00002576,CLM0003575,2023-06-22,4461.49,Completed,Bank Transfer
PAY00002577,CLM0003576,2022-01-18,3879.52,Completed,Bank Transfer
PAY00002578,CLM0003579,2025-10-27,4956.9,Completed,Bank Transfer
PAY00002579,CLM0003579,2025-10-27,29432.34,Completed,Bank Transfer
PAY00002580,CLM0003580,2025-06-05,8151.91,Completed,Online
PAY00002581,CLM0003583,2025-07-22,1563.81,Completed,Online
PAY00002582,CLM0003583,2025-07-22,2044.18,Pending,Bank Transfer
PAY00002583,CLM0003585,2022-08-31,65999.84,Completed,Bank Transfer
PAY00002584,CLM0003589,2025-08-31,7484.3,Completed,Bank Transfer
PAY00002585,CLM0003590,2024-07-10,5437.57,Completed,Bank Transfer
PAY00002586,CLM0003591,2023-04-11,56460.8,Pending,Bank Transfer
PAY00002587,CLM0003593,2024-11-24,19585.49,Completed,Bank Transfer
PAY00002588,CLM0003593,2024-11-24,2510.72,Completed,Bank Transfer
PAY00002589,CLM0003594,2023-09-29,2254.62,Completed,Bank Transfer
PAY00002590,CLM0003594,2023-09-29,55038.2,Completed,Bank Transfer
PAY00002591,CLM0003598,2025-12-10,31971.68,Pending,Bank Transfer
PAY00002592,CLM0003599,2022-03-29,17434.94,Completed,Bank Transfer
PAY00002593,CLM0003599,2022-03-29,31482.33,Completed,Bank Transfer
PAY00002594,CLM0003602,2023-10-04,11186.38,Completed,Online
PAY00002595,CLM0003604,2024-06-05,31529.48,Completed,Bank Transfer
PAY00002596,CLM0003606,2023-10-28,13167.28,Completed,Online
PAY00002597,CLM0003606,2023-10-28,5972.32,Completed,Bank Transfer
PAY00002598,CLM0003607,2022-05-16,261.9,Completed,Online
PAY00002599,CLM0003607,2022-05-16,4916.72,Completed,Bank Transfer
PAY00002600,CLM0003608,2023-01-06,3157.95,Completed,Online
PAY00002601,CLM0003608,2023-01-06,22011.28,Completed,Bank Transfer
PAY00002602,CLM0003610,2023-10-14,39218.74,Completed,Cheque
PAY00002603,CLM0003611,2025-07-01,7105.76,Completed,Cheque
PAY00002604,CLM0003611,2025-07-01,16964.46,Completed,Bank Transfer
PAY00002605,CLM0003615,2024-10-02,7877.97,Completed,Bank Transfer
PAY00002606,CLM0003615,2024-10-02,24799.08,Completed,Online
PAY00002607,CLM0003617,2023-04-19,19203.36,Completed,Bank Transfer
PAY00002608,CLM0003618,2024-08-11,19474.25,Completed,Bank Transfer
PAY00002609,CLM0003619,2024-06-01,12834.57,Completed,Bank Transfer
PAY00002610,CLM0003619,2024-06-01,9304.7,Completed,Online
PAY00002611,CLM0003620,2023-05-12,9085.01,Completed,Bank Transfer
PAY00002612,CLM0003621,2024-06-12,10600.32,Completed,Bank Transfer
PAY00002613,CLM0003623,2024-06-18,54716.63,Completed,Online
PAY00002614,CLM0003624,2023-01-11,7655.63,Completed,Bank Transfer
PAY00002615,CLM0003625,2025-10-15,7399.24,Completed,Bank Transfer
PAY00002616,CLM0003626,2023-03-15,3765.32,Completed,Bank Transfer
PAY00002617,CLM0003626,2023-03-15,1986.44,Completed,Bank Transfer
PAY00002618,CLM0003627,2023-12-22,1498.94,Completed,Bank Transfer
PAY00002619,CLM0003627,2023-12-22,1729.28,Pending,Bank Transfer
PAY00002620,CLM0003628,2023-08-30,19384.98,Completed,Bank Transfer
PAY00002621,CLM0003629,2024-05-28,11140.94,Completed,Bank Transfer
PAY00002622,CLM0003630,2022-12-10,6191.04,Completed,Online
PAY00002623,CLM0003632,2023-09-30,16157.54,Completed,Online
PAY00002624,CLM0003634,2023-03-05,7966.14,Pending,Online
PAY00002625,CLM0003637,2024-11-17,3573.79,Completed,Bank Transfer
PAY00002626,CLM0003637,2024-11-17,525.21,Completed,Bank Transfer
PAY00002627,CLM0003639,2022-12-04,7216.28,Completed,Cheque
PAY00002628,CLM0003639,2022-12-04,4265.37,Completed,Bank Transfer
PAY00002629,CLM0003641,2023-12-17,21312.39,Completed,Bank Transfer
PAY00002630,CLM0003642,2022-11-07,13221.28,Completed,Online
PAY00002631,CLM0003646,2024-07-20,11560.08,Completed,Bank Transfer
PAY00002632,CLM0003647,2024-12-23,6597.89,Completed,Bank Transfer
PAY00002633,CLM0003648,2023-11-02,83375.96,Completed,Bank Transfer
PAY00002634,CLM0003651,2023-03-07,37283.68,Completed,Bank Transfer
PAY00002635,CLM0003653,2025-05-14,73313.72,Completed,Online
PAY00002636,CLM0003653,2025-05-14,12317.56,Completed,Bank Transfer
PAY00002637,CLM0003657,2024-07-03,32676.6,Completed,Bank Transfer
PAY00002638,CLM0003661,2024-05-10,10572.38,Completed,Bank Transfer
PAY00002639,CLM0003663,2025-12-22,8574.85,Completed,Online
PAY00002640,CLM0003665,2023-08-27,12970.39,Completed,Cheque
PAY00002641,CLM0003665,2023-08-27,1716.77,Completed,Cheque
PAY00002642,CLM0003666,2022-02-11,6288.08,Completed,Bank Transfer
PAY00002643,CLM0003667,2022-02-16,36551.37,Completed,Bank Transfer
PAY00002644,CLM0003668,2022-05-08,30876.35,Completed,Bank Transfer
PAY00002645,CLM0003670,2025-07-25,16586.11,Completed,Online
PAY00002646,CLM0003671,2025-11-14,4290.67,Completed,Bank Transfer
PAY00002647,CLM0003671,2025-11-14,68554.1,Completed,Online
PAY00002648,CLM0003672,2025-02-04,25167.53,Completed,Bank Transfer
PAY00002649,CLM0003673,2024-10-06,8903.63,Completed,Bank Transfer
PAY00002650,CLM0003674,2024-12-18,15775.52,Completed,Bank Transfer
PAY00002651,CLM0003675,2023-12-31,9359.17,Completed,Online
PAY00002652,CLM0003676,2023-08-01,15366.26,Completed,Online
PAY00002653,CLM0003678,2023-04-16,6373.57,Completed,Bank Transfer
PAY00002654,CLM0003679,2023-11-07,48551.4,Completed,Bank Transfer
PAY00002655,CLM0003680,2023-11-01,9180.79,Completed,Bank Transfer
PAY00002656,CLM0003681,2024-04-02,90211.67,Pending,Bank Transfer
PAY00002657,CLM0003683,2025-06-09,2722.22,Pending,Bank Transfer
PAY00002658,CLM0003683,2025-06-09,2047.33,Completed,Bank Transfer
PAY00002659,CLM0003687,2023-04-13,8310.26,Completed,Bank Transfer
PAY00002660,CLM0003689,2024-06-15,41858.04,Completed,Cheque
PAY00002661,CLM0003690,2025-01-12,5116.97,Completed,Bank Transfer
PAY00002662,CLM0003691,2022-06-17,23407.95,Completed,Online
PAY00002663,CLM0003692,2022-03-25,4390.98,Pending,Bank Transfer
PAY00002664,CLM0003692,2022-03-25,189.28,Completed,Bank Transfer
PAY00002665,CLM0003697,2024-08-25,19502.86,Completed,Bank Transfer
PAY00002666,CLM0003697,2024-08-25,21329.38,Completed,Online
PAY00002667,CLM0003699,2024-01-26,14235.44,Completed,Bank Transfer
PAY00002668,CLM0003700,2023-02-24,3046.81,Completed,Bank Transfer
PAY00002669,CLM0003701,2024-04-28,11921.76,Completed,Bank Transfer
PAY00002670,CLM0003703,2024-10-24,10293.34,Pending,Bank Transfer
PAY00002671,CLM0003706,2025-11-19,10716.9,Completed,Online
PAY00002672,CLM0003708,2023-03-07,6549.01,Completed,Cheque
PAY00002673,CLM0003708,2023-03-07,43.78,Completed,Bank Transfer
PAY00002674,CLM0003710,2025-06-01,13922.35,Pending,Online
PAY00002675,CLM0003713,2024-06-10,21917.07,Completed,Bank Transfer
PAY00002676,CLM0003715,2022-05-21,91932.59,Completed,Bank Transfer
PAY00002677,CLM0003716,2023-10-21,8427.21,Completed,Bank Transfer
PAY00002678,CLM0003720,2022-04-16,105773.79,Completed,Online
PAY00002679,CLM0003722,2023-04-21,22483.6,Completed,Bank Transfer
PAY00002680,CLM0003722,2023-04-21,6981.95,Completed,Bank Transfer
PAY00002681,CLM0003727,2023-09-30,6418.28,Completed,Bank Transfer
PAY00002682,CLM0003730,2024-07-22,28794.37,Completed,Bank Transfer
PAY00002683,CLM0003735,2023-01-27,2934.61,Completed,Bank Transfer
PAY00002684,CLM0003735,2023-01-27,2036.05,Completed,Bank Transfer
PAY00002685,CLM0003737,2024-03-02,33442.34,Pending,Bank Transfer
PAY00002686,CLM0003738,2023-05-19,31613.13,Completed,Bank Transfer
PAY00002687,CLM0003739,2025-04-14,76911.37,Completed,Bank Transfer
PAY00002688,CLM0003740,2024-01-31,16917.12,Completed,Bank Transfer
PAY00002689,CLM0003741,2026-04-01,12604.9,Completed,Bank Transfer
PAY00002690,CLM0003742,2022-04-20,41219.8,Completed,Bank Transfer
PAY00002691,CLM0003744,2022-10-06,8377.42,Completed,Bank Transfer
PAY00002692,CLM0003747,2023-02-19,6273.99,Completed,Bank Transfer
PAY00002693,CLM0003751,2022-09-19,9722.9,Completed,Online
PAY00002694,CLM0003753,2024-11-14,15430.6,Completed,Bank Transfer
PAY00002695,CLM0003753,2024-11-14,3416.47,Completed,Bank Transfer
PAY00002696,CLM0003754,2023-09-29,1412.95,Completed,Cheque
PAY00002697,CLM0003754,2023-09-29,10931,Completed,Bank Transfer
PAY00002698,CLM0003756,2025-03-16,22733.38,Completed,Bank Transfer
PAY00002699,CLM0003758,2025-07-22,4931.03,Pending,Bank Transfer
PAY00002700,CLM0003759,2025-01-05,31451.25,Completed,Bank Transfer
PAY00002701,CLM0003760,2023-02-18,53732.78,Completed,Bank Transfer
PAY00002702,CLM0003761,2025-07-30,13391.02,Completed,Online
PAY00002703,CLM0003766,2025-02-11,8222.47,Completed,Bank Transfer
PAY00002704,CLM0003766,2025-02-11,1710.55,Completed,Bank Transfer
PAY00002705,CLM0003768,2024-07-29,25133.31,Completed,Cheque
PAY00002706,CLM0003770,2024-08-14,43199.08,Completed,Cheque
PAY00002707,CLM0003772,2022-07-17,44364.73,Completed,Online
PAY00002708,CLM0003773,2025-07-17,8993.6,Completed,Bank Transfer
PAY00002709,CLM0003773,2025-07-17,25626.7,Pending,Bank Transfer
PAY00002710,CLM0003774,2024-11-16,11469.81,Completed,Bank Transfer
PAY00002711,CLM0003774,2024-11-16,903.14,Completed,Cheque
PAY00002712,CLM0003775,2024-03-03,58162.1,Completed,Bank Transfer
PAY00002713,CLM0003777,2025-08-07,76748.76,Completed,Bank Transfer
PAY00002714,CLM0003778,2023-06-14,26543.15,Completed,Online
PAY00002715,CLM0003780,2022-10-16,21287.03,Completed,Bank Transfer
PAY00002716,CLM0003782,2024-04-24,15788.47,Completed,Bank Transfer
PAY00002717,CLM0003786,2022-10-09,3508.57,Completed,Online
PAY00002718,CLM0003786,2022-10-09,19517.89,Completed,Online
PAY00002719,CLM0003789,2022-02-11,6176.32,Completed,Bank Transfer
PAY00002720,CLM0003790,2024-04-16,178.79,Completed,Bank Transfer
PAY00002721,CLM0003790,2024-04-16,10602.89,Completed,Bank Transfer
PAY00002722,CLM0003791,2024-03-18,28615.6,Completed,Bank Transfer
PAY00002723,CLM0003793,2024-10-24,17137.53,Completed,Bank Transfer
PAY00002724,CLM0003794,2023-04-06,19380.12,Completed,Bank Transfer
PAY00002725,CLM0003800,2025-12-24,51391.09,Completed,Online
PAY00002726,CLM0003804,2023-02-01,12206.53,Completed,Cheque
PAY00002727,CLM0003805,2023-07-08,38804.13,Completed,Bank Transfer
PAY00002728,CLM0003806,2024-05-22,14773.92,Completed,Online
PAY00002729,CLM0003808,2022-08-04,16330.49,Completed,Online
PAY00002730,CLM0003809,2023-10-29,8850.12,Completed,Cheque
PAY00002731,CLM0003809,2023-10-29,3977.26,Completed,Bank Transfer
PAY00002732,CLM0003810,2025-12-04,55815.08,Completed,Bank Transfer
PAY00002733,CLM0003811,2024-06-29,22162.64,Completed,Bank Transfer
PAY00002734,CLM0003812,2022-05-25,7277.41,Completed,Bank Transfer
PAY00002735,CLM0003813,2023-01-16,22830.46,Completed,Online
PAY00002736,CLM0003814,2024-06-27,44448.92,Completed,Bank Transfer
PAY00002737,CLM0003815,2022-11-25,10038.76,Pending,Bank Transfer
PAY00002738,CLM0003816,2023-12-11,5356.31,Completed,Bank Transfer
PAY00002739,CLM0003817,2026-01-31,13767.65,Completed,Bank Transfer
PAY00002740,CLM0003818,2022-10-26,6317.99,Completed,Online
PAY00002741,CLM0003820,2024-08-17,6342.02,Completed,Bank Transfer
PAY00002742,CLM0003820,2024-08-17,18145.5,Completed,Bank Transfer
PAY00002743,CLM0003821,2023-03-14,42041.38,Completed,Cheque
PAY00002744,CLM0003822,2025-07-15,55559.02,Completed,Online
PAY00002745,CLM0003823,2024-01-21,25033.73,Completed,Cheque
PAY00002746,CLM0003823,2024-01-21,3175.21,Completed,Bank Transfer
PAY00002747,CLM0003825,2023-08-26,11978.14,Pending,Cheque
PAY00002748,CLM0003829,2023-05-07,26187.97,Completed,Bank Transfer
PAY00002749,CLM0003830,2024-11-30,6883.94,Completed,Bank Transfer
PAY00002750,CLM0003830,2024-11-30,1358.06,Completed,Cheque
PAY00002751,CLM0003831,2023-09-20,4001.33,Completed,Online
PAY00002752,CLM0003834,2022-09-08,19208.09,Completed,Bank Transfer
PAY00002753,CLM0003835,2024-06-03,23629.6,Completed,Online
PAY00002754,CLM0003836,2023-09-25,15564.33,Pending,Bank Transfer
PAY00002755,CLM0003837,2025-01-01,23882.93,Completed,Bank Transfer
PAY00002756,CLM0003837,2025-01-01,12072.67,Completed,Online
PAY00002757,CLM0003842,2022-07-06,2296.89,Completed,Bank Transfer
PAY00002758,CLM0003842,2022-07-06,9935.93,Pending,Bank Transfer
PAY00002759,CLM0003843,2022-07-12,62048.92,Completed,Bank Transfer
PAY00002760,CLM0003844,2023-08-29,23526.39,Completed,Bank Transfer
PAY00002761,CLM0003847,2025-04-22,15713.84,Completed,Bank Transfer
PAY00002762,CLM0003848,2023-09-29,14965.18,Pending,Bank Transfer
PAY00002763,CLM0003848,2023-09-29,992.79,Completed,Bank Transfer
PAY00002764,CLM0003849,2022-04-22,44047.22,Completed,Bank Transfer
PAY00002765,CLM0003850,2025-04-01,14169.82,Completed,Online
PAY00002766,CLM0003852,2024-01-19,3294.35,Completed,Bank Transfer
PAY00002767,CLM0003853,2022-04-12,26926.69,Completed,Cheque
PAY00002768,CLM0003854,2024-10-16,11825,Completed,Bank Transfer
PAY00002769,CLM0003855,2024-10-09,1618.3,Completed,Online
PAY00002770,CLM0003856,2022-11-14,14416.48,Completed,Bank Transfer
PAY00002771,CLM0003859,2023-09-13,5268.53,Completed,Bank Transfer
PAY00002772,CLM0003860,2025-05-15,88909.01,Completed,Online
PAY00002773,CLM0003861,2024-09-13,10695.47,Completed,Bank Transfer
PAY00002774,CLM0003863,2024-03-30,4368.07,Completed,Bank Transfer
PAY00002775,CLM0003864,2025-01-23,1092.98,Completed,Online
PAY00002776,CLM0003864,2025-01-23,6665.92,Completed,Online
PAY00002777,CLM0003865,2024-03-09,8607.71,Completed,Bank Transfer
PAY00002778,CLM0003866,2024-06-06,10128.67,Completed,Online
PAY00002779,CLM0003866,2024-06-06,9240.99,Completed,Bank Transfer
PAY00002780,CLM0003867,2024-06-24,58440.91,Completed,Bank Transfer
PAY00002781,CLM0003868,2022-10-11,23313.03,Completed,Bank Transfer
PAY00002782,CLM0003874,2025-04-27,54016.59,Completed,Online
PAY00002783,CLM0003875,2024-08-04,9226.79,Completed,Online
PAY00002784,CLM0003876,2023-03-17,44898.94,Completed,Bank Transfer
PAY00002785,CLM0003877,2023-09-11,14468.33,Completed,Bank Transfer
PAY00002786,CLM0003878,2025-09-27,16856.59,Completed,Bank Transfer
PAY00002787,CLM0003879,2022-03-05,2178.35,Completed,Cheque
PAY00002788,CLM0003879,2022-03-05,1766.17,Completed,Online
PAY00002789,CLM0003880,2022-10-24,15275.27,Completed,Online
PAY00002790,CLM0003882,2024-02-03,2330.7,Completed,Bank Transfer
PAY00002791,CLM0003882,2024-02-03,2785.99,Completed,Bank Transfer
PAY00002792,CLM0003883,2023-01-16,18383.58,Completed,Bank Transfer
PAY00002793,CLM0003885,2026-01-24,3162.73,Pending,Bank Transfer
PAY00002794,CLM0003888,2024-01-05,39.03,Completed,Online
PAY00002795,CLM0003888,2024-01-05,2958.11,Completed,Bank Transfer
PAY00002796,CLM0003891,2025-09-20,16430.35,Completed,Bank Transfer
PAY00002797,CLM0003891,2025-09-20,41841.47,Completed,Bank Transfer
PAY00002798,CLM0003892,2024-03-06,10672.43,Completed,Bank Transfer
PAY00002799,CLM0003893,2022-07-12,28913.99,Completed,Online
PAY00002800,CLM0003893,2022-07-12,17192.97,Completed,Bank Transfer
PAY00002801,CLM0003895,2023-03-02,20894.42,Completed,Bank Transfer
PAY00002802,CLM0003897,2023-03-02,48127.12,Pending,Online
PAY00002803,CLM0003898,2022-06-06,2774.02,Completed,Online
PAY00002804,CLM0003901,2023-12-15,9538.78,Completed,Bank Transfer
PAY00002805,CLM0003901,2023-12-15,14642.5,Completed,Bank Transfer
PAY00002806,CLM0003904,2023-05-24,11704.69,Completed,Bank Transfer
PAY00002807,CLM0003905,2023-12-29,43351.18,Completed,Online
PAY00002808,CLM0003906,2023-07-19,16487.89,Completed,Online
PAY00002809,CLM0003908,2025-12-28,9568.22,Completed,Bank Transfer
PAY00002810,CLM0003908,2025-12-28,998.49,Completed,Online
PAY00002811,CLM0003911,2022-04-18,19329.67,Completed,Bank Transfer
PAY00002812,CLM0003912,2025-08-10,12259.41,Completed,Bank Transfer
PAY00002813,CLM0003913,2024-04-12,8430.54,Completed,Online
PAY00002814,CLM0003914,2025-11-09,2138.9,Completed,Bank Transfer
PAY00002815,CLM0003914,2025-11-09,2422.67,Completed,Bank Transfer
PAY00002816,CLM0003915,2023-04-04,25038.32,Completed,Online
PAY00002817,CLM0003917,2025-12-08,3789.32,Completed,Bank Transfer
PAY00002818,CLM0003918,2026-01-16,5285.25,Completed,Online
PAY00002819,CLM0003918,2026-01-16,697.72,Completed,Bank Transfer
PAY00002820,CLM0003919,2022-06-27,26923.66,Completed,Bank Transfer
PAY00002821,CLM0003920,2025-09-09,3763.3,Completed,Bank Transfer
PAY00002822,CLM0003921,2023-09-29,70914.24,Pending,Bank Transfer
PAY00002823,CLM0003922,2022-05-21,13990.85,Pending,Bank Transfer
PAY00002824,CLM0003923,2024-12-26,36759.22,Completed,Bank Transfer
PAY00002825,CLM0003925,2022-08-26,32851.33,Completed,Bank Transfer
PAY00002826,CLM0003926,2022-05-24,21145.97,Completed,Online
PAY00002827,CLM0003927,2023-12-18,61729.32,Completed,Cheque
PAY00002828,CLM0003929,2025-09-01,96108.07,Pending,Bank Transfer
PAY00002829,CLM0003935,2022-08-22,4746.47,Completed,Bank Transfer
PAY00002830,CLM0003936,2022-12-17,24855.09,Completed,Bank Transfer
PAY00002831,CLM0003937,2025-07-07,16421.96,Completed,Bank Transfer
PAY00002832,CLM0003937,2025-07-07,14444.08,Completed,Bank Transfer
PAY00002833,CLM0003938,2022-03-21,7922.23,Completed,Bank Transfer
PAY00002834,CLM0003940,2022-09-12,7415.94,Completed,Online
PAY00002835,CLM0003944,2022-11-04,13353.07,Completed,Bank Transfer
PAY00002836,CLM0003945,2022-06-30,16408.61,Completed,Bank Transfer
PAY00002837,CLM0003945,2022-06-30,8700.86,Completed,Bank Transfer
PAY00002838,CLM0003948,2022-03-03,10178.47,Completed,Bank Transfer
PAY00002839,CLM0003951,2025-02-07,19191.44,Completed,Cheque
PAY00002840,CLM0003951,2025-02-07,14771.82,Completed,Bank Transfer
PAY00002841,CLM0003952,2025-04-14,3536.67,Completed,Online
PAY00002842,CLM0003952,2025-04-14,5526.91,Completed,Online
PAY00002843,CLM0003953,2022-04-30,1948.78,Completed,Bank Transfer
PAY00002844,CLM0003953,2022-04-30,423.94,Completed,Bank Transfer
PAY00002845,CLM0003954,2024-11-29,7902.38,Completed,Bank Transfer
PAY00002846,CLM0003956,2026-03-01,6104.52,Pending,Bank Transfer
PAY00002847,CLM0003956,2026-03-01,5986.07,Completed,Online
PAY00002848,CLM0003957,2024-06-29,116176.83,Completed,Online
PAY00002849,CLM0003963,2024-09-21,26035.56,Completed,Online
PAY00002850,CLM0003964,2025-11-23,50676.07,Completed,Cheque
PAY00002851,CLM0003965,2023-11-23,15388.9,Completed,Bank Transfer
PAY00002852,CLM0003965,2023-11-23,10554.57,Completed,Bank Transfer
PAY00002853,CLM0003966,2024-05-29,56860.14,Completed,Bank Transfer
PAY00002854,CLM0003967,2023-11-23,2321.06,Completed,Bank Transfer
PAY00002855,CLM0003968,2023-08-13,87991.46,Completed,Online
PAY00002856,CLM0003970,2024-07-25,15855.97,Completed,Bank Transfer
PAY00002857,CLM0003971,2025-08-24,13900.18,Completed,Bank Transfer
PAY00002858,CLM0003971,2025-08-24,15345.33,Completed,Bank Transfer
PAY00002859,CLM0003972,2025-12-21,22171.34,Completed,Cheque
PAY00002860,CLM0003972,2025-12-21,31789.37,Completed,Bank Transfer
PAY00002861,CLM0003974,2023-09-24,17526.17,Completed,Bank Transfer
PAY00002862,CLM0003974,2023-09-24,4180.84,Completed,Cheque
PAY00002863,CLM0003975,2025-05-04,1224.15,Completed,Bank Transfer
PAY00002864,CLM0003975,2025-05-04,3141.62,Completed,Bank Transfer
PAY00002865,CLM0003976,2025-05-30,10068.88,Completed,Online
PAY00002866,CLM0003976,2025-05-30,9111.63,Completed,Bank Transfer
PAY00002867,CLM0003978,2023-08-04,9394.71,Completed,Bank Transfer
PAY00002868,CLM0003980,2024-06-27,27937.97,Completed,Bank Transfer
PAY00002869,CLM0003981,2024-07-09,3235.04,Completed,Bank Transfer
PAY00002870,CLM0003982,2022-10-04,1185.39,Completed,Online
PAY00002871,CLM0003982,2022-10-04,21814.63,Completed,Bank Transfer
PAY00002872,CLM0003985,2023-05-22,6077.76,Completed,Bank Transfer
PAY00002873,CLM0003985,2023-05-22,352.24,Completed,Bank Transfer
PAY00002874,CLM0003988,2023-12-15,15263.63,Completed,Bank Transfer
PAY00002875,CLM0003989,2024-05-21,21383.08,Completed,Online
PAY00002876,CLM0003990,2025-08-05,63775.26,Completed,Bank Transfer
PAY00002877,CLM0003992,2023-10-08,9925.28,Completed,Bank Transfer
PAY00002878,CLM0003993,2022-05-12,65663.05,Completed,Bank Transfer
PAY00002879,CLM0003994,2024-01-06,10455.11,Completed,Bank Transfer
PAY00002880,CLM0003995,2022-10-28,22697.36,Completed,Bank Transfer
PAY00002881,CLM0003997,2025-02-25,8151.33,Completed,Cheque
PAY00002882,CLM0003997,2025-02-25,5038.48,Pending,Online
PAY00002883,CLM0003998,2025-06-12,1386.28,Completed,Bank Transfer
PAY00002884,CLM0003998,2025-06-12,1847.74,Completed,Bank Transfer
PAY00002885,CLM0004000,2022-05-21,13441.08,Completed,Bank Transfer
PAY00002886,CLM0004001,2022-10-07,40545.96,Completed,Bank Transfer
PAY00002887,CLM0004002,2024-04-17,7972.09,Completed,Cheque
PAY00002888,CLM0004003,2023-08-24,2312.83,Completed,Bank Transfer
PAY00002889,CLM0004003,2023-08-24,10076.98,Completed,Bank Transfer
PAY00002890,CLM0004006,2023-02-10,29073.79,Completed,Online
PAY00002891,CLM0004008,2025-01-31,4430.87,Completed,Online
PAY00002892,CLM0004010,2022-04-27,4439.99,Completed,Bank Transfer
PAY00002893,CLM0004012,2022-12-26,17221.17,Completed,Bank Transfer
PAY00002894,CLM0004013,2022-07-04,5537.3,Completed,Bank Transfer
PAY00002895,CLM0004013,2022-07-04,6252.34,Completed,Bank Transfer
PAY00002896,CLM0004015,2023-03-03,31676.84,Completed,Bank Transfer
PAY00002897,CLM0004017,2025-04-11,13842.92,Completed,Bank Transfer
PAY00002898,CLM0004020,2022-07-13,13719.67,Completed,Bank Transfer
PAY00002899,CLM0004022,2024-03-10,4778.26,Completed,Cheque
PAY00002900,CLM0004025,2022-02-05,6405.57,Completed,Bank Transfer
PAY00002901,CLM0004025,2022-02-05,2999.77,Completed,Online
PAY00002902,CLM0004026,2024-02-12,13806.38,Completed,Bank Transfer
PAY00002903,CLM0004026,2024-02-12,1140.09,Completed,Cheque
PAY00002904,CLM0004030,2025-02-21,22997.48,Completed,Bank Transfer
PAY00002905,CLM0004032,2024-02-12,14420.15,Completed,Online
PAY00002906,CLM0004032,2024-02-12,6493.85,Completed,Bank Transfer
PAY00002907,CLM0004033,2024-08-14,7830.48,Completed,Online
PAY00002908,CLM0004036,2023-02-17,1191.36,Completed,Online
PAY00002909,CLM0004036,2023-02-17,36421.19,Completed,Online
PAY00002910,CLM0004037,2024-01-06,18735.55,Completed,Cheque
PAY00002911,CLM0004037,2024-01-06,2648.43,Completed,Online
PAY00002912,CLM0004038,2023-05-07,43456.49,Completed,Bank Transfer
PAY00002913,CLM0004039,2024-08-01,31771.25,Pending,Bank Transfer
PAY00002914,CLM0004041,2023-09-29,6275.06,Pending,Bank Transfer
PAY00002915,CLM0004042,2023-09-28,3071.65,Completed,Bank Transfer
PAY00002916,CLM0004042,2023-09-28,8048,Completed,Cheque
PAY00002917,CLM0004043,2023-03-19,53032.97,Completed,Bank Transfer
PAY00002918,CLM0004045,2025-02-04,5359.99,Completed,Bank Transfer
PAY00002919,CLM0004046,2022-11-28,2809.62,Pending,Bank Transfer
PAY00002920,CLM0004048,2024-12-22,1362.77,Completed,Bank Transfer
PAY00002921,CLM0004048,2024-12-22,49924.74,Completed,Cheque
PAY00002922,CLM0004050,2024-02-11,8841,Completed,Bank Transfer
PAY00002923,CLM0004055,2025-05-05,25206.54,Completed,Bank Transfer
PAY00002924,CLM0004055,2025-05-05,17242.69,Completed,Online
PAY00002925,CLM0004056,2024-03-23,17080.95,Completed,Bank Transfer
PAY00002926,CLM0004057,2023-04-27,27824.19,Pending,Bank Transfer
PAY00002927,CLM0004058,2025-02-03,16353.49,Completed,Online
PAY00002928,CLM0004059,2023-08-03,7663.25,Completed,Bank Transfer
PAY00002929,CLM0004061,2025-03-14,10177.35,Completed,Bank Transfer
PAY00002930,CLM0004064,2022-11-01,2185.04,Completed,Bank Transfer
PAY00002931,CLM0004064,2022-11-01,719.24,Pending,Cheque
PAY00002932,CLM0004067,2024-10-08,12809.85,Completed,Bank Transfer
PAY00002933,CLM0004071,2025-05-07,9269.78,Completed,Bank Transfer
PAY00002934,CLM0004073,2025-01-09,3865.89,Pending,Bank Transfer
PAY00002935,CLM0004073,2025-01-09,6242.51,Completed,Bank Transfer
PAY00002936,CLM0004074,2023-02-01,15085.46,Completed,Bank Transfer
PAY00002937,CLM0004074,2023-02-01,5705.21,Completed,Cheque
PAY00002938,CLM0004075,2022-05-04,36111.16,Completed,Online
PAY00002939,CLM0004075,2022-05-04,74356.92,Completed,Online
PAY00002940,CLM0004076,2025-07-20,9170.16,Pending,Bank Transfer
PAY00002941,CLM0004076,2025-07-20,33568.89,Completed,Bank Transfer
PAY00002942,CLM0004078,2025-08-07,9032.7,Completed,Bank Transfer
PAY00002943,CLM0004079,2022-09-25,44794.22,Completed,Online
PAY00002944,CLM0004081,2022-07-22,14787.43,Completed,Bank Transfer
PAY00002945,CLM0004081,2022-07-22,15642.8,Completed,Bank Transfer
PAY00002946,CLM0004082,2022-02-26,785.82,Completed,Bank Transfer
PAY00002947,CLM0004082,2022-02-26,6875.01,Completed,Bank Transfer
PAY00002948,CLM0004093,2024-01-08,5323.65,Completed,Bank Transfer
PAY00002949,CLM0004095,2023-01-29,6876.46,Completed,Bank Transfer
PAY00002950,CLM0004096,2024-06-26,47678.21,Completed,Bank Transfer
PAY00002951,CLM0004099,2023-10-26,11787.76,Completed,Bank Transfer
PAY00002952,CLM0004101,2024-06-12,11430.83,Pending,Bank Transfer
PAY00002953,CLM0004102,2023-02-04,28098.97,Completed,Bank Transfer
PAY00002954,CLM0004103,2023-07-07,5490.3,Completed,Bank Transfer
PAY00002955,CLM0004103,2023-07-07,428.04,Completed,Bank Transfer
PAY00002956,CLM0004106,2024-11-10,22259.98,Completed,Bank Transfer
PAY00002957,CLM0004106,2024-11-10,33431.55,Completed,Bank Transfer
PAY00002958,CLM0004107,2024-01-23,16506.83,Completed,Bank Transfer
PAY00002959,CLM0004112,2025-10-23,3844.71,Completed,Online
PAY00002960,CLM0004113,2025-09-07,20749.97,Pending,Bank Transfer
PAY00002961,CLM0004116,2025-10-01,3716.86,Completed,Cheque
PAY00002962,CLM0004118,2023-12-30,25624.77,Completed,Cheque
PAY00002963,CLM0004120,2024-09-20,9142.69,Completed,Bank Transfer
PAY00002964,CLM0004121,2023-09-15,3755.4,Completed,Bank Transfer
PAY00002965,CLM0004122,2023-01-07,1805.61,Completed,Online
PAY00002966,CLM0004122,2023-01-07,4716.91,Completed,Bank Transfer
PAY00002967,CLM0004125,2023-03-16,10733.06,Completed,Bank Transfer
PAY00002968,CLM0004126,2022-06-17,17352.06,Completed,Bank Transfer
PAY00002969,CLM0004128,2023-08-07,26202.52,Completed,Cheque
PAY00002970,CLM0004131,2025-03-23,6288.38,Completed,Bank Transfer
PAY00002971,CLM0004134,2024-08-05,16947.03,Completed,Bank Transfer
PAY00002972,CLM0004135,2022-10-13,24575.07,Pending,Bank Transfer
PAY00002973,CLM0004135,2022-10-13,18993.97,Pending,Bank Transfer
PAY00002974,CLM0004138,2025-03-25,15133.73,Completed,Bank Transfer
PAY00002975,CLM0004139,2023-03-12,14008.76,Completed,Online
PAY00002976,CLM0004142,2023-12-28,66342.51,Completed,Bank Transfer
PAY00002977,CLM0004143,2024-10-11,47682.94,Completed,Bank Transfer
PAY00002978,CLM0004144,2024-04-08,15545.74,Completed,Bank Transfer
PAY00002979,CLM0004146,2025-02-28,29608.95,Completed,Bank Transfer
PAY00002980,CLM0004147,2025-02-22,1677.89,Completed,Bank Transfer
PAY00002981,CLM0004147,2025-02-22,3012.19,Completed,Bank Transfer
PAY00002982,CLM0004148,2026-02-20,32596.85,Completed,Bank Transfer
PAY00002983,CLM0004151,2024-04-27,12753.11,Completed,Bank Transfer
PAY00002984,CLM0004153,2025-02-28,23248.66,Completed,Online
PAY00002985,CLM0004154,2025-09-03,5192.24,Completed,Bank Transfer
PAY00002986,CLM0004157,2022-07-22,3927.73,Completed,Bank Transfer
PAY00002987,CLM0004157,2022-07-22,10852.6,Completed,Online
PAY00002988,CLM0004158,2022-07-11,4779.79,Completed,Bank Transfer
PAY00002989,CLM0004158,2022-07-11,1828.57,Completed,Bank Transfer
PAY00002990,CLM0004162,2025-02-18,15630.55,Completed,Bank Transfer
PAY00002991,CLM0004162,2025-02-18,1444.46,Completed,Online
PAY00002992,CLM0004163,2023-05-06,38599.6,Completed,Cheque
PAY00002993,CLM0004165,2026-02-03,3237.87,Pending,Bank Transfer
PAY00002994,CLM0004165,2026-02-03,950.19,Completed,Online
PAY00002995,CLM0004169,2025-11-07,5829.17,Completed,Bank Transfer
PAY00002996,CLM0004170,2024-11-11,7929.52,Completed,Bank Transfer
PAY00002997,CLM0004170,2024-11-11,6914.07,Completed,Cheque
PAY00002998,CLM0004171,2023-03-13,2592.48,Completed,Online
PAY00002999,CLM0004171,2023-03-13,16792.59,Completed,Bank Transfer
PAY00003000,CLM0004173,2025-10-17,7668.18,Completed,Bank Transfer
PAY00003001,CLM0004173,2025-10-17,14908.97,Pending,Bank Transfer
PAY00003002,CLM0004174,2024-03-03,16367.72,Pending,Bank Transfer
PAY00003003,CLM0004175,2023-07-08,11107.14,Completed,Bank Transfer
PAY00003004,CLM0004176,2023-05-17,1730.77,Completed,Online
PAY00003005,CLM0004176,2023-05-17,5062.52,Completed,Bank Transfer
PAY00003006,CLM0004178,2023-09-21,31434.75,Completed,Bank Transfer
PAY00003007,CLM0004179,2022-04-28,2270.56,Pending,Bank Transfer
PAY00003008,CLM0004179,2022-04-28,3556.56,Completed,Bank Transfer
PAY00003009,CLM0004184,2022-04-24,9980,Completed,Cheque
PAY00003010,CLM0004186,2022-10-31,6273.91,Completed,Bank Transfer
PAY00003011,CLM0004186,2022-10-31,3885.55,Completed,Bank Transfer
PAY00003012,CLM0004187,2025-07-07,11545.12,Pending,Bank Transfer
PAY00003013,CLM0004187,2025-07-07,40055.95,Completed,Bank Transfer
PAY00003014,CLM0004188,2023-11-10,77699.65,Completed,Bank Transfer
PAY00003015,CLM0004189,2025-03-11,23331.34,Completed,Bank Transfer
PAY00003016,CLM0004191,2023-01-19,2090.07,Pending,Bank Transfer
PAY00003017,CLM0004192,2022-11-29,6209.13,Completed,Cheque
PAY00003018,CLM0004192,2022-11-29,16697.92,Completed,Cheque
PAY00003019,CLM0004193,2022-08-12,44474.41,Completed,Bank Transfer
PAY00003020,CLM0004195,2025-11-29,30.77,Completed,Bank Transfer
PAY00003021,CLM0004195,2025-11-29,6431.15,Pending,Cheque
PAY00003022,CLM0004196,2026-01-28,4153.74,Completed,Bank Transfer
PAY00003023,CLM0004196,2026-01-28,19015.18,Completed,Bank Transfer
PAY00003024,CLM0004198,2024-12-19,1919.23,Completed,Bank Transfer
PAY00003025,CLM0004198,2024-12-19,2615.34,Completed,Bank Transfer
PAY00003026,CLM0004199,2023-11-08,3208.19,Pending,Bank Transfer
PAY00003027,CLM0004200,2024-02-11,17306.98,Completed,Bank Transfer
PAY00003028,CLM0004201,2025-11-14,19744.6,Completed,Bank Transfer
PAY00003029,CLM0004202,2025-07-28,3468.15,Completed,Bank Transfer
PAY00003030,CLM0004202,2025-07-28,3139.33,Completed,Online
PAY00003031,CLM0004203,2022-01-12,7311.39,Completed,Bank Transfer
PAY00003032,CLM0004206,2024-06-04,2391.05,Pending,Cheque
PAY00003033,CLM0004206,2024-06-04,5284.59,Completed,Online
PAY00003034,CLM0004207,2024-10-10,47117.2,Completed,Cheque
PAY00003035,CLM0004209,2023-12-08,8946.25,Completed,Bank Transfer
PAY00003036,CLM0004210,2025-10-03,8376.87,Completed,Online
PAY00003037,CLM0004213,2024-03-19,3212.53,Pending,Bank Transfer
PAY00003038,CLM0004213,2024-03-19,1522.92,Completed,Cheque
PAY00003039,CLM0004215,2024-08-01,27816.83,Pending,Bank Transfer
PAY00003040,CLM0004216,2023-03-08,15784.62,Completed,Bank Transfer
PAY00003041,CLM0004220,2022-07-10,1594.71,Completed,Bank Transfer
PAY00003042,CLM0004220,2022-07-10,10903.81,Completed,Bank Transfer
PAY00003043,CLM0004221,2024-07-26,8099.42,Completed,Bank Transfer
PAY00003044,CLM0004221,2024-07-26,2391.17,Pending,Bank Transfer
PAY00003045,CLM0004222,2023-09-16,3028.41,Completed,Online
PAY00003046,CLM0004222,2023-09-16,109477.94,Completed,Bank Transfer
PAY00003047,CLM0004224,2023-06-24,17082.14,Completed,Cheque
PAY00003048,CLM0004225,2025-10-07,48253.33,Completed,Bank Transfer
PAY00003049,CLM0004225,2025-10-07,2143.18,Completed,Bank Transfer
PAY00003050,CLM0004226,2023-02-05,8828.85,Completed,Bank Transfer
PAY00003051,CLM0004226,2023-02-05,8012.2,Completed,Bank Transfer
PAY00003052,CLM0004230,2023-10-17,7437.87,Completed,Bank Transfer
PAY00003053,CLM0004232,2026-01-16,33464.23,Completed,Bank Transfer
PAY00003054,CLM0004233,2022-07-03,7763.78,Completed,Bank Transfer
PAY00003055,CLM0004233,2022-07-03,8933.32,Completed,Bank Transfer
PAY00003056,CLM0004235,2022-02-13,28501.03,Pending,Bank Transfer
PAY00003057,CLM0004235,2022-02-13,210.89,Completed,Bank Transfer
PAY00003058,CLM0004236,2024-10-11,22374.68,Completed,Bank Transfer
PAY00003059,CLM0004240,2022-02-28,5387.44,Completed,Bank Transfer
PAY00003060,CLM0004240,2022-02-28,5922.1,Completed,Bank Transfer
PAY00003061,CLM0004241,2023-11-28,6817.73,Completed,Bank Transfer
PAY00003062,CLM0004242,2025-07-16,15518.59,Completed,Bank Transfer
PAY00003063,CLM0004242,2025-07-16,12434.92,Completed,Bank Transfer
PAY00003064,CLM0004243,2022-07-15,18955.04,Completed,Bank Transfer
PAY00003065,CLM0004244,2023-01-07,29719.6,Completed,Cheque
PAY00003066,CLM0004246,2025-02-19,7519.53,Completed,Bank Transfer
PAY00003067,CLM0004248,2024-02-13,33749.82,Completed,Bank Transfer
PAY00003068,CLM0004248,2024-02-13,7464.15,Pending,Bank Transfer
PAY00003069,CLM0004249,2025-10-03,8143.24,Completed,Bank Transfer
PAY00003070,CLM0004250,2024-11-06,32550.18,Completed,Bank Transfer
PAY00003071,CLM0004251,2025-11-08,42602.46,Completed,Bank Transfer
PAY00003072,CLM0004256,2023-07-17,19001.53,Completed,Bank Transfer
PAY00003073,CLM0004257,2024-03-13,8330.17,Completed,Online
PAY00003074,CLM0004259,2023-01-22,21689.63,Completed,Online
PAY00003075,CLM0004263,2023-09-09,6428.63,Completed,Cheque
PAY00003076,CLM0004263,2023-09-09,4285.48,Completed,Bank Transfer
PAY00003077,CLM0004264,2024-12-15,33.7,Completed,Bank Transfer
PAY00003078,CLM0004264,2024-12-15,7095.04,Completed,Bank Transfer
PAY00003079,CLM0004266,2023-10-17,14547.97,Completed,Online
PAY00003080,CLM0004267,2025-08-07,459.09,Completed,Bank Transfer
PAY00003081,CLM0004267,2025-08-07,4389.53,Completed,Bank Transfer
PAY00003082,CLM0004268,2024-04-15,32024.4,Pending,Bank Transfer
PAY00003083,CLM0004269,2023-02-04,47107.51,Completed,Bank Transfer
PAY00003084,CLM0004272,2024-06-23,32580.17,Completed,Bank Transfer
PAY00003085,CLM0004278,2022-03-31,12207.4,Completed,Bank Transfer
PAY00003086,CLM0004280,2025-07-03,19183.97,Pending,Bank Transfer
PAY00003087,CLM0004281,2025-04-04,10384.03,Completed,Bank Transfer
PAY00003088,CLM0004282,2022-10-16,2184.34,Completed,Online
PAY00003089,CLM0004283,2023-08-28,33505.73,Completed,Bank Transfer
PAY00003090,CLM0004284,2025-02-25,31856.85,Completed,Bank Transfer
PAY00003091,CLM0004285,2025-04-12,20272.38,Completed,Online
PAY00003092,CLM0004288,2025-12-06,25901.52,Completed,Online
PAY00003093,CLM0004289,2024-08-14,11351.08,Completed,Bank Transfer
PAY00003094,CLM0004291,2022-08-11,38560.78,Completed,Bank Transfer
PAY00003095,CLM0004292,2022-03-13,43743.81,Pending,Bank Transfer
PAY00003096,CLM0004294,2023-09-05,26280.64,Pending,Bank Transfer
PAY00003097,CLM0004298,2025-02-17,7873.13,Completed,Bank Transfer
PAY00003098,CLM0004300,2024-07-14,20121.76,Completed,Bank Transfer
PAY00003099,CLM0004301,2024-09-30,20108.41,Completed,Bank Transfer
PAY00003100,CLM0004301,2024-09-30,3530.82,Completed,Bank Transfer
PAY00003101,CLM0004304,2024-04-03,32024.16,Completed,Cheque
PAY00003102,CLM0004304,2024-04-03,13646.22,Completed,Bank Transfer
PAY00003103,CLM0004305,2022-07-14,1395.05,Completed,Bank Transfer
PAY00003104,CLM0004305,2022-07-14,8639.36,Completed,Bank Transfer
PAY00003105,CLM0004308,2024-11-28,27534.88,Completed,Bank Transfer
PAY00003106,CLM0004309,2022-08-28,11741.2,Completed,Bank Transfer
PAY00003107,CLM0004310,2023-07-22,4565.93,Completed,Bank Transfer
PAY00003108,CLM0004311,2023-02-15,11775.46,Completed,Bank Transfer
PAY00003109,CLM0004316,2023-09-15,8653.06,Pending,Bank Transfer
PAY00003110,CLM0004318,2022-12-07,40719.38,Pending,Bank Transfer
PAY00003111,CLM0004319,2024-12-22,22561.53,Completed,Bank Transfer
PAY00003112,CLM0004321,2024-07-15,24466.98,Completed,Cheque
PAY00003113,CLM0004322,2023-06-20,11094.61,Completed,Online
PAY00003114,CLM0004323,2024-06-12,630.9,Completed,Bank Transfer
PAY00003115,CLM0004323,2024-06-12,46179.4,Completed,Online
PAY00003116,CLM0004325,2025-08-13,13263,Completed,Bank Transfer
PAY00003117,CLM0004326,2023-06-25,37685.81,Completed,Bank Transfer
PAY00003118,CLM0004330,2026-01-16,24774.89,Completed,Online
PAY00003119,CLM0004330,2026-01-16,476.46,Completed,Cheque
PAY00003120,CLM0004334,2024-08-02,26060.13,Completed,Bank Transfer
PAY00003121,CLM0004337,2023-10-28,78258.61,Completed,Online
PAY00003122,CLM0004341,2023-07-05,15519.68,Completed,Cheque
PAY00003123,CLM0004345,2022-03-19,10782.01,Completed,Online
PAY00003124,CLM0004346,2024-06-12,2325.34,Completed,Bank Transfer
PAY00003125,CLM0004346,2024-06-12,2547.22,Completed,Bank Transfer
PAY00003126,CLM0004347,2024-08-30,14057.76,Completed,Bank Transfer
PAY00003127,CLM0004347,2024-08-30,4561.68,Completed,Bank Transfer
PAY00003128,CLM0004349,2022-02-14,10755.7,Completed,Online
PAY00003129,CLM0004351,2025-01-16,36424.26,Completed,Bank Transfer
PAY00003130,CLM0004353,2025-12-30,23366.57,Completed,Bank Transfer
PAY00003131,CLM0004353,2025-12-30,85.66,Completed,Online
PAY00003132,CLM0004355,2024-08-11,1939.19,Completed,Bank Transfer
PAY00003133,CLM0004355,2024-08-11,19372.25,Completed,Online
PAY00003134,CLM0004358,2022-07-08,49719.69,Completed,Bank Transfer
PAY00003135,CLM0004359,2023-02-07,6229.72,Completed,Bank Transfer
PAY00003136,CLM0004359,2023-02-07,9607.1,Completed,Bank Transfer
PAY00003137,CLM0004361,2025-12-08,11939.48,Completed,Bank Transfer
PAY00003138,CLM0004362,2025-06-22,26176.56,Completed,Bank Transfer
PAY00003139,CLM0004362,2025-06-22,4143.92,Completed,Bank Transfer
PAY00003140,CLM0004363,2024-07-31,17448.12,Completed,Bank Transfer
PAY00003141,CLM0004365,2025-11-16,17487.77,Completed,Bank Transfer
PAY00003142,CLM0004369,2024-10-02,10785.41,Completed,Bank Transfer
PAY00003143,CLM0004370,2023-05-02,11172.63,Completed,Online
PAY00003144,CLM0004374,2022-11-23,11744.05,Completed,Online
PAY00003145,CLM0004375,2026-01-02,18648.57,Completed,Online
PAY00003146,CLM0004376,2025-07-30,16936.23,Completed,Bank Transfer
PAY00003147,CLM0004378,2022-07-09,9978.89,Completed,Bank Transfer
PAY00003148,CLM0004379,2025-08-25,4099.61,Completed,Bank Transfer
PAY00003149,CLM0004380,2023-03-18,107293.09,Completed,Bank Transfer
PAY00003150,CLM0004382,2023-01-08,2526.71,Completed,Bank Transfer
PAY00003151,CLM0004386,2022-04-20,23884.79,Completed,Online
PAY00003152,CLM0004387,2022-11-09,881.77,Completed,Online
PAY00003153,CLM0004387,2022-11-09,5666.01,Completed,Bank Transfer
PAY00003154,CLM0004390,2025-01-23,1075.82,Completed,Online
PAY00003155,CLM0004390,2025-01-23,158.1,Completed,Bank Transfer
PAY00003156,CLM0004393,2024-11-18,3476.87,Completed,Bank Transfer
PAY00003157,CLM0004397,2023-06-18,14934.14,Completed,Bank Transfer
PAY00003158,CLM0004399,2023-05-18,412.93,Pending,Bank Transfer
PAY00003159,CLM0004399,2023-05-18,12452.91,Completed,Online
PAY00003160,CLM0004401,2024-12-20,14335.49,Completed,Bank Transfer
PAY00003161,CLM0004403,2025-02-24,9012.01,Completed,Bank Transfer
PAY00003162,CLM0004405,2022-05-18,5597.09,Completed,Online
PAY00003163,CLM0004407,2023-02-25,9508.07,Completed,Bank Transfer
PAY00003164,CLM0004409,2024-07-28,5451.03,Completed,Bank Transfer
PAY00003165,CLM0004415,2023-10-19,12683.64,Completed,Bank Transfer
PAY00003166,CLM0004417,2025-03-11,10890.54,Completed,Bank Transfer
PAY00003167,CLM0004418,2025-12-27,45934.63,Completed,Bank Transfer
PAY00003168,CLM0004420,2023-10-26,17370.9,Completed,Online
PAY00003169,CLM0004422,2024-06-23,2614.36,Completed,Bank Transfer
PAY00003170,CLM0004422,2024-06-23,2931.29,Completed,Online
PAY00003171,CLM0004425,2024-03-15,3966.93,Completed,Bank Transfer
PAY00003172,CLM0004428,2025-05-09,17306.32,Completed,Bank Transfer
PAY00003173,CLM0004428,2025-05-09,30222.76,Completed,Bank Transfer
PAY00003174,CLM0004431,2024-10-15,10781.45,Completed,Bank Transfer
PAY00003175,CLM0004432,2025-01-16,7250.54,Completed,Bank Transfer
PAY00003176,CLM0004435,2022-01-31,41730.33,Completed,Bank Transfer
PAY00003177,CLM0004436,2022-09-25,8190.52,Completed,Bank Transfer
PAY00003178,CLM0004436,2022-09-25,5678.38,Completed,Bank Transfer
PAY00003179,CLM0004437,2024-08-10,7025.98,Completed,Cheque
PAY00003180,CLM0004438,2022-05-25,11941.5,Completed,Bank Transfer
PAY00003181,CLM0004439,2025-05-25,14748.57,Completed,Online
PAY00003182,CLM0004439,2025-05-25,11566.31,Completed,Online
PAY00003183,CLM0004440,2023-01-16,2836.27,Completed,Bank Transfer
PAY00003184,CLM0004440,2023-01-16,18704,Completed,Online
PAY00003185,CLM0004441,2024-07-19,7443.58,Completed,Bank Transfer
PAY00003186,CLM0004441,2024-07-19,509.49,Completed,Bank Transfer
PAY00003187,CLM0004442,2023-01-22,23309.83,Completed,Bank Transfer
PAY00003188,CLM0004443,2023-01-06,7627.26,Completed,Cheque
PAY00003189,CLM0004446,2022-06-14,6841.37,Completed,Bank Transfer
PAY00003190,CLM0004447,2024-11-30,6629.05,Completed,Bank Transfer
PAY00003191,CLM0004447,2024-11-30,18883.93,Completed,Bank Transfer
PAY00003192,CLM0004448,2023-11-30,2290.43,Completed,Bank Transfer
PAY00003193,CLM0004448,2023-11-30,7225.92,Completed,Bank Transfer
PAY00003194,CLM0004449,2023-12-28,11196.22,Completed,Bank Transfer
PAY00003195,CLM0004451,2022-08-27,16535.24,Completed,Bank Transfer
PAY00003196,CLM0004453,2025-03-25,4859.01,Completed,Bank Transfer
PAY00003197,CLM0004453,2025-03-25,2565.16,Completed,Bank Transfer
PAY00003198,CLM0004454,2022-07-10,7534.33,Completed,Bank Transfer
PAY00003199,CLM0004455,2025-11-18,61136.42,Completed,Online
PAY00003200,CLM0004456,2024-11-15,5761.09,Pending,Online
PAY00003201,CLM0004457,2022-12-06,5862.5,Completed,Bank Transfer
PAY00003202,CLM0004463,2023-02-20,2369.21,Completed,Bank Transfer
PAY00003203,CLM0004463,2023-02-20,10414.93,Completed,Online
PAY00003204,CLM0004464,2024-11-18,4525.93,Completed,Bank Transfer
PAY00003205,CLM0004466,2025-01-30,10997.67,Completed,Online
PAY00003206,CLM0004466,2025-01-30,2064.06,Pending,Bank Transfer
PAY00003207,CLM0004467,2024-04-11,14619.55,Completed,Bank Transfer
PAY00003208,CLM0004468,2023-11-25,2389.24,Completed,Online
PAY00003209,CLM0004469,2024-04-22,15585.57,Completed,Bank Transfer
PAY00003210,CLM0004472,2022-06-28,14376.64,Completed,Bank Transfer
PAY00003211,CLM0004473,2022-12-13,26334.72,Completed,Bank Transfer
PAY00003212,CLM0004479,2022-10-20,9994.01,Completed,Bank Transfer
PAY00003213,CLM0004479,2022-10-20,24545.79,Completed,Bank Transfer
PAY00003214,CLM0004480,2025-08-19,44638.87,Completed,Bank Transfer
PAY00003215,CLM0004482,2024-07-20,27290.03,Completed,Bank Transfer
PAY00003216,CLM0004482,2024-07-20,11244.61,Completed,Bank Transfer
PAY00003217,CLM0004483,2023-12-28,10744.72,Completed,Bank Transfer
PAY00003218,CLM0004484,2025-01-02,4126.34,Completed,Online
PAY00003219,CLM0004484,2025-01-02,26557.42,Completed,Bank Transfer
PAY00003220,CLM0004485,2023-09-04,2817.32,Completed,Bank Transfer
PAY00003221,CLM0004485,2023-09-04,14387.2,Completed,Cheque
PAY00003222,CLM0004486,2025-11-27,13667.13,Completed,Bank Transfer
PAY00003223,CLM0004487,2023-02-17,23263.68,Completed,Bank Transfer
PAY00003224,CLM0004487,2023-02-17,2576.82,Completed,Bank Transfer
PAY00003225,CLM0004490,2025-09-16,12268.61,Completed,Bank Transfer
PAY00003226,CLM0004490,2025-09-16,3306.62,Completed,Online
PAY00003227,CLM0004491,2025-01-31,8917.6,Completed,Cheque
PAY00003228,CLM0004492,2022-09-22,43289.26,Completed,Bank Transfer
PAY00003229,CLM0004493,2024-08-21,25948.83,Completed,Online
PAY00003230,CLM0004494,2022-09-07,44299.42,Completed,Cheque
PAY00003231,CLM0004495,2024-09-10,6346.32,Completed,Bank Transfer
PAY00003232,CLM0004496,2024-04-09,8922.09,Pending,Bank Transfer
PAY00003233,CLM0004497,2022-09-07,6232.81,Completed,Bank Transfer
PAY00003234,CLM0004498,2022-11-20,7466.5,Completed,Bank Transfer
PAY00003235,CLM0004505,2024-06-14,9668.82,Completed,Cheque
PAY00003236,CLM0004507,2026-01-14,17380.38,Completed,Bank Transfer
PAY00003237,CLM0004508,2026-12-01,22263.81,Completed,Bank Transfer
PAY00003238,CLM0004509,2022-02-15,6345.93,Completed,Bank Transfer
PAY00003239,CLM0004510,2024-05-02,12539.21,Completed,Bank Transfer
PAY00003240,CLM0004513,2023-05-03,18913.51,Completed,Bank Transfer
PAY00003241,CLM0004515,2025-04-08,20289.6,Completed,Online
PAY00003242,CLM0004517,2024-09-13,12923,Completed,Bank Transfer
PAY00003243,CLM0004517,2024-09-13,12056.53,Pending,Cheque
PAY00003244,CLM0004518,2023-05-26,136742.51,Completed,Cheque
PAY00003245,CLM0004520,2024-11-09,15140.05,Completed,Bank Transfer
PAY00003246,CLM0004521,2024-08-27,8107.19,Completed,Bank Transfer
PAY00003247,CLM0004522,2024-08-16,6442.41,Completed,Bank Transfer
PAY00003248,CLM0004524,2022-08-23,979.73,Completed,Bank Transfer
PAY00003249,CLM0004524,2022-08-23,12633.88,Completed,Bank Transfer
PAY00003250,CLM0004525,2025-07-16,3081.22,Completed,Bank Transfer
PAY00003251,CLM0004525,2025-07-16,5281.55,Completed,Bank Transfer
PAY00003252,CLM0004530,2025-08-18,15321.92,Completed,Bank Transfer
PAY00003253,CLM0004530,2025-08-18,21480.17,Completed,Bank Transfer
PAY00003254,CLM0004531,2025-04-24,70515.05,Completed,Bank Transfer
PAY00003255,CLM0004532,2025-05-16,27513.83,Completed,Bank Transfer
PAY00003256,CLM0004532,2025-05-16,49596.83,Pending,Bank Transfer
PAY00003257,CLM0004536,2022-10-12,44764.1,Completed,Bank Transfer
PAY00003258,CLM0004538,2024-11-22,2216.76,Completed,Bank Transfer
PAY00003259,CLM0004538,2024-11-22,1883.53,Completed,Online
PAY00003260,CLM0004539,2022-05-05,4145.15,Completed,Bank Transfer
PAY00003261,CLM0004539,2022-05-05,7740.26,Completed,Bank Transfer
PAY00003262,CLM0004540,2026-01-16,18808.47,Completed,Online
PAY00003263,CLM0004541,2023-11-05,19212.54,Completed,Bank Transfer
PAY00003264,CLM0004541,2023-11-05,7108.97,Completed,Bank Transfer
PAY00003265,CLM0004543,2025-03-04,8355.46,Pending,Online
PAY00003266,CLM0004543,2025-03-04,7372.4,Completed,Bank Transfer
PAY00003267,CLM0004545,2024-12-07,34219.79,Completed,Cheque
PAY00003268,CLM0004546,2024-06-06,45291.2,Completed,Bank Transfer
PAY00003269,CLM0004547,2023-12-28,2381.01,Completed,Bank Transfer
PAY00003270,CLM0004548,2022-12-29,34076.39,Completed,Bank Transfer
PAY00003271,CLM0004549,2022-12-18,178.34,Pending,Online
PAY00003272,CLM0004549,2022-12-18,5683.36,Completed,Online
PAY00003273,CLM0004550,2022-04-08,5663.26,Completed,Bank Transfer
PAY00003274,CLM0004551,2026-02-19,15753.15,Completed,Bank Transfer
PAY00003275,CLM0004552,2023-07-21,14479.57,Completed,Online
PAY00003276,CLM0004554,2025-06-08,1344.74,Completed,Bank Transfer
PAY00003277,CLM0004554,2025-06-08,1655.57,Completed,Bank Transfer
PAY00003278,CLM0004555,2023-08-22,146.95,Pending,Bank Transfer
PAY00003279,CLM0004555,2023-08-22,12240.25,Completed,Bank Transfer
PAY00003280,CLM0004556,2022-04-24,1540.27,Pending,Bank Transfer
PAY00003281,CLM0004556,2022-04-24,44470.59,Completed,Bank Transfer
PAY00003282,CLM0004558,2023-09-29,63435.25,Completed,Online
PAY00003283,CLM0004559,2025-03-03,28653.26,Completed,Bank Transfer
PAY00003284,CLM0004561,2025-09-27,55495.27,Completed,Cheque
PAY00003285,CLM0004564,2022-06-06,16082.42,Completed,Bank Transfer
PAY00003286,CLM0004565,2022-09-29,10537.21,Completed,Cheque
PAY00003287,CLM0004568,2024-12-02,90283.9,Completed,Bank Transfer
PAY00003288,CLM0004568,2024-12-02,24411.2,Completed,Bank Transfer
PAY00003289,CLM0004575,2023-11-14,52659.17,Completed,Bank Transfer
PAY00003290,CLM0004576,2023-06-25,5516.3,Pending,Bank Transfer
PAY00003291,CLM0004576,2023-06-25,16195.54,Completed,Bank Transfer
PAY00003292,CLM0004577,2025-05-19,2410.82,Pending,Bank Transfer
PAY00003293,CLM0004577,2025-05-19,1152.03,Completed,Cheque
PAY00003294,CLM0004578,2023-10-07,30669.82,Completed,Online
PAY00003295,CLM0004578,2023-10-07,44195.91,Completed,Bank Transfer
PAY00003296,CLM0004579,2023-06-19,6865.71,Completed,Cheque
PAY00003297,CLM0004581,2025-05-25,1186.73,Completed,Online
PAY00003298,CLM0004582,2026-03-01,5013.66,Completed,Bank Transfer
PAY00003299,CLM0004583,2025-01-10,22557.32,Completed,Online
PAY00003300,CLM0004583,2025-01-10,3252.49,Completed,Bank Transfer
PAY00003301,CLM0004584,2022-06-16,2400.7,Completed,Bank Transfer
PAY00003302,CLM0004585,2023-07-19,13313.81,Completed,Bank Transfer
PAY00003303,CLM0004588,2024-04-27,33366.89,Completed,Bank Transfer
PAY00003304,CLM0004589,2025-11-09,4250.9,Completed,Online
PAY00003305,CLM0004589,2025-11-09,6161.07,Completed,Bank Transfer
PAY00003306,CLM0004591,2022-09-24,693.48,Completed,Bank Transfer
PAY00003307,CLM0004591,2022-09-24,1191.99,Completed,Bank Transfer
PAY00003308,CLM0004592,2022-01-30,23880.67,Completed,Online
PAY00003309,CLM0004598,2023-10-14,16131.7,Pending,Online
PAY00003310,CLM0004600,2023-11-21,17994.53,Completed,Cheque
PAY00003311,CLM0004603,2022-09-13,5830.21,Completed,Cheque
PAY00003312,CLM0004604,2023-08-17,49243.22,Completed,Online
PAY00003313,CLM0004609,2022-10-31,25606.16,Completed,Online
PAY00003314,CLM0004610,2026-01-03,23963.89,Completed,Bank Transfer
PAY00003315,CLM0004611,2023-08-02,8428.13,Pending,Bank Transfer
PAY00003316,CLM0004616,2025-08-30,1397.88,Completed,Online
PAY00003317,CLM0004616,2025-08-30,2881.06,Completed,Online
PAY00003318,CLM0004617,2023-11-11,66251.04,Completed,Bank Transfer
PAY00003319,CLM0004617,2023-11-11,18946.95,Completed,Bank Transfer
PAY00003320,CLM0004619,2025-02-19,12594.53,Completed,Online
PAY00003321,CLM0004621,2025-03-12,33396.95,Completed,Bank Transfer
PAY00003322,CLM0004622,2022-05-29,6797.11,Completed,Bank Transfer
PAY00003323,CLM0004623,2022-10-26,9756.45,Completed,Bank Transfer
PAY00003324,CLM0004623,2022-10-26,3825.74,Completed,Bank Transfer
PAY00003325,CLM0004625,2026-02-16,11079.64,Completed,Bank Transfer
PAY00003326,CLM0004626,2024-09-18,49311.81,Completed,Cheque
PAY00003327,CLM0004631,2026-10-01,5305.7,Completed,Cheque
PAY00003328,CLM0004632,2023-04-05,22143.58,Completed,Cheque
PAY00003329,CLM0004634,2025-03-22,6537.77,Completed,Bank Transfer
PAY00003330,CLM0004635,2024-06-28,78301.59,Completed,Bank Transfer
PAY00003331,CLM0004638,2022-06-13,16054.79,Completed,Bank Transfer
PAY00003332,CLM0004643,2024-12-15,2578.34,Completed,Bank Transfer
PAY00003333,CLM0004645,2024-07-25,7912.24,Completed,Online
PAY00003334,CLM0004646,2025-06-05,21280.9,Completed,Bank Transfer
PAY00003335,CLM0004648,2023-08-16,26764.92,Completed,Bank Transfer
PAY00003336,CLM0004648,2023-08-16,9227.26,Completed,Online
PAY00003337,CLM0004649,2022-05-04,37624.24,Completed,Bank Transfer
PAY00003338,CLM0004650,2024-03-29,7527.68,Completed,Online
PAY00003339,CLM0004651,2023-02-02,9588.36,Completed,Bank Transfer
PAY00003340,CLM0004652,2022-03-12,41088.37,Completed,Bank Transfer
PAY00003341,CLM0004653,2022-04-25,122298.77,Completed,Bank Transfer
PAY00003342,CLM0004654,2022-05-27,18539.17,Completed,Bank Transfer
PAY00003343,CLM0004655,2025-10-12,1099.48,Completed,Online
PAY00003344,CLM0004655,2025-10-12,5586.33,Completed,Bank Transfer
PAY00003345,CLM0004656,2022-03-10,4721.4,Pending,Bank Transfer
PAY00003346,CLM0004656,2022-03-10,4807.25,Completed,Bank Transfer
PAY00003347,CLM0004658,2023-11-30,27261.67,Pending,Bank Transfer
PAY00003348,CLM0004658,2023-11-30,15762.52,Completed,Cheque
PAY00003349,CLM0004660,2023-04-05,8086.46,Completed,Online
PAY00003350,CLM0004661,2022-10-24,8492.74,Completed,Bank Transfer
PAY00003351,CLM0004661,2022-10-24,4111.8,Completed,Bank Transfer
PAY00003352,CLM0004662,2023-04-26,15377,Completed,Bank Transfer
PAY00003353,CLM0004663,2025-07-16,34257.95,Completed,Bank Transfer
PAY00003354,CLM0004664,2022-10-29,2018.39,Completed,Cheque
PAY00003355,CLM0004664,2022-10-29,1396.97,Completed,Bank Transfer
PAY00003356,CLM0004667,2025-06-21,31700.08,Completed,Bank Transfer
PAY00003357,CLM0004669,2025-08-26,1175.98,Completed,Bank Transfer
PAY00003358,CLM0004669,2025-08-26,2914.94,Completed,Bank Transfer
PAY00003359,CLM0004670,2022-04-20,2411.11,Completed,Bank Transfer
PAY00003360,CLM0004671,2023-10-30,6302.19,Completed,Bank Transfer
PAY00003361,CLM0004671,2023-10-30,5384.71,Completed,Online
PAY00003362,CLM0004675,2025-12-16,49953.19,Completed,Bank Transfer
PAY00003363,CLM0004678,2024-12-30,2323.78,Completed,Bank Transfer
PAY00003364,CLM0004678,2024-12-30,6231.68,Completed,Online
PAY00003365,CLM0004681,2024-06-16,33108.36,Completed,Online
PAY00003366,CLM0004681,2024-06-16,2874.47,Completed,Online
PAY00003367,CLM0004682,2025-06-23,3857.01,Completed,Online
PAY00003368,CLM0004682,2025-06-23,18191.92,Completed,Cheque
PAY00003369,CLM0004683,2022-08-16,24837.12,Completed,Bank Transfer
PAY00003370,CLM0004686,2022-07-11,38854.32,Completed,Cheque
PAY00003371,CLM0004687,2023-06-25,6388.81,Completed,Bank Transfer
PAY00003372,CLM0004688,2022-12-04,17511.78,Completed,Online
PAY00003373,CLM0004689,2025-06-05,17799.11,Completed,Online
PAY00003374,CLM0004691,2025-08-06,25758.04,Completed,Bank Transfer
PAY00003375,CLM0004691,2025-08-06,8220.33,Completed,Bank Transfer
PAY00003376,CLM0004692,2023-07-09,9133.43,Completed,Bank Transfer
PAY00003377,CLM0004694,2024-09-14,9643.28,Completed,Bank Transfer
PAY00003378,CLM0004696,2022-09-17,58971.64,Pending,Bank Transfer
PAY00003379,CLM0004698,2022-10-04,15713.96,Completed,Bank Transfer
PAY00003380,CLM0004699,2025-06-22,50581.71,Completed,Bank Transfer
PAY00003381,CLM0004702,2025-01-17,8656.36,Completed,Online
PAY00003382,CLM0004703,2022-03-28,7943.21,Completed,Bank Transfer
PAY00003383,CLM0004706,2024-04-12,19077.23,Completed,Bank Transfer
PAY00003384,CLM0004707,2023-08-29,34134.69,Completed,Bank Transfer
PAY00003385,CLM0004708,2024-11-25,25730.61,Completed,Bank Transfer
PAY00003386,CLM0004708,2024-11-25,2647.91,Completed,Bank Transfer
PAY00003387,CLM0004709,2023-03-10,6316.05,Completed,Bank Transfer
PAY00003388,CLM0004711,2022-05-15,10441.3,Completed,Bank Transfer
PAY00003389,CLM0004711,2022-05-15,21627.38,Completed,Bank Transfer
PAY00003390,CLM0004712,2024-11-22,19434.28,Completed,Cheque
PAY00003391,CLM0004714,2025-07-24,4913.84,Completed,Bank Transfer
PAY00003392,CLM0004714,2025-07-24,4592.4,Completed,Bank Transfer
PAY00003393,CLM0004715,2025-07-01,6674.48,Completed,Bank Transfer
PAY00003394,CLM0004717,2023-03-04,9277.24,Completed,Bank Transfer
PAY00003395,CLM0004720,2024-07-11,2423.39,Completed,Bank Transfer
PAY00003396,CLM0004720,2024-07-11,2426.64,Completed,Bank Transfer
PAY00003397,CLM0004724,2023-08-20,4341.7,Completed,Bank Transfer
PAY00003398,CLM0004724,2023-08-20,2756.95,Completed,Bank Transfer
PAY00003399,CLM0004725,2022-05-22,10773.95,Completed,Bank Transfer
PAY00003400,CLM0004726,2024-11-07,12006.05,Completed,Bank Transfer
PAY00003401,CLM0004732,2022-08-14,11285.65,Completed,Online
PAY00003402,CLM0004733,2022-10-08,13769.67,Completed,Online
PAY00003403,CLM0004733,2022-10-08,4040.56,Completed,Online
PAY00003404,CLM0004735,2022-11-16,7577.24,Completed,Cheque
PAY00003405,CLM0004736,2022-10-05,9430.73,Completed,Cheque
PAY00003406,CLM0004736,2022-10-05,10997.84,Completed,Bank Transfer
PAY00003407,CLM0004740,2024-04-22,99467.01,Completed,Bank Transfer
PAY00003408,CLM0004742,2024-08-31,65341.68,Completed,Bank Transfer
PAY00003409,CLM0004743,2023-10-27,47.5,Completed,Online
PAY00003410,CLM0004743,2023-10-27,8250.38,Completed,Online
PAY00003411,CLM0004744,2025-02-28,287.56,Completed,Cheque
PAY00003412,CLM0004744,2025-02-28,2321.89,Completed,Bank Transfer
PAY00003413,CLM0004745,2022-09-04,18556.28,Completed,Bank Transfer
PAY00003414,CLM0004746,2024-08-02,15479.75,Completed,Bank Transfer
PAY00003415,CLM0004747,2022-06-28,15835.64,Completed,Bank Transfer
PAY00003416,CLM0004748,2025-07-18,4668.77,Completed,Online
PAY00003417,CLM0004748,2025-07-18,786.45,Completed,Bank Transfer
PAY00003418,CLM0004750,2023-06-02,33535.95,Completed,Bank Transfer
PAY00003419,CLM0004752,2023-01-07,16941.44,Completed,Online
PAY00003420,CLM0004756,2024-04-16,2044.85,Completed,Cheque
PAY00003421,CLM0004756,2024-04-16,5517.68,Completed,Bank Transfer
PAY00003422,CLM0004758,2022-06-07,4651.55,Completed,Online
PAY00003423,CLM0004759,2023-10-27,26700.56,Completed,Bank Transfer
PAY00003424,CLM0004760,2024-08-25,5182.96,Completed,Bank Transfer
PAY00003425,CLM0004760,2024-08-25,388.27,Completed,Bank Transfer
PAY00003426,CLM0004761,2022-06-13,5919.9,Pending,Bank Transfer
PAY00003427,CLM0004763,2025-07-15,2355.31,Completed,Bank Transfer
PAY00003428,CLM0004765,2024-01-31,71746.33,Completed,Online
PAY00003429,CLM0004766,2024-05-04,25084.02,Completed,Online
PAY00003430,CLM0004766,2024-05-04,3294.48,Completed,Bank Transfer
PAY00003431,CLM0004767,2022-03-18,20094.46,Completed,Online
PAY00003432,CLM0004768,2022-05-20,15389.95,Completed,Cheque
PAY00003433,CLM0004769,2023-12-24,24141.09,Completed,Online
PAY00003434,CLM0004770,2023-08-19,25201.28,Completed,Bank Transfer
PAY00003435,CLM0004770,2023-08-19,3106.38,Completed,Bank Transfer
PAY00003436,CLM0004771,2024-03-16,14663.76,Completed,Bank Transfer
PAY00003437,CLM0004773,2023-04-12,5691.52,Completed,Bank Transfer
PAY00003438,CLM0004773,2023-04-12,14828.24,Completed,Bank Transfer
PAY00003439,CLM0004775,2023-04-08,5446.37,Completed,Online
PAY00003440,CLM0004775,2023-04-08,133.51,Completed,Bank Transfer
PAY00003441,CLM0004777,2024-04-12,4424.76,Completed,Online
PAY00003442,CLM0004778,2024-06-03,14921.41,Completed,Bank Transfer
PAY00003443,CLM0004780,2024-03-31,2712.78,Completed,Bank Transfer
PAY00003444,CLM0004780,2024-03-31,8628.94,Completed,Online
PAY00003445,CLM0004781,2024-10-31,9173.59,Completed,Bank Transfer
PAY00003446,CLM0004782,2025-05-30,72054.42,Completed,Bank Transfer
PAY00003447,CLM0004782,2025-05-30,24027.31,Completed,Online
PAY00003448,CLM0004784,2026-01-01,16799.28,Completed,Bank Transfer
PAY00003449,CLM0004784,2026-01-01,10576.36,Completed,Bank Transfer
PAY00003450,CLM0004787,2023-07-26,47928.37,Completed,Bank Transfer
PAY00003451,CLM0004788,2023-12-06,4294.46,Completed,Bank Transfer
PAY00003452,CLM0004789,2024-07-18,21553.56,Completed,Bank Transfer
PAY00003453,CLM0004790,2022-01-04,14127.83,Completed,Bank Transfer
PAY00003454,CLM0004793,2025-11-07,4689.71,Pending,Bank Transfer
PAY00003455,CLM0004793,2025-11-07,8660.59,Completed,Online
PAY00003456,CLM0004794,2024-05-13,17690.96,Pending,Bank Transfer
PAY00003457,CLM0004795,2025-04-19,7497.78,Completed,Bank Transfer
PAY00003458,CLM0004796,2023-07-26,29038.17,Completed,Bank Transfer
PAY00003459,CLM0004797,2024-02-09,24040.53,Pending,Online
PAY00003460,CLM0004800,2025-11-27,51919.07,Completed,Bank Transfer
PAY00003461,CLM0004801,2023-05-03,23912.09,Completed,Bank Transfer
PAY00003462,CLM0004802,2023-01-27,7421.11,Completed,Bank Transfer
PAY00003463,CLM0004803,2023-09-17,39939.01,Completed,Bank Transfer
PAY00003464,CLM0004804,2025-05-18,9456.21,Completed,Bank Transfer
PAY00003465,CLM0004805,2023-04-10,4671.13,Completed,Bank Transfer
PAY00003466,CLM0004808,2022-09-24,10132.86,Completed,Online
PAY00003467,CLM0004808,2022-09-24,1419.87,Completed,Bank Transfer
PAY00003468,CLM0004810,2022-02-22,2469.98,Completed,Online
PAY00003469,CLM0004810,2022-02-22,111.53,Completed,Bank Transfer
PAY00003470,CLM0004811,2022-12-09,26586.07,Completed,Bank Transfer
PAY00003471,CLM0004814,2022-10-24,10683.1,Pending,Bank Transfer
PAY00003472,CLM0004816,2023-02-24,34372.46,Completed,Bank Transfer
PAY00003473,CLM0004818,2025-02-14,82268.11,Completed,Bank Transfer
PAY00003474,CLM0004820,2024-04-04,7049.33,Pending,Online
PAY00003475,CLM0004820,2024-04-04,26382.96,Completed,Bank Transfer
PAY00003476,CLM0004823,2024-01-23,30221.48,Completed,Online
PAY00003477,CLM0004823,2024-01-23,19168.04,Completed,Bank Transfer
PAY00003478,CLM0004825,2022-09-29,8997.32,Completed,Bank Transfer
PAY00003479,CLM0004825,2022-09-29,1172.68,Pending,Bank Transfer
PAY00003480,CLM0004826,2023-04-05,19965.85,Completed,Bank Transfer
PAY00003481,CLM0004827,2024-01-06,3543.57,Pending,Bank Transfer
PAY00003482,CLM0004830,2024-05-17,43142.03,Completed,Bank Transfer
PAY00003483,CLM0004832,2024-12-30,4787.75,Completed,Bank Transfer
PAY00003484,CLM0004832,2024-12-30,22486.71,Completed,Bank Transfer
PAY00003485,CLM0004834,2025-06-08,133836.67,Completed,Cheque
PAY00003486,CLM0004835,2022-04-17,32408.75,Completed,Cheque
PAY00003487,CLM0004836,2025-11-02,34313.35,Completed,Online
PAY00003488,CLM0004836,2025-11-02,168.72,Completed,Bank Transfer
PAY00003489,CLM0004837,2023-01-12,9588.26,Completed,Bank Transfer
PAY00003490,CLM0004837,2023-01-12,610.93,Completed,Bank Transfer
PAY00003491,CLM0004840,2024-11-20,17040.13,Completed,Bank Transfer
PAY00003492,CLM0004842,2024-09-18,4085.56,Completed,Bank Transfer
PAY00003493,CLM0004842,2024-09-18,398.03,Completed,Bank Transfer
PAY00003494,CLM0004843,2022-12-20,9758.59,Completed,Bank Transfer
PAY00003495,CLM0004845,2023-09-22,16830.44,Completed,Bank Transfer
PAY00003496,CLM0004845,2023-09-22,17920.98,Completed,Cheque
PAY00003497,CLM0004846,2023-03-20,1980.25,Completed,Online
PAY00003498,CLM0004846,2023-03-20,9464.46,Completed,Bank Transfer
PAY00003499,CLM0004849,2023-11-10,11164.5,Completed,Bank Transfer
PAY00003500,CLM0004849,2023-11-10,42084.5,Completed,Online
PAY00003501,CLM0004850,2023-08-14,17043.41,Completed,Bank Transfer
PAY00003502,CLM0004853,2024-07-15,7432.79,Completed,Cheque
PAY00003503,CLM0004853,2024-07-15,6126.9,Completed,Bank Transfer
PAY00003504,CLM0004854,2023-01-24,17992.75,Completed,Bank Transfer
PAY00003505,CLM0004855,2024-07-19,18179.51,Completed,Bank Transfer
PAY00003506,CLM0004856,2022-04-04,11923.6,Completed,Bank Transfer
PAY00003507,CLM0004856,2022-04-04,28903.82,Completed,Bank Transfer
PAY00003508,CLM0004857,2022-09-08,10670.05,Completed,Bank Transfer
PAY00003509,CLM0004857,2022-09-08,945.98,Completed,Bank Transfer
PAY00003510,CLM0004859,2023-04-28,22324.67,Completed,Bank Transfer
PAY00003511,CLM0004861,2022-06-26,20150.47,Completed,Bank Transfer
PAY00003512,CLM0004862,2022-09-10,34888.18,Completed,Cheque
PAY00003513,CLM0004863,2024-02-07,24692.55,Pending,Bank Transfer
PAY00003514,CLM0004864,2025-08-18,9697.82,Completed,Bank Transfer
PAY00003515,CLM0004864,2025-08-18,1581.97,Completed,Bank Transfer
PAY00003516,CLM0004865,2022-12-10,4780,Completed,Bank Transfer
PAY00003517,CLM0004866,2025-08-24,9874.47,Completed,Bank Transfer
PAY00003518,CLM0004866,2025-08-24,2479.02,Completed,Cheque
PAY00003519,CLM0004869,2025-08-12,323.12,Completed,Cheque
PAY00003520,CLM0004869,2025-08-12,12581.25,Completed,Bank Transfer
PAY00003521,CLM0004870,2025-02-05,8514.94,Completed,Online
PAY00003522,CLM0004873,2025-07-22,3090.67,Completed,Online
PAY00003523,CLM0004873,2025-07-22,10857.82,Completed,Bank Transfer
PAY00003524,CLM0004875,2024-01-20,11060.6,Completed,Online
PAY00003525,CLM0004876,2023-07-03,1207.15,Completed,Online
PAY00003526,CLM0004876,2023-07-03,3931.26,Completed,Bank Transfer
PAY00003527,CLM0004879,2025-02-28,73059.21,Completed,Bank Transfer
PAY00003528,CLM0004880,2025-10-23,28694.14,Pending,Bank Transfer
PAY00003529,CLM0004881,2023-02-13,14342.28,Completed,Bank Transfer
PAY00003530,CLM0004882,2023-03-16,37754.81,Pending,Online
PAY00003531,CLM0004883,2024-08-25,5474.07,Completed,Bank Transfer
PAY00003532,CLM0004885,2023-08-09,6787.41,Completed,Bank Transfer
PAY00003533,CLM0004885,2023-08-09,14820.93,Completed,Bank Transfer
PAY00003534,CLM0004886,2023-01-31,7079.33,Completed,Bank Transfer
PAY00003535,CLM0004888,2023-08-10,28097.45,Completed,Bank Transfer
PAY00003536,CLM0004889,2023-04-28,6831.41,Completed,Bank Transfer
PAY00003537,CLM0004889,2023-04-28,1967.51,Completed,Bank Transfer
PAY00003538,CLM0004891,2025-11-07,23225.55,Completed,Bank Transfer
PAY00003539,CLM0004891,2025-11-07,3711.7,Completed,Bank Transfer
PAY00003540,CLM0004892,2025-08-25,4299.84,Completed,Bank Transfer
PAY00003541,CLM0004894,2025-11-15,6792.15,Completed,Bank Transfer
PAY00003542,CLM0004896,2025-08-14,37380.52,Completed,Bank Transfer
PAY00003543,CLM0004897,2023-05-30,32091.7,Completed,Bank Transfer
PAY00003544,CLM0004899,2023-06-08,17638.87,Completed,Bank Transfer
PAY00003545,CLM0004901,2024-02-27,51518.79,Completed,Online
PAY00003546,CLM0004902,2025-01-22,8956.12,Completed,Bank Transfer
PAY00003547,CLM0004905,2023-11-07,21216.27,Completed,Bank Transfer
PAY00003548,CLM0004907,2025-07-08,21208.59,Pending,Bank Transfer
PAY00003549,CLM0004908,2023-04-30,23167.17,Completed,Bank Transfer
PAY00003550,CLM0004911,2025-03-25,93427.5,Completed,Bank Transfer
PAY00003551,CLM0004912,2024-10-22,11921.88,Completed,Bank Transfer
PAY00003552,CLM0004913,2025-06-29,14331.03,Completed,Bank Transfer
PAY00003553,CLM0004915,2024-10-21,6241.61,Completed,Bank Transfer
PAY00003554,CLM0004917,2025-01-27,10162.13,Completed,Bank Transfer
PAY00003555,CLM0004919,2023-04-03,20087.92,Completed,Bank Transfer
PAY00003556,CLM0004920,2023-08-13,27229.93,Completed,Online
PAY00003557,CLM0004923,2024-01-10,15485.85,Completed,Bank Transfer
PAY00003558,CLM0004923,2024-01-10,39815.77,Completed,Bank Transfer
PAY00003559,CLM0004924,2022-01-12,10099.03,Completed,Cheque
PAY00003560,CLM0004925,2024-04-06,12146.95,Completed,Cheque
PAY00003561,CLM0004933,2025-05-07,9511.62,Completed,Bank Transfer
PAY00003562,CLM0004934,2025-12-25,11458.95,Completed,Bank Transfer
PAY00003563,CLM0004937,2023-03-18,7706.78,Completed,Bank Transfer
PAY00003564,CLM0004940,2023-01-03,7099.94,Completed,Bank Transfer
PAY00003565,CLM0004941,2022-02-16,15368.92,Completed,Bank Transfer
PAY00003566,CLM0004943,2024-10-19,21048.24,Completed,Online
PAY00003567,CLM0004945,2022-08-28,14541.89,Completed,Bank Transfer
PAY00003568,CLM0004945,2022-08-28,5726.85,Completed,Online
PAY00003569,CLM0004950,2024-05-11,5080.76,Completed,Bank Transfer
PAY00003570,CLM0004950,2024-05-11,1602.2,Pending,Cheque
PAY00003571,CLM0004951,2026-10-01,11841.35,Completed,Bank Transfer
PAY00003572,CLM0004952,2022-06-13,3089.27,Pending,Bank Transfer
PAY00003573,CLM0004953,2024-08-28,3237.91,Pending,Cheque
PAY00003574,CLM0004954,2025-12-15,15275.22,Completed,Bank Transfer
PAY00003575,CLM0004955,2022-11-14,1383.4,Completed,Bank Transfer
PAY00003576,CLM0004955,2022-11-14,5823.98,Completed,Bank Transfer
PAY00003577,CLM0004958,2024-04-14,3041.47,Completed,Online
PAY00003578,CLM0004958,2024-04-14,1304.99,Pending,Bank Transfer
PAY00003579,CLM0004959,2022-07-09,29003.57,Completed,Bank Transfer
PAY00003580,CLM0004960,2024-01-15,14261.9,Completed,Bank Transfer
PAY00003581,CLM0004962,2024-07-07,5250.32,Completed,Bank Transfer
PAY00003582,CLM0004962,2024-07-07,3085.68,Completed,Bank Transfer
PAY00003583,CLM0004963,2025-06-27,14022.79,Completed,Bank Transfer
PAY00003584,CLM0004964,2025-07-07,18808.45,Completed,Bank Transfer
PAY00003585,CLM0004964,2025-07-07,10881.23,Completed,Bank Transfer
PAY00003586,CLM0004967,2022-08-25,37748.3,Completed,Bank Transfer
PAY00003587,CLM0004969,2025-08-25,3199.61,Completed,Cheque
PAY00003588,CLM0004971,2022-11-03,7547.37,Completed,Bank Transfer
PAY00003589,CLM0004980,2025-04-23,26217.84,Completed,Online
PAY00003590,CLM0004981,2022-09-30,6279.52,Completed,Online
PAY00003591,CLM0004981,2022-09-30,2011.17,Completed,Online
PAY00003592,CLM0004982,2024-05-15,25790.56,Completed,Bank Transfer
PAY00003593,CLM0004984,2022-09-17,25090.07,Completed,Bank Transfer
PAY00003594,CLM0004985,2024-01-04,36318.92,Completed,Cheque
PAY00003595,CLM0004987,2023-12-19,6812.94,Completed,Bank Transfer
PAY00003596,CLM0004987,2023-12-19,15519.33,Pending,Online
PAY00003597,CLM0004995,2025-12-14,8607.34,Completed,Bank Transfer
PAY00003598,CLM0004997,2023-01-02,6884.21,Completed,Online
PAY00003599,CLM0004998,2024-11-04,6821.02,Completed,Bank Transfer
PAY00003600,CLM0004998,2024-11-04,24139.89,Completed,Bank Transfer
PAY00003601,CLM0005004,2022-10-20,547.16,Completed,Bank Transfer
PAY00003602,CLM0005004,2022-10-20,12235.94,Completed,Bank Transfer
PAY00003603,CLM0005005,2022-02-07,12893.3,Completed,Bank Transfer
PAY00003604,CLM0005008,2024-12-20,38365.97,Completed,Online
PAY00003605,CLM0005010,2025-11-24,39468.06,Completed,Bank Transfer
PAY00003606,CLM0005012,2024-09-28,6677.94,Completed,Bank Transfer
PAY00003607,CLM0005013,2024-02-01,6987.26,Completed,Bank Transfer
PAY00003608,CLM0005016,2022-09-08,9055.42,Completed,Bank Transfer
PAY00003609,CLM0005016,2022-09-08,25607.91,Completed,Bank Transfer
PAY00003610,CLM0005017,2022-05-17,3147.24,Completed,Online
PAY00003611,CLM0005017,2022-05-17,178.71,Completed,Bank Transfer
PAY00003612,CLM0005019,2022-10-12,9397.15,Completed,Bank Transfer
PAY00003613,CLM0005022,2024-07-06,6508.1,Completed,Bank Transfer
PAY00003614,CLM0005023,2023-09-10,12151,Completed,Cheque
PAY00003615,CLM0005025,2024-08-05,59890.23,Completed,Online
PAY00003616,CLM0005030,2025-11-25,34646.39,Completed,Online
PAY00003617,CLM0005032,2022-11-20,3131.83,Completed,Bank Transfer
PAY00003618,CLM0005034,2025-11-21,18519.71,Completed,Online
PAY00003619,CLM0005035,2025-11-30,28814.96,Completed,Bank Transfer
PAY00003620,CLM0005036,2023-09-18,4986,Completed,Cheque
PAY00003621,CLM0005036,2023-09-18,18937.04,Completed,Bank Transfer
PAY00003622,CLM0005040,2025-05-07,12138.9,Completed,Bank Transfer
PAY00003623,CLM0005041,2025-06-07,36409.38,Completed,Online
PAY00003624,CLM0005041,2025-06-07,12800.96,Completed,Bank Transfer
PAY00003625,CLM0005042,2025-04-21,16603.24,Completed,Bank Transfer
PAY00003626,CLM0005043,2023-01-27,6079.22,Completed,Bank Transfer
PAY00003627,CLM0005043,2023-01-27,5510.42,Completed,Cheque
PAY00003628,CLM0005046,2022-03-30,11405.51,Completed,Online
PAY00003629,CLM0005047,2023-10-21,8916.55,Completed,Bank Transfer
PAY00003630,CLM0005047,2023-10-21,8878.04,Completed,Bank Transfer
PAY00003631,CLM0005048,2026-07-01,9050.58,Completed,Bank Transfer
PAY00003632,CLM0005052,2023-07-11,8798.49,Completed,Bank Transfer
PAY00003633,CLM0005055,2023-03-16,13136.14,Pending,Cheque
PAY00003634,CLM0005060,2023-04-24,1826.23,Completed,Bank Transfer
PAY00003635,CLM0005060,2023-04-24,28360,Completed,Online
PAY00003636,CLM0005061,2023-02-25,169.43,Pending,Bank Transfer
PAY00003637,CLM0005061,2023-02-25,1227.95,Completed,Cheque
PAY00003638,CLM0005063,2026-11-02,5449.04,Completed,Online
PAY00003639,CLM0005067,2023-01-16,39113.43,Completed,Bank Transfer
PAY00003640,CLM0005069,2023-09-13,8452.42,Completed,Online
PAY00003641,CLM0005070,2025-01-04,3977.34,Completed,Bank Transfer
PAY00003642,CLM0005073,2023-04-25,26964.3,Completed,Cheque
PAY00003643,CLM0005075,2023-07-23,13856.25,Completed,Bank Transfer
PAY00003644,CLM0005075,2023-07-23,2855.06,Completed,Bank Transfer
PAY00003645,CLM0005076,2023-02-13,51865.74,Completed,Online
PAY00003646,CLM0005077,2024-04-17,57.07,Completed,Online
PAY00003647,CLM0005077,2024-04-17,11582.89,Completed,Bank Transfer
PAY00003648,CLM0005079,2024-11-24,141.51,Completed,Bank Transfer
PAY00003649,CLM0005079,2024-11-24,27990.76,Completed,Online
PAY00003650,CLM0005080,2025-03-30,1620.75,Completed,Bank Transfer
PAY00003651,CLM0005080,2025-03-30,10157.31,Completed,Bank Transfer
PAY00003652,CLM0005081,2023-01-04,11213.19,Completed,Bank Transfer
PAY00003653,CLM0005083,2023-11-14,12361.55,Completed,Bank Transfer
PAY00003654,CLM0005084,2024-03-14,9963.61,Completed,Bank Transfer
PAY00003655,CLM0005085,2026-03-01,2448.1,Completed,Online
PAY00003656,CLM0005086,2022-08-27,48409.1,Completed,Bank Transfer
PAY00003657,CLM0005089,2024-01-15,10958.06,Completed,Cheque
PAY00003658,CLM0005091,2022-06-29,21805.5,Completed,Bank Transfer
PAY00003659,CLM0005091,2022-06-29,72876.34,Pending,Online
PAY00003660,CLM0005092,2022-03-13,7256.2,Pending,Cheque
PAY00003661,CLM0005093,2023-02-06,7203.97,Completed,Online
PAY00003662,CLM0005093,2023-02-06,3172.47,Completed,Bank Transfer
PAY00003663,CLM0005096,2023-04-05,660.42,Completed,Bank Transfer
PAY00003664,CLM0005096,2023-04-05,3482.75,Completed,Bank Transfer
PAY00003665,CLM0005098,2024-09-27,8913.95,Completed,Bank Transfer
PAY00003666,CLM0005101,2023-09-03,3713.9,Completed,Bank Transfer
PAY00003667,CLM0005102,2025-12-20,16715.54,Completed,Bank Transfer
PAY00003668,CLM0005103,2023-08-29,5132.19,Pending,Bank Transfer
PAY00003669,CLM0005104,2026-01-31,17522.53,Completed,Cheque
PAY00003670,CLM0005105,2022-09-19,66893.42,Completed,Bank Transfer
PAY00003671,CLM0005106,2025-08-10,31625.48,Completed,Bank Transfer
PAY00003672,CLM0005107,2024-05-26,7139.53,Completed,Bank Transfer
PAY00003673,CLM0005108,2022-09-07,15273.85,Completed,Online
PAY00003674,CLM0005111,2024-02-27,44295.47,Completed,Bank Transfer
PAY00003675,CLM0005111,2024-02-27,10261.11,Completed,Cheque
PAY00003676,CLM0005118,2025-02-16,5103.11,Completed,Bank Transfer
PAY00003677,CLM0005118,2025-02-16,3295.36,Completed,Bank Transfer
PAY00003678,CLM0005120,2023-06-06,33791.51,Completed,Cheque
PAY00003679,CLM0005126,2022-11-17,3194.87,Completed,Bank Transfer
PAY00003680,CLM0005126,2022-11-17,8432.06,Completed,Bank Transfer
PAY00003681,CLM0005129,2025-02-23,27611.22,Completed,Online
PAY00003682,CLM0005132,2022-04-08,10508.2,Completed,Online
PAY00003683,CLM0005133,2025-06-18,4877.59,Completed,Bank Transfer
PAY00003684,CLM0005133,2025-06-18,632.13,Completed,Bank Transfer
PAY00003685,CLM0005134,2023-03-29,1733.04,Completed,Bank Transfer
PAY00003686,CLM0005134,2023-03-29,19282.89,Completed,Bank Transfer
PAY00003687,CLM0005136,2024-06-03,38595.86,Completed,Bank Transfer
PAY00003688,CLM0005140,2024-05-13,124981.58,Completed,Cheque
PAY00003689,CLM0005140,2024-05-13,43395.55,Completed,Bank Transfer
PAY00003690,CLM0005142,2025-05-06,6283.29,Completed,Bank Transfer
PAY00003691,CLM0005142,2025-05-06,17551.2,Completed,Bank Transfer
PAY00003692,CLM0005144,2022-06-09,2920.68,Completed,Bank Transfer
PAY00003693,CLM0005144,2022-06-09,607.01,Completed,Bank Transfer
PAY00003694,CLM0005145,2022-03-10,20291.02,Completed,Bank Transfer
PAY00003695,CLM0005145,2022-03-10,10594.97,Pending,Bank Transfer
PAY00003696,CLM0005146,2023-07-06,1981.52,Completed,Bank Transfer
PAY00003697,CLM0005146,2023-07-06,4779.17,Completed,Bank Transfer
PAY00003698,CLM0005150,2024-05-10,54072.39,Pending,Cheque
PAY00003699,CLM0005151,2024-12-18,17971.31,Completed,Bank Transfer
PAY00003700,CLM0005152,2025-07-06,1405.77,Completed,Bank Transfer
PAY00003701,CLM0005154,2022-09-18,20881.77,Completed,Bank Transfer
PAY00003702,CLM0005154,2022-09-18,13026.09,Completed,Bank Transfer
PAY00003703,CLM0005155,2024-04-04,17207.78,Completed,Bank Transfer
PAY00003704,CLM0005160,2023-04-23,42661.88,Completed,Bank Transfer
PAY00003705,CLM0005163,2023-03-26,25650.97,Completed,Bank Transfer
PAY00003706,CLM0005166,2022-06-15,5302.55,Completed,Bank Transfer
PAY00003707,CLM0005166,2022-06-15,2086.77,Completed,Online
PAY00003708,CLM0005173,2025-01-22,7195.3,Completed,Online
PAY00003709,CLM0005174,2025-02-24,121940.19,Completed,Online
PAY00003710,CLM0005175,2022-07-06,93340.78,Completed,Bank Transfer
PAY00003711,CLM0005177,2024-12-06,27271.75,Completed,Bank Transfer
PAY00003712,CLM0005178,2025-06-17,153.75,Completed,Bank Transfer
PAY00003713,CLM0005178,2025-06-17,4786.93,Completed,Bank Transfer
PAY00003714,CLM0005182,2025-07-23,14400.43,Completed,Bank Transfer
PAY00003715,CLM0005185,2024-06-24,19749.26,Completed,Bank Transfer
PAY00003716,CLM0005187,2022-12-24,16556.89,Completed,Online
PAY00003717,CLM0005188,2022-09-19,10735.17,Completed,Online
PAY00003718,CLM0005189,2022-12-19,112063.05,Completed,Cheque
PAY00003719,CLM0005191,2022-03-19,1567.81,Completed,Bank Transfer
PAY00003720,CLM0005191,2022-03-19,5675.85,Completed,Online
PAY00003721,CLM0005194,2025-11-11,11055.57,Completed,Bank Transfer
PAY00003722,CLM0005194,2025-11-11,676.92,Completed,Bank Transfer
PAY00003723,CLM0005195,2025-08-03,2603.57,Completed,Bank Transfer
PAY00003724,CLM0005195,2025-08-03,27.02,Completed,Bank Transfer
PAY00003725,CLM0005199,2022-10-12,32032.94,Completed,Bank Transfer
PAY00003726,CLM0005199,2022-10-12,11946.96,Completed,Bank Transfer
PAY00003727,CLM0005200,2025-05-24,8482.16,Completed,Bank Transfer
PAY00003728,CLM0005202,2025-10-10,808.86,Pending,Bank Transfer
PAY00003729,CLM0005202,2025-10-10,7103.43,Completed,Bank Transfer
PAY00003730,CLM0005203,2024-01-29,105366.82,Completed,Bank Transfer
PAY00003731,CLM0005204,2025-08-20,30670.71,Completed,Bank Transfer
PAY00003732,CLM0005207,2024-03-27,3213.59,Pending,Bank Transfer
PAY00003733,CLM0005207,2024-03-27,8880.67,Completed,Bank Transfer
PAY00003734,CLM0005208,2025-11-03,29043.58,Completed,Bank Transfer
PAY00003735,CLM0005210,2024-04-02,40037.66,Completed,Bank Transfer
PAY00003736,CLM0005214,2023-01-26,3960.63,Completed,Bank Transfer
PAY00003737,CLM0005215,2025-11-24,64110.63,Completed,Online
PAY00003738,CLM0005216,2023-04-11,1101.13,Completed,Online
PAY00003739,CLM0005216,2023-04-11,13189.65,Completed,Cheque
PAY00003740,CLM0005218,2023-06-11,26652.92,Completed,Bank Transfer
PAY00003741,CLM0005219,2022-09-02,12655.22,Completed,Bank Transfer
PAY00003742,CLM0005221,2025-08-24,30645.8,Completed,Bank Transfer
PAY00003743,CLM0005222,2022-05-22,1904.18,Completed,Bank Transfer
PAY00003744,CLM0005225,2025-04-15,342.37,Completed,Online
PAY00003745,CLM0005225,2025-04-15,19571.29,Completed,Bank Transfer
PAY00003746,CLM0005226,2023-10-27,1720.31,Completed,Bank Transfer
PAY00003747,CLM0005226,2023-10-27,563.51,Completed,Bank Transfer
PAY00003748,CLM0005227,2023-01-17,6074.05,Completed,Bank Transfer
PAY00003749,CLM0005227,2023-01-17,17207.98,Completed,Bank Transfer
PAY00003750,CLM0005228,2025-10-02,9924.39,Completed,Bank Transfer
PAY00003751,CLM0005230,2025-01-25,17070.82,Completed,Bank Transfer
PAY00003752,CLM0005231,2023-01-05,29312.97,Completed,Bank Transfer
PAY00003753,CLM0005233,2023-06-08,33022.99,Completed,Bank Transfer
PAY00003754,CLM0005233,2023-06-08,21067.52,Completed,Cheque
PAY00003755,CLM0005235,2024-04-14,7205.97,Completed,Bank Transfer
PAY00003756,CLM0005239,2022-11-05,5653.24,Completed,Cheque
PAY00003757,CLM0005240,2022-05-15,3725.13,Completed,Bank Transfer
PAY00003758,CLM0005240,2022-05-15,20553.53,Completed,Bank Transfer
PAY00003759,CLM0005241,2023-03-30,23066.76,Pending,Bank Transfer
PAY00003760,CLM0005244,2024-01-31,8293.02,Completed,Bank Transfer
PAY00003761,CLM0005245,2023-07-31,20984.6,Completed,Bank Transfer
PAY00003762,CLM0005249,2025-12-26,87955.04,Completed,Bank Transfer
PAY00003763,CLM0005251,2024-10-06,31716.12,Completed,Cheque
PAY00003764,CLM0005251,2024-10-06,16386.1,Completed,Bank Transfer
PAY00003765,CLM0005252,2022-09-13,30668.81,Completed,Online
PAY00003766,CLM0005257,2024-01-24,86870.02,Completed,Bank Transfer
PAY00003767,CLM0005259,2022-10-29,452.54,Completed,Bank Transfer
PAY00003768,CLM0005259,2022-10-29,13898.57,Completed,Bank Transfer
PAY00003769,CLM0005260,2023-08-24,7892.5,Completed,Bank Transfer
PAY00003770,CLM0005261,2024-02-10,4193.48,Pending,Bank Transfer
PAY00003771,CLM0005261,2024-02-10,24900.53,Completed,Cheque
PAY00003772,CLM0005262,2023-05-19,9384.29,Completed,Bank Transfer
PAY00003773,CLM0005263,2023-03-12,21763.69,Completed,Bank Transfer
PAY00003774,CLM0005264,2025-07-03,18051.72,Completed,Bank Transfer
PAY00003775,CLM0005265,2024-12-17,6019.6,Completed,Bank Transfer
PAY00003776,CLM0005267,2026-01-01,2093.51,Completed,Bank Transfer
PAY00003777,CLM0005268,2025-07-12,15403.35,Completed,Cheque
PAY00003778,CLM0005270,2025-03-10,68118.89,Completed,Bank Transfer
PAY00003779,CLM0005274,2023-08-09,18173,Completed,Bank Transfer
PAY00003780,CLM0005276,2023-11-20,103948.99,Completed,Online
PAY00003781,CLM0005277,2024-01-14,17869.02,Completed,Cheque
PAY00003782,CLM0005278,2023-11-06,27884.19,Completed,Bank Transfer
PAY00003783,CLM0005280,2024-03-08,55281.13,Pending,Bank Transfer
PAY00003784,CLM0005281,2023-12-17,5147.96,Completed,Online
PAY00003785,CLM0005282,2024-12-21,34994.01,Completed,Bank Transfer
PAY00003786,CLM0005285,2023-11-03,141534.22,Completed,Bank Transfer
PAY00003787,CLM0005287,2024-04-30,30835.61,Completed,Bank Transfer
PAY00003788,CLM0005287,2024-04-30,7096.38,Completed,Online
PAY00003789,CLM0005290,2025-03-07,1391.56,Completed,Bank Transfer
PAY00003790,CLM0005290,2025-03-07,5168.31,Completed,Online
PAY00003791,CLM0005291,2025-11-29,9922.82,Pending,Bank Transfer
PAY00003792,CLM0005293,2024-06-04,84703.15,Completed,Bank Transfer
PAY00003793,CLM0005294,2023-05-07,10850.45,Completed,Online
PAY00003794,CLM0005294,2023-05-07,6644.59,Completed,Bank Transfer
PAY00003795,CLM0005295,2024-10-03,28329.44,Completed,Bank Transfer
PAY00003796,CLM0005296,2024-08-29,655.03,Completed,Cheque
PAY00003797,CLM0005296,2024-08-29,7763.98,Completed,Bank Transfer
PAY00003798,CLM0005298,2022-03-03,9612.18,Completed,Bank Transfer
PAY00003799,CLM0005302,2025-08-26,6644.85,Completed,Cheque
PAY00003800,CLM0005304,2024-08-22,1619.93,Completed,Bank Transfer
PAY00003801,CLM0005307,2022-12-21,2332.58,Pending,Bank Transfer
PAY00003802,CLM0005307,2022-12-21,57289.35,Completed,Bank Transfer
PAY00003803,CLM0005309,2023-11-06,2242.37,Completed,Bank Transfer
PAY00003804,CLM0005310,2024-06-17,70969.77,Completed,Online
PAY00003805,CLM0005314,2025-03-08,75588.25,Completed,Online
PAY00003806,CLM0005315,2023-11-04,18585.01,Completed,Bank Transfer
PAY00003807,CLM0005316,2023-08-08,8802.61,Completed,Online
PAY00003808,CLM0005317,2024-01-04,43375.43,Pending,Bank Transfer
PAY00003809,CLM0005318,2025-06-04,4526.8,Completed,Bank Transfer
PAY00003810,CLM0005319,2024-09-29,24380.02,Completed,Online
PAY00003811,CLM0005320,2024-07-03,31133.48,Completed,Bank Transfer
PAY00003812,CLM0005321,2023-10-11,24663.94,Completed,Cheque
PAY00003813,CLM0005326,2023-05-25,22246.26,Completed,Online
PAY00003814,CLM0005328,2025-10-27,5546.78,Completed,Bank Transfer
PAY00003815,CLM0005329,2022-02-10,18515.9,Completed,Cheque
PAY00003816,CLM0005331,2022-12-25,18927.88,Completed,Online
PAY00003817,CLM0005333,2022-09-23,9446.89,Completed,Bank Transfer
PAY00003818,CLM0005337,2025-04-10,38279.93,Completed,Bank Transfer
PAY00003819,CLM0005338,2025-06-04,3898.49,Completed,Bank Transfer
PAY00003820,CLM0005338,2025-06-04,7687.84,Completed,Bank Transfer
PAY00003821,CLM0005340,2022-08-24,28614.62,Completed,Bank Transfer
PAY00003822,CLM0005341,2025-11-19,9453.03,Completed,Bank Transfer
PAY00003823,CLM0005343,2024-09-25,2703.01,Pending,Bank Transfer
PAY00003824,CLM0005343,2024-09-25,4282.85,Completed,Bank Transfer
PAY00003825,CLM0005344,2024-12-02,5111.34,Completed,Online
PAY00003826,CLM0005345,2022-08-12,2440.22,Completed,Online
PAY00003827,CLM0005345,2022-08-12,21430.87,Completed,Bank Transfer
PAY00003828,CLM0005346,2025-05-23,12165.26,Completed,Cheque
PAY00003829,CLM0005347,2022-08-24,78466.55,Completed,Bank Transfer
PAY00003830,CLM0005347,2022-08-24,4131.61,Completed,Online
PAY00003831,CLM0005352,2025-11-28,21388.25,Completed,Online
PAY00003832,CLM0005354,2023-10-17,11745.1,Completed,Bank Transfer
PAY00003833,CLM0005355,2023-04-01,35943.45,Completed,Bank Transfer
PAY00003834,CLM0005357,2023-01-17,12725.44,Completed,Bank Transfer
PAY00003835,CLM0005359,2022-11-15,11294.05,Completed,Bank Transfer
PAY00003836,CLM0005359,2022-11-15,27422.93,Completed,Bank Transfer
PAY00003837,CLM0005360,2022-01-23,13618.96,Completed,Online
PAY00003838,CLM0005361,2022-07-23,906.19,Completed,Online
PAY00003839,CLM0005361,2022-07-23,11221.77,Completed,Cheque
PAY00003840,CLM0005363,2022-01-07,18135.76,Completed,Cheque
PAY00003841,CLM0005364,2022-05-21,13445.87,Completed,Bank Transfer
PAY00003842,CLM0005365,2023-02-27,7983.67,Completed,Bank Transfer
PAY00003843,CLM0005365,2023-02-27,1118.72,Completed,Bank Transfer
PAY00003844,CLM0005366,2025-08-26,28485.49,Completed,Online
PAY00003845,CLM0005367,2022-03-27,25754.5,Pending,Bank Transfer
PAY00003846,CLM0005369,2023-10-26,12893.22,Completed,Bank Transfer
PAY00003847,CLM0005370,2024-03-15,7950.96,Completed,Bank Transfer
PAY00003848,CLM0005371,2025-08-26,9179.57,Completed,Bank Transfer
PAY00003849,CLM0005374,2023-01-19,12513.46,Completed,Bank Transfer
PAY00003850,CLM0005375,2024-11-26,6955.1,Completed,Online
PAY00003851,CLM0005375,2024-11-26,2982.51,Completed,Bank Transfer
PAY00003852,CLM0005376,2022-10-29,11771.16,Completed,Bank Transfer
PAY00003853,CLM0005379,2024-09-20,6463.41,Completed,Bank Transfer
PAY00003854,CLM0005381,2022-12-06,8378.38,Completed,Bank Transfer
PAY00003855,CLM0005383,2025-06-17,53469.37,Completed,Bank Transfer
PAY00003856,CLM0005384,2025-06-08,58278.18,Completed,Bank Transfer
PAY00003857,CLM0005384,2025-06-08,75883.83,Completed,Bank Transfer
PAY00003858,CLM0005385,2025-01-12,9345.91,Completed,Bank Transfer
PAY00003859,CLM0005385,2025-01-12,15019.82,Completed,Bank Transfer
PAY00003860,CLM0005386,2026-02-14,2586.82,Completed,Bank Transfer
PAY00003861,CLM0005386,2026-02-14,2334.27,Completed,Online
PAY00003862,CLM0005387,2025-07-17,4403.46,Completed,Bank Transfer
PAY00003863,CLM0005390,2024-11-30,22584.94,Pending,Bank Transfer
PAY00003864,CLM0005395,2024-01-13,17468.76,Completed,Bank Transfer
PAY00003865,CLM0005395,2024-01-13,2376.19,Completed,Bank Transfer
PAY00003866,CLM0005396,2025-05-16,2847.54,Completed,Bank Transfer
PAY00003867,CLM0005396,2025-05-16,930.41,Completed,Bank Transfer
PAY00003868,CLM0005397,2025-11-26,37313.02,Completed,Bank Transfer
PAY00003869,CLM0005397,2025-11-26,8553.45,Completed,Online
PAY00003870,CLM0005400,2022-10-06,36634.23,Pending,Bank Transfer
PAY00003871,CLM0005403,2022-09-29,10705.51,Completed,Bank Transfer
PAY00003872,CLM0005404,2024-11-08,2001.99,Completed,Bank Transfer
PAY00003873,CLM0005404,2024-11-08,1840.95,Completed,Cheque
PAY00003874,CLM0005405,2022-04-11,17051.99,Completed,Bank Transfer
PAY00003875,CLM0005407,2023-11-15,10909.09,Completed,Cheque
PAY00003876,CLM0005408,2024-03-10,11578.17,Completed,Bank Transfer
PAY00003877,CLM0005409,2023-09-04,4663.49,Completed,Bank Transfer
PAY00003878,CLM0005410,2023-02-02,18394.83,Pending,Bank Transfer
PAY00003879,CLM0005413,2025-08-07,22536.15,Completed,Online
PAY00003880,CLM0005415,2022-11-14,2355.06,Pending,Bank Transfer
PAY00003881,CLM0005415,2022-11-14,5245.13,Pending,Bank Transfer
PAY00003882,CLM0005416,2025-08-03,3504.09,Completed,Bank Transfer
PAY00003883,CLM0005416,2025-08-03,573.76,Completed,Cheque
PAY00003884,CLM0005418,2026-01-25,22713.7,Completed,Bank Transfer
PAY00003885,CLM0005418,2026-01-25,28571.48,Completed,Bank Transfer
PAY00003886,CLM0005420,2024-07-02,23561.41,Completed,Bank Transfer
PAY00003887,CLM0005421,2023-11-24,5381.52,Completed,Bank Transfer
PAY00003888,CLM0005421,2023-11-24,7190.26,Completed,Bank Transfer
PAY00003889,CLM0005422,2023-01-21,511.78,Completed,Bank Transfer
PAY00003890,CLM0005422,2023-01-21,7612.13,Completed,Cheque
PAY00003891,CLM0005424,2023-09-26,11370.77,Completed,Online
PAY00003892,CLM0005425,2023-12-13,53571.37,Completed,Online
PAY00003893,CLM0005426,2023-09-03,431830.51,Completed,Online
PAY00003894,CLM0005427,2024-12-26,9757.13,Completed,Online
PAY00003895,CLM0005429,2022-07-24,16634.68,Completed,Online
PAY00003896,CLM0005429,2022-07-24,14519.67,Completed,Cheque
PAY00003897,CLM0005430,2023-07-24,9888.84,Completed,Bank Transfer
PAY00003898,CLM0005431,2022-06-02,23448.54,Completed,Bank Transfer
PAY00003899,CLM0005433,2022-10-04,5043.85,Completed,Online
PAY00003900,CLM0005434,2024-12-19,21506.89,Completed,Bank Transfer
PAY00003901,CLM0005435,2025-12-08,36357.54,Completed,Online
PAY00003902,CLM0005440,2022-01-04,12794.91,Completed,Bank Transfer
PAY00003903,CLM0005442,2023-09-22,7370.97,Completed,Bank Transfer
PAY00003904,CLM0005444,2022-10-05,11088.41,Completed,Bank Transfer
PAY00003905,CLM0005445,2025-09-22,6988.37,Completed,Bank Transfer
PAY00003906,CLM0005445,2025-09-22,14618.73,Pending,Bank Transfer
PAY00003907,CLM0005446,2023-07-16,6783.24,Completed,Bank Transfer
PAY00003908,CLM0005447,2025-11-19,69946.7,Pending,Bank Transfer
PAY00003909,CLM0005448,2026-01-20,9474.08,Completed,Bank Transfer
PAY00003910,CLM0005448,2026-01-20,982.2,Completed,Bank Transfer
PAY00003911,CLM0005451,2025-10-19,11214.84,Completed,Online
PAY00003912,CLM0005455,2022-12-11,12392.23,Completed,Bank Transfer
PAY00003913,CLM0005455,2022-12-11,11663.34,Completed,Bank Transfer
PAY00003914,CLM0005457,2022-03-09,10948.46,Completed,Bank Transfer
PAY00003915,CLM0005457,2022-03-09,293.94,Completed,Online
PAY00003916,CLM0005458,2024-01-27,367.39,Completed,Bank Transfer
PAY00003917,CLM0005458,2024-01-27,9323.21,Completed,Bank Transfer
PAY00003918,CLM0005464,2023-04-29,17973.73,Completed,Bank Transfer
PAY00003919,CLM0005466,2025-12-04,43358.22,Completed,Online
PAY00003920,CLM0005466,2025-12-04,37742.61,Completed,Bank Transfer
PAY00003921,CLM0005468,2023-05-14,6758.74,Completed,Cheque
PAY00003922,CLM0005469,2023-03-26,19636.82,Completed,Online
PAY00003923,CLM0005470,2026-05-02,56056.12,Completed,Cheque
PAY00003924,CLM0005474,2022-11-03,5008.07,Completed,Bank Transfer
PAY00003925,CLM0005474,2022-11-03,18362.51,Completed,Bank Transfer
PAY00003926,CLM0005476,2023-02-18,16045.84,Completed,Online
PAY00003927,CLM0005477,2024-02-09,16808.52,Completed,Bank Transfer
PAY00003928,CLM0005477,2024-02-09,1594.35,Completed,Online
PAY00003929,CLM0005480,2025-07-17,13610.05,Completed,Bank Transfer
PAY00003930,CLM0005481,2022-08-25,38307.8,Completed,Bank Transfer
PAY00003931,CLM0005483,2022-10-14,8870.73,Completed,Online
PAY00003932,CLM0005483,2022-10-14,4185.37,Completed,Bank Transfer
PAY00003933,CLM0005484,2024-12-17,36728.85,Completed,Bank Transfer
PAY00003934,CLM0005486,2022-09-29,22678.06,Completed,Bank Transfer
PAY00003935,CLM0005487,2023-10-12,6087.13,Completed,Online
PAY00003936,CLM0005488,2026-05-01,3404.2,Completed,Bank Transfer
PAY00003937,CLM0005488,2026-05-01,19136.74,Completed,Cheque
PAY00003938,CLM0005491,2023-02-26,18958.25,Pending,Online
PAY00003939,CLM0005492,2022-12-31,12885.75,Completed,Bank Transfer
PAY00003940,CLM0005492,2022-12-31,4642.81,Completed,Online
PAY00003941,CLM0005497,2023-06-27,7314.72,Completed,Bank Transfer
PAY00003942,CLM0005498,2024-05-27,11860.74,Completed,Cheque
PAY00003943,CLM0005499,2024-08-04,13561.52,Completed,Bank Transfer
PAY00003944,CLM0005499,2024-08-04,9571.56,Completed,Cheque
PAY00003945,CLM0005500,2025-10-07,10924.25,Completed,Cheque
PAY00003946,CLM0005501,2024-02-29,6712.03,Completed,Bank Transfer
PAY00003947,CLM0005511,2022-07-16,8046.68,Completed,Bank Transfer
PAY00003948,CLM0005511,2022-07-16,6755.24,Completed,Bank Transfer
PAY00003949,CLM0005517,2025-11-01,450.42,Completed,Bank Transfer
PAY00003950,CLM0005517,2025-11-01,10291.68,Completed,Bank Transfer
PAY00003951,CLM0005518,2022-12-27,23581.31,Completed,Bank Transfer
PAY00003952,CLM0005519,2025-09-26,16463.5,Completed,Bank Transfer
PAY00003953,CLM0005520,2025-06-28,15982.88,Completed,Bank Transfer
PAY00003954,CLM0005527,2026-05-01,4817.99,Completed,Bank Transfer
PAY00003955,CLM0005532,2025-05-10,23940.5,Completed,Bank Transfer
PAY00003956,CLM0005532,2025-05-10,13824.06,Completed,Bank Transfer
PAY00003957,CLM0005533,2022-04-19,16187.68,Completed,Online
PAY00003958,CLM0005533,2022-04-19,7407.57,Completed,Bank Transfer
PAY00003959,CLM0005534,2024-03-03,9285.74,Completed,Bank Transfer
PAY00003960,CLM0005535,2023-04-03,7794.3,Completed,Bank Transfer
PAY00003961,CLM0005535,2023-04-03,9383.39,Completed,Bank Transfer
PAY00003962,CLM0005536,2023-04-29,19403.86,Completed,Online
PAY00003963,CLM0005538,2025-11-10,11361.44,Completed,Bank Transfer
PAY00003964,CLM0005545,2022-04-10,9439.83,Completed,Bank Transfer
PAY00003965,CLM0005546,2023-02-13,48822.48,Completed,Bank Transfer
PAY00003966,CLM0005548,2023-07-13,2697.48,Completed,Cheque
PAY00003967,CLM0005548,2023-07-13,12703.36,Completed,Online
PAY00003968,CLM0005549,2022-12-27,58117.98,Completed,Cheque
PAY00003969,CLM0005551,2023-06-15,8274.58,Completed,Bank Transfer
PAY00003970,CLM0005553,2024-10-21,24270.28,Completed,Online
PAY00003971,CLM0005554,2023-07-03,7400.19,Completed,Online
PAY00003972,CLM0005556,2023-12-15,10321.34,Completed,Bank Transfer
PAY00003973,CLM0005556,2023-12-15,7581.64,Completed,Online
PAY00003974,CLM0005558,2024-05-07,14575.75,Completed,Bank Transfer
PAY00003975,CLM0005559,2024-11-30,15069.1,Completed,Online
PAY00003976,CLM0005560,2025-03-14,3151.7,Completed,Online
PAY00003977,CLM0005560,2025-03-14,29251.08,Completed,Online
PAY00003978,CLM0005561,2022-11-27,38320.93,Completed,Online
PAY00003979,CLM0005562,2023-07-22,5118.78,Completed,Bank Transfer
PAY00003980,CLM0005562,2023-07-22,5996.6,Completed,Online
PAY00003981,CLM0005566,2025-10-17,1582.74,Completed,Online
PAY00003982,CLM0005567,2025-02-11,8623.3,Completed,Bank Transfer
PAY00003983,CLM0005570,2023-03-07,4560.23,Completed,Bank Transfer
PAY00003984,CLM0005570,2023-03-07,7474.96,Completed,Bank Transfer
PAY00003985,CLM0005572,2023-05-26,55135.82,Completed,Bank Transfer
PAY00003986,CLM0005572,2023-05-26,34375.29,Completed,Cheque
PAY00003987,CLM0005573,2025-12-28,8200.17,Completed,Cheque
PAY00003988,CLM0005574,2024-01-30,40315.53,Completed,Cheque
PAY00003989,CLM0005575,2025-07-31,7306.51,Pending,Online
PAY00003990,CLM0005576,2023-05-10,842.11,Completed,Bank Transfer
PAY00003991,CLM0005576,2023-05-10,8250.02,Completed,Bank Transfer
PAY00003992,CLM0005578,2024-03-26,12350.99,Completed,Bank Transfer
PAY00003993,CLM0005578,2024-03-26,8969.22,Completed,Bank Transfer
PAY00003994,CLM0005579,2022-03-21,14753.45,Completed,Cheque
PAY00003995,CLM0005580,2025-02-13,4058.92,Completed,Bank Transfer
PAY00003996,CLM0005580,2025-02-13,13028.96,Completed,Online
PAY00003997,CLM0005581,2023-09-16,986.55,Completed,Bank Transfer
PAY00003998,CLM0005581,2023-09-16,13404.71,Completed,Bank Transfer
PAY00003999,CLM0005584,2024-01-25,12848.55,Completed,Bank Transfer
PAY00004000,CLM0005586,2026-03-01,6796.48,Completed,Cheque
PAY00004001,CLM0005589,2025-05-10,25195.27,Completed,Online
PAY00004002,CLM0005593,2025-11-13,9656.88,Completed,Online
PAY00004003,CLM0005594,2022-12-22,3403.47,Completed,Bank Transfer
PAY00004004,CLM0005595,2023-10-06,8782.16,Completed,Bank Transfer
PAY00004005,CLM0005595,2023-10-06,3838.35,Completed,Cheque
PAY00004006,CLM0005596,2023-09-08,15974.81,Completed,Cheque
PAY00004007,CLM0005599,2025-10-16,8720.21,Completed,Bank Transfer
PAY00004008,CLM0005602,2022-10-25,43693.39,Pending,Bank Transfer
PAY00004009,CLM0005603,2022-05-25,28962.02,Completed,Bank Transfer
PAY00004010,CLM0005604,2023-07-14,24206.63,Completed,Bank Transfer
PAY00004011,CLM0005604,2023-07-14,23300.82,Completed,Bank Transfer
PAY00004012,CLM0005606,2023-06-30,48818.01,Completed,Bank Transfer
PAY00004013,CLM0005607,2023-05-21,30485.66,Completed,Online
PAY00004014,CLM0005608,2024-05-13,44338.2,Completed,Bank Transfer
PAY00004015,CLM0005610,2022-04-19,10597.69,Completed,Bank Transfer
PAY00004016,CLM0005612,2022-02-17,6832.08,Completed,Bank Transfer
PAY00004017,CLM0005613,2025-01-30,23827.98,Completed,Cheque
PAY00004018,CLM0005613,2025-01-30,2215.06,Completed,Bank Transfer
PAY00004019,CLM0005614,2022-02-25,1746.75,Completed,Bank Transfer
PAY00004020,CLM0005614,2022-02-25,5723.05,Completed,Bank Transfer
PAY00004021,CLM0005618,2024-07-02,2094.45,Completed,Bank Transfer
PAY00004022,CLM0005618,2024-07-02,9115.17,Completed,Bank Transfer
PAY00004023,CLM0005620,2025-06-06,11819.77,Completed,Bank Transfer
PAY00004024,CLM0005621,2022-09-17,5999.84,Completed,Online
PAY00004025,CLM0005621,2022-09-17,15085.39,Completed,Bank Transfer
PAY00004026,CLM0005624,2024-12-26,2567.95,Completed,Cheque
PAY00004027,CLM0005627,2025-03-26,70964.32,Completed,Bank Transfer
PAY00004028,CLM0005628,2023-03-20,35667.41,Completed,Bank Transfer
PAY00004029,CLM0005632,2022-12-30,12233.07,Completed,Bank Transfer
PAY00004030,CLM0005633,2022-05-27,22838.44,Completed,Bank Transfer
PAY00004031,CLM0005634,2024-06-19,36924.7,Completed,Online
PAY00004032,CLM0005645,2025-02-21,21471.22,Completed,Bank Transfer
PAY00004033,CLM0005645,2025-02-21,2897.33,Completed,Online
PAY00004034,CLM0005647,2025-08-04,23778.82,Completed,Bank Transfer
PAY00004035,CLM0005650,2024-02-12,11861.36,Completed,Online
PAY00004036,CLM0005650,2024-02-12,3077.71,Completed,Online
PAY00004037,CLM0005651,2023-12-16,8654.96,Completed,Bank Transfer
PAY00004038,CLM0005653,2023-03-23,7593.27,Completed,Bank Transfer
PAY00004039,CLM0005653,2023-03-23,8841.7,Pending,Bank Transfer
PAY00004040,CLM0005654,2022-04-09,63757.26,Completed,Online
PAY00004041,CLM0005655,2024-12-23,5171.61,Completed,Cheque
PAY00004042,CLM0005656,2023-07-30,10290.35,Completed,Bank Transfer
PAY00004043,CLM0005656,2023-07-30,2885.96,Completed,Bank Transfer
PAY00004044,CLM0005657,2024-04-15,13679.2,Completed,Online
PAY00004045,CLM0005657,2024-04-15,14357.66,Completed,Bank Transfer
PAY00004046,CLM0005658,2023-03-13,1754.08,Completed,Cheque
PAY00004047,CLM0005658,2023-03-13,450.08,Completed,Bank Transfer
PAY00004048,CLM0005661,2025-04-16,18028.89,Completed,Online
PAY00004049,CLM0005661,2025-04-16,2343.36,Completed,Online
PAY00004050,CLM0005662,2022-06-21,9903.84,Completed,Online
PAY00004051,CLM0005662,2022-06-21,1500.35,Pending,Bank Transfer
PAY00004052,CLM0005663,2023-04-02,1549.57,Completed,Cheque
PAY00004053,CLM0005663,2023-04-02,7645.07,Completed,Cheque
PAY00004054,CLM0005665,2025-04-20,3508.58,Completed,Cheque
PAY00004055,CLM0005665,2025-04-20,1882.6,Completed,Bank Transfer
PAY00004056,CLM0005666,2024-09-22,11718.39,Pending,Cheque
PAY00004057,CLM0005669,2022-01-04,14503.38,Completed,Bank Transfer
PAY00004058,CLM0005670,2023-03-08,14869.32,Completed,Cheque
PAY00004059,CLM0005670,2023-03-08,8170.18,Completed,Bank Transfer
PAY00004060,CLM0005671,2024-05-09,191956.66,Completed,Bank Transfer
PAY00004061,CLM0005674,2022-04-26,7929.03,Completed,Online
PAY00004062,CLM0005675,2023-12-30,2576.37,Completed,Online
PAY00004063,CLM0005675,2023-12-30,3467.26,Completed,Online
PAY00004064,CLM0005677,2023-11-23,6763.43,Completed,Bank Transfer
PAY00004065,CLM0005678,2023-05-23,7337.59,Completed,Bank Transfer
PAY00004066,CLM0005679,2022-10-05,7742.96,Completed,Cheque
PAY00004067,CLM0005679,2022-10-05,2680.97,Completed,Bank Transfer
PAY00004068,CLM0005681,2022-12-25,39034.97,Completed,Bank Transfer
PAY00004069,CLM0005686,2023-06-07,4539.67,Completed,Bank Transfer
PAY00004070,CLM0005686,2023-06-07,17695.01,Completed,Bank Transfer
PAY00004071,CLM0005687,2024-07-16,4787.96,Completed,Bank Transfer
PAY00004072,CLM0005690,2025-02-22,7065.14,Completed,Bank Transfer
PAY00004073,CLM0005693,2022-07-14,17419.58,Completed,Bank Transfer
PAY00004074,CLM0005694,2022-10-20,19698.08,Completed,Bank Transfer
PAY00004075,CLM0005695,2025-05-09,13611.58,Completed,Cheque
PAY00004076,CLM0005696,2025-07-23,14835.69,Completed,Online
PAY00004077,CLM0005698,2023-08-19,12367.53,Completed,Bank Transfer
PAY00004078,CLM0005699,2022-10-26,15184.02,Completed,Bank Transfer
PAY00004079,CLM0005700,2023-06-27,40657.2,Completed,Cheque
PAY00004080,CLM0005701,2022-07-19,50349.13,Completed,Cheque
PAY00004081,CLM0005702,2025-05-04,12171.46,Completed,Online
PAY00004082,CLM0005702,2025-05-04,13385.9,Completed,Bank Transfer
PAY00004083,CLM0005704,2022-02-03,25763.98,Completed,Bank Transfer
PAY00004084,CLM0005704,2022-02-03,10888.38,Completed,Bank Transfer
PAY00004085,CLM0005705,2025-03-17,36762.98,Completed,Bank Transfer
PAY00004086,CLM0005706,2024-11-16,22170.92,Pending,Online
PAY00004087,CLM0005710,2023-11-01,91393.18,Completed,Cheque
PAY00004088,CLM0005712,2023-04-19,2885.34,Completed,Online
PAY00004089,CLM0005712,2023-04-19,4094.42,Completed,Online
PAY00004090,CLM0005713,2024-09-30,5006.25,Completed,Bank Transfer
PAY00004091,CLM0005714,2022-05-06,8691.41,Completed,Online
PAY00004092,CLM0005719,2025-04-17,31815.11,Completed,Bank Transfer
PAY00004093,CLM0005723,2024-10-05,369.94,Completed,Online
PAY00004094,CLM0005723,2024-10-05,883.96,Pending,Online
PAY00004095,CLM0005726,2025-07-28,79696.74,Completed,Bank Transfer
PAY00004096,CLM0005727,2025-07-09,2908.83,Completed,Cheque
PAY00004097,CLM0005727,2025-07-09,1583,Completed,Bank Transfer
PAY00004098,CLM0005733,2023-10-19,5967.65,Pending,Online
PAY00004099,CLM0005734,2022-12-25,10807,Completed,Bank Transfer
PAY00004100,CLM0005738,2022-05-02,12882.34,Completed,Bank Transfer
PAY00004101,CLM0005746,2023-08-20,20436.53,Completed,Bank Transfer
PAY00004102,CLM0005747,2022-08-23,32416.72,Completed,Bank Transfer
PAY00004103,CLM0005748,2022-05-16,21606.94,Pending,Bank Transfer
PAY00004104,CLM0005750,2023-06-23,2933.56,Completed,Online
PAY00004105,CLM0005753,2024-09-23,35011.12,Completed,Online
PAY00004106,CLM0005756,2022-04-05,39807.72,Completed,Cheque
PAY00004107,CLM0005760,2025-12-08,28419.1,Completed,Online
PAY00004108,CLM0005762,2022-09-06,12574.64,Completed,Bank Transfer
PAY00004109,CLM0005762,2022-09-06,947.85,Completed,Online
PAY00004110,CLM0005763,2024-01-04,14157.53,Completed,Bank Transfer
PAY00004111,CLM0005764,2023-02-09,7325.8,Completed,Bank Transfer
PAY00004112,CLM0005764,2023-02-09,5936,Completed,Bank Transfer
PAY00004113,CLM0005766,2024-10-01,29476.31,Completed,Cheque
PAY00004114,CLM0005767,2024-01-31,3028.81,Completed,Cheque
PAY00004115,CLM0005768,2025-02-21,66108.93,Completed,Bank Transfer
PAY00004116,CLM0005771,2025-01-04,7007.43,Completed,Bank Transfer
PAY00004117,CLM0005772,2024-04-28,11569.98,Completed,Bank Transfer
PAY00004118,CLM0005772,2024-04-28,7523.79,Completed,Cheque
PAY00004119,CLM0005773,2022-10-27,72048.29,Pending,Bank Transfer
PAY00004120,CLM0005775,2022-12-15,17819.91,Completed,Bank Transfer
PAY00004121,CLM0005776,2024-01-21,3145.56,Completed,Bank Transfer
PAY00004122,CLM0005776,2024-01-21,1567.25,Completed,Online
PAY00004123,CLM0005778,2024-02-28,207811.04,Completed,Bank Transfer
PAY00004124,CLM0005780,2023-12-08,12579.73,Completed,Bank Transfer
PAY00004125,CLM0005780,2023-12-08,4495.17,Completed,Bank Transfer
PAY00004126,CLM0005784,2025-04-08,35105.43,Completed,Bank Transfer
PAY00004127,CLM0005786,2025-04-16,5411.68,Completed,Bank Transfer
PAY00004128,CLM0005786,2025-04-16,25151.21,Completed,Bank Transfer
PAY00004129,CLM0005789,2023-06-03,17316.74,Completed,Bank Transfer
PAY00004130,CLM0005790,2024-04-06,11969.83,Pending,Bank Transfer
PAY00004131,CLM0005791,2024-04-23,20943.35,Pending,Online
PAY00004132,CLM0005792,2025-10-09,12221.86,Completed,Bank Transfer
PAY00004133,CLM0005792,2025-10-09,12010,Completed,Bank Transfer
PAY00004134,CLM0005794,2022-05-21,9555.63,Completed,Bank Transfer
PAY00004135,CLM0005795,2023-05-20,135656.19,Completed,Bank Transfer
PAY00004136,CLM0005796,2024-01-18,12009.94,Completed,Bank Transfer
PAY00004137,CLM0005796,2024-01-18,1645.92,Completed,Bank Transfer
PAY00004138,CLM0005797,2024-12-19,4293.23,Completed,Bank Transfer
PAY00004139,CLM0005797,2024-12-19,3415.94,Completed,Bank Transfer
PAY00004140,CLM0005802,2022-09-09,10910.28,Completed,Bank Transfer
PAY00004141,CLM0005806,2025-01-29,6866.61,Pending,Bank Transfer
PAY00004142,CLM0005807,2022-05-25,9963.06,Completed,Online
PAY00004143,CLM0005808,2024-09-12,2361.4,Completed,Bank Transfer
PAY00004144,CLM0005808,2024-09-12,31172.73,Completed,Bank Transfer
PAY00004145,CLM0005809,2023-08-12,8410.77,Completed,Online
PAY00004146,CLM0005810,2025-08-10,21060.94,Completed,Bank Transfer
PAY00004147,CLM0005816,2024-12-28,25942.79,Completed,Online
PAY00004148,CLM0005818,2023-07-28,7184.21,Completed,Bank Transfer
PAY00004149,CLM0005820,2023-11-18,2638.84,Pending,Bank Transfer
PAY00004150,CLM0005821,2022-08-05,63441.68,Completed,Bank Transfer
PAY00004151,CLM0005823,2023-08-04,5925.19,Pending,Bank Transfer
PAY00004152,CLM0005823,2023-08-04,3345.82,Completed,Bank Transfer
PAY00004153,CLM0005824,2023-10-07,12343.39,Completed,Cheque
PAY00004154,CLM0005825,2024-03-25,16755.91,Completed,Bank Transfer
PAY00004155,CLM0005825,2024-03-25,6256.26,Completed,Bank Transfer
PAY00004156,CLM0005827,2024-08-22,20760.04,Pending,Online
PAY00004157,CLM0005827,2024-08-22,18931.84,Completed,Bank Transfer
PAY00004158,CLM0005834,2025-12-16,5015.79,Completed,Bank Transfer
PAY00004159,CLM0005836,2025-11-20,5795.47,Completed,Bank Transfer
PAY00004160,CLM0005838,2023-04-15,23208.28,Completed,Bank Transfer
PAY00004161,CLM0005839,2025-06-29,7247.44,Completed,Online
PAY00004162,CLM0005842,2026-02-26,27414.13,Completed,Cheque
PAY00004163,CLM0005843,2025-02-24,8994.56,Completed,Bank Transfer
PAY00004164,CLM0005844,2022-06-23,55082.06,Completed,Bank Transfer
PAY00004165,CLM0005846,2024-11-06,7474.47,Completed,Cheque
PAY00004166,CLM0005846,2024-11-06,2426.97,Completed,Bank Transfer
PAY00004167,CLM0005847,2025-06-08,8456.98,Completed,Bank Transfer
PAY00004168,CLM0005850,2023-04-23,18752.25,Completed,Bank Transfer
PAY00004169,CLM0005851,2023-08-13,8166.64,Completed,Bank Transfer
PAY00004170,CLM0005851,2023-08-13,19118.37,Completed,Bank Transfer
PAY00004171,CLM0005854,2022-12-28,7404.77,Completed,Online
PAY00004172,CLM0005855,2024-08-08,11138.07,Completed,Bank Transfer
PAY00004173,CLM0005856,2024-05-12,14406.5,Completed,Bank Transfer
PAY00004174,CLM0005856,2024-05-12,1602.16,Completed,Bank Transfer
PAY00004175,CLM0005860,2024-12-23,42516.21,Completed,Bank Transfer
PAY00004176,CLM0005862,2025-07-26,19584.91,Completed,Cheque
PAY00004177,CLM0005865,2025-05-13,1744.49,Completed,Cheque
PAY00004178,CLM0005865,2025-05-13,8769.03,Pending,Bank Transfer
PAY00004179,CLM0005867,2022-07-05,11221.04,Completed,Online
PAY00004180,CLM0005867,2022-07-05,5745.01,Completed,Bank Transfer
PAY00004181,CLM0005868,2023-09-30,10528.57,Completed,Bank Transfer
PAY00004182,CLM0005868,2023-09-30,8479,Completed,Bank Transfer
PAY00004183,CLM0005869,2023-07-06,208203.85,Completed,Bank Transfer
PAY00004184,CLM0005870,2025-01-28,12737.86,Completed,Bank Transfer
PAY00004185,CLM0005873,2023-04-18,22997.49,Completed,Bank Transfer
PAY00004186,CLM0005875,2026-12-02,3904.51,Completed,Bank Transfer
PAY00004187,CLM0005876,2023-04-15,5627.08,Completed,Bank Transfer
PAY00004188,CLM0005876,2023-04-15,2781.19,Completed,Bank Transfer
PAY00004189,CLM0005880,2025-10-27,28581.77,Completed,Bank Transfer
PAY00004190,CLM0005882,2024-03-28,2146.66,Completed,Bank Transfer
PAY00004191,CLM0005883,2025-06-15,28044.64,Completed,Bank Transfer
PAY00004192,CLM0005884,2024-10-21,32901.36,Completed,Online
PAY00004193,CLM0005886,2022-11-14,17169.66,Completed,Bank Transfer
PAY00004194,CLM0005887,2022-05-06,10788.07,Completed,Bank Transfer
PAY00004195,CLM0005887,2022-05-06,33536.69,Completed,Bank Transfer
PAY00004196,CLM0005888,2022-06-19,14057.05,Completed,Bank Transfer
PAY00004197,CLM0005889,2022-04-20,21403.6,Completed,Bank Transfer
PAY00004198,CLM0005891,2024-08-03,12114.64,Completed,Bank Transfer
PAY00004199,CLM0005891,2024-08-03,2572.66,Completed,Bank Transfer
PAY00004200,CLM0005895,2022-12-25,2381.96,Completed,Online
PAY00004201,CLM0005895,2022-12-25,2277.7,Completed,Bank Transfer
PAY00004202,CLM0005896,2025-01-27,2702.83,Pending,Bank Transfer
PAY00004203,CLM0005896,2025-01-27,1195.38,Completed,Bank Transfer
PAY00004204,CLM0005897,2022-08-12,3230.66,Completed,Bank Transfer
PAY00004205,CLM0005897,2022-08-12,19882.84,Completed,Bank Transfer
PAY00004206,CLM0005898,2023-12-29,10901.39,Completed,Bank Transfer
PAY00004207,CLM0005899,2025-08-27,33680.78,Completed,Bank Transfer
PAY00004208,CLM0005903,2025-09-02,7550.96,Completed,Online
PAY00004209,CLM0005904,2022-12-16,6759.53,Completed,Bank Transfer
PAY00004210,CLM0005904,2022-12-16,3915.8,Pending,Bank Transfer
PAY00004211,CLM0005906,2026-01-20,19489.72,Completed,Bank Transfer
PAY00004212,CLM0005906,2026-01-20,7127.83,Completed,Bank Transfer
PAY00004213,CLM0005907,2024-09-07,12961.26,Completed,Bank Transfer
PAY00004214,CLM0005908,2023-02-20,16734.42,Completed,Online
PAY00004215,CLM0005911,2025-02-14,10949.58,Completed,Online
PAY00004216,CLM0005913,2026-02-22,34708.6,Pending,Cheque
PAY00004217,CLM0005917,2025-10-13,35769.25,Completed,Bank Transfer
PAY00004218,CLM0005918,2024-05-06,1117.43,Completed,Bank Transfer
PAY00004219,CLM0005918,2024-05-06,1448.63,Completed,Bank Transfer
PAY00004220,CLM0005920,2024-06-09,51356.43,Pending,Online
PAY00004221,CLM0005922,2023-04-18,1108.75,Completed,Bank Transfer
PAY00004222,CLM0005922,2023-04-18,11765.03,Completed,Bank Transfer
PAY00004223,CLM0005925,2023-08-15,18573.28,Completed,Bank Transfer
PAY00004224,CLM0005926,2024-02-01,15066.74,Completed,Online
PAY00004225,CLM0005927,2022-11-04,26019.08,Completed,Bank Transfer
PAY00004226,CLM0005928,2024-05-16,4509.2,Completed,Cheque
PAY00004227,CLM0005928,2024-05-16,7508.75,Completed,Bank Transfer
PAY00004228,CLM0005929,2023-10-13,28144.98,Completed,Bank Transfer
PAY00004229,CLM0005930,2025-06-08,23598.89,Completed,Bank Transfer
PAY00004230,CLM0005933,2023-10-26,4138.35,Completed,Bank Transfer
PAY00004231,CLM0005934,2025-06-18,20461.04,Completed,Bank Transfer
PAY00004232,CLM0005935,2023-12-05,6100.15,Pending,Bank Transfer
PAY00004233,CLM0005936,2024-08-22,2185.82,Completed,Bank Transfer
PAY00004234,CLM0005936,2024-08-22,738.63,Completed,Bank Transfer
PAY00004235,CLM0005937,2022-08-16,15475.94,Completed,Bank Transfer
PAY00004236,CLM0005937,2022-08-16,4052.54,Completed,Bank Transfer
PAY00004237,CLM0005939,2023-06-13,29354.61,Completed,Online
PAY00004238,CLM0005940,2023-01-24,33242.58,Completed,Bank Transfer
PAY00004239,CLM0005940,2023-01-24,29640.39,Completed,Online
PAY00004240,CLM0005941,2024-09-23,134979.6,Completed,Bank Transfer
PAY00004241,CLM0005943,2024-07-26,7048.27,Completed,Bank Transfer
PAY00004242,CLM0005946,2023-02-26,12919.43,Completed,Bank Transfer
PAY00004243,CLM0005946,2023-02-26,6120.13,Completed,Bank Transfer
PAY00004244,CLM0005948,2024-01-06,14468.89,Completed,Online
PAY00004245,CLM0005949,2022-09-21,45803.48,Completed,Cheque
PAY00004246,CLM0005950,2025-04-08,50522.15,Completed,Bank Transfer
PAY00004247,CLM0005952,2024-02-16,99652.94,Completed,Bank Transfer
PAY00004248,CLM0005953,2023-12-28,12071.53,Completed,Bank Transfer
PAY00004249,CLM0005956,2023-01-21,12681.51,Completed,Bank Transfer
PAY00004250,CLM0005956,2023-01-21,60.08,Completed,Bank Transfer
PAY00004251,CLM0005957,2023-09-05,36845.89,Completed,Bank Transfer
PAY00004252,CLM0005958,2024-09-19,13362.63,Completed,Bank Transfer
PAY00004253,CLM0005959,2025-09-24,34348.79,Pending,Bank Transfer
PAY00004254,CLM0005960,2022-01-15,9498.1,Completed,Bank Transfer
PAY00004255,CLM0005961,2025-11-03,21529.01,Completed,Bank Transfer
PAY00004256,CLM0005963,2022-07-08,64.12,Completed,Bank Transfer
PAY00004257,CLM0005963,2022-07-08,12568.48,Completed,Bank Transfer
PAY00004258,CLM0005964,2024-04-07,5184.36,Completed,Bank Transfer
PAY00004259,CLM0005965,2022-07-27,24868.36,Completed,Bank Transfer
PAY00004260,CLM0005966,2024-05-07,11633.32,Pending,Bank Transfer
PAY00004261,CLM0005969,2022-06-16,6994.33,Completed,Bank Transfer
PAY00004262,CLM0005969,2022-06-16,5672.79,Completed,Bank Transfer
PAY00004263,CLM0005973,2025-08-31,1876.16,Completed,Bank Transfer
PAY00004264,CLM0005973,2025-08-31,16667.25,Completed,Bank Transfer
PAY00004265,CLM0005975,2024-08-15,11791.29,Completed,Cheque
PAY00004266,CLM0005978,2022-08-29,21222.81,Completed,Bank Transfer
PAY00004267,CLM0005981,2023-09-21,8486.59,Completed,Bank Transfer
PAY00004268,CLM0005982,2025-07-09,17065.86,Completed,Bank Transfer
PAY00004269,CLM0005983,2024-01-31,22967.19,Completed,Cheque
PAY00004270,CLM0005984,2022-05-05,6646.77,Pending,Bank Transfer
PAY00004271,CLM0005984,2022-05-05,3768.88,Completed,Bank Transfer
PAY00004272,CLM0005985,2023-08-21,10937.99,Completed,Online
PAY00004273,CLM0005987,2022-08-12,17340.54,Completed,Bank Transfer
PAY00004274,CLM0005987,2022-08-12,21952.01,Completed,Bank Transfer
PAY00004275,CLM0005988,2025-12-18,34639.97,Completed,Cheque
PAY00004276,CLM0005988,2025-12-18,18133.69,Completed,Online
PAY00004277,CLM0005991,2023-09-29,18978.13,Completed,Bank Transfer
PAY00004278,CLM0005991,2023-09-29,4661.64,Completed,Bank Transfer
PAY00004279,CLM0005993,2025-01-14,8656.48,Completed,Bank Transfer
PAY00004280,CLM0005994,2025-02-13,7587.72,Completed,Bank Transfer
PAY00004281,CLM0005994,2025-02-13,7109.47,Completed,Online
PAY00004282,CLM0005995,2024-08-06,1082.65,Completed,Online
PAY00004283,CLM0005995,2024-08-06,10336.47,Completed,Bank Transfer
PAY00004284,CLM0005997,2023-03-20,17891.13,Pending,Online
PAY00004285,CLM0005998,2022-12-04,6913.66,Completed,Bank Transfer
PAY00004286,CLM0005998,2022-12-04,6872.71,Completed,Bank Transfer
PAY00004287,CLM0005999,2025-12-30,90388.49,Completed,Bank Transfer
PAY00004288,CLM0006002,2023-06-30,49925.44,Completed,Online
PAY00004289,CLM0006004,2022-01-26,5082.07,Completed,Cheque
PAY00004290,CLM0006004,2022-01-26,13289.35,Completed,Bank Transfer
PAY00004291,CLM0006005,2025-10-02,16589.45,Completed,Bank Transfer
PAY00004292,CLM0006006,2025-03-25,12518.16,Completed,Online
PAY00004293,CLM0006006,2025-03-25,6394.26,Completed,Online
PAY00004294,CLM0006007,2024-01-31,2227.85,Completed,Bank Transfer
PAY00004295,CLM0006009,2025-05-03,5770.79,Pending,Bank Transfer
PAY00004296,CLM0006010,2023-01-27,14725.01,Completed,Bank Transfer
PAY00004297,CLM0006011,2022-05-13,20148.04,Completed,Cheque
PAY00004298,CLM0006012,2025-08-11,65023.44,Completed,Bank Transfer
PAY00004299,CLM0006013,2025-01-20,9407.37,Completed,Cheque
PAY00004300,CLM0006014,2023-09-29,6005.34,Pending,Bank Transfer
PAY00004301,CLM0006018,2023-01-10,15126.59,Completed,Bank Transfer
PAY00004302,CLM0006022,2025-02-08,14336.6,Completed,Bank Transfer
PAY00004303,CLM0006023,2022-05-24,23301.8,Completed,Bank Transfer
PAY00004304,CLM0006025,2023-04-05,23394.03,Completed,Bank Transfer
PAY00004305,CLM0006028,2024-02-06,4529.78,Completed,Bank Transfer
PAY00004306,CLM0006028,2024-02-06,2488.82,Completed,Online
PAY00004307,CLM0006029,2023-09-28,5739.32,Completed,Online
PAY00004308,CLM0006032,2022-04-16,4986.19,Completed,Cheque
PAY00004309,CLM0006033,2022-10-30,11512.75,Completed,Bank Transfer
PAY00004310,CLM0006039,2025-08-17,18820.31,Completed,Online
PAY00004311,CLM0006041,2025-02-17,29933.71,Completed,Bank Transfer
PAY00004312,CLM0006042,2023-08-24,13894.72,Completed,Bank Transfer
PAY00004313,CLM0006042,2023-08-24,2598.14,Completed,Bank Transfer
PAY00004314,CLM0006043,2023-02-13,1030.73,Completed,Bank Transfer
PAY00004315,CLM0006043,2023-02-13,3587.45,Completed,Bank Transfer
PAY00004316,CLM0006044,2025-12-30,3756.37,Completed,Bank Transfer
PAY00004317,CLM0006044,2025-12-30,3395.81,Completed,Bank Transfer
PAY00004318,CLM0006045,2024-05-22,39665.35,Completed,Bank Transfer
PAY00004319,CLM0006045,2024-05-22,2291.67,Completed,Online
PAY00004320,CLM0006046,2025-02-16,83236.99,Completed,Bank Transfer
PAY00004321,CLM0006048,2025-09-06,15487.84,Completed,Bank Transfer
PAY00004322,CLM0006049,2023-04-01,9363.53,Completed,Cheque
PAY00004323,CLM0006052,2024-06-04,14328.79,Pending,Bank Transfer
PAY00004324,CLM0006052,2024-06-04,619.17,Completed,Cheque
PAY00004325,CLM0006053,2022-12-26,20961.79,Completed,Bank Transfer
PAY00004326,CLM0006055,2022-08-29,16962.05,Completed,Bank Transfer
PAY00004327,CLM0006057,2024-10-21,3947.37,Completed,Bank Transfer
PAY00004328,CLM0006060,2025-03-12,1057.55,Completed,Bank Transfer
PAY00004329,CLM0006060,2025-03-12,3535.48,Completed,Bank Transfer
PAY00004330,CLM0006062,2022-12-07,3022.07,Completed,Bank Transfer
PAY00004331,CLM0006062,2022-12-07,1757.62,Completed,Bank Transfer
PAY00004332,CLM0006064,2025-02-07,24547.7,Completed,Online
PAY00004333,CLM0006065,2025-09-05,29761.62,Completed,Bank Transfer
PAY00004334,CLM0006066,2023-09-11,320734.63,Completed,Bank Transfer
PAY00004335,CLM0006067,2024-05-19,33552.58,Completed,Online
PAY00004336,CLM0006068,2022-04-18,34288.02,Completed,Bank Transfer
PAY00004337,CLM0006070,2022-06-26,14094.1,Completed,Bank Transfer
PAY00004338,CLM0006070,2022-06-26,6677.07,Completed,Cheque
PAY00004339,CLM0006072,2024-10-28,30748.41,Completed,Bank Transfer
PAY00004340,CLM0006074,2022-12-23,16824.86,Completed,Bank Transfer
PAY00004341,CLM0006076,2022-11-27,22431.63,Completed,Bank Transfer
PAY00004342,CLM0006078,2024-03-31,14558.76,Completed,Bank Transfer
PAY00004343,CLM0006080,2022-04-04,22077.9,Completed,Bank Transfer
PAY00004344,CLM0006080,2022-04-04,3731.55,Completed,Bank Transfer
PAY00004345,CLM0006082,2022-04-06,27271.7,Completed,Cheque
PAY00004346,CLM0006083,2025-12-13,15757.15,Completed,Bank Transfer
PAY00004347,CLM0006085,2023-04-30,3153.58,Completed,Bank Transfer
PAY00004348,CLM0006086,2023-04-28,823.43,Completed,Online
PAY00004349,CLM0006086,2023-04-28,3506.83,Completed,Bank Transfer
PAY00004350,CLM0006087,2023-10-26,9980.53,Completed,Online
PAY00004351,CLM0006088,2024-07-13,6875.03,Completed,Bank Transfer
PAY00004352,CLM0006088,2024-07-13,1840.3,Completed,Bank Transfer
PAY00004353,CLM0006089,2022-11-13,10625.82,Completed,Bank Transfer
PAY00004354,CLM0006089,2022-11-13,50867,Completed,Bank Transfer
PAY00004355,CLM0006091,2022-08-23,33643.09,Completed,Bank Transfer
PAY00004356,CLM0006094,2023-04-04,19566.9,Completed,Bank Transfer
PAY00004357,CLM0006095,2022-06-22,9842.66,Completed,Online
PAY00004358,CLM0006096,2025-10-26,4295.69,Completed,Online
PAY00004359,CLM0006096,2025-10-26,2337.38,Completed,Online
PAY00004360,CLM0006097,2023-02-05,4304.44,Completed,Online
PAY00004361,CLM0006097,2023-02-05,2594.78,Completed,Bank Transfer
PAY00004362,CLM0006098,2022-12-19,983.97,Completed,Bank Transfer
PAY00004363,CLM0006098,2022-12-19,18370.21,Completed,Bank Transfer
PAY00004364,CLM0006099,2024-07-02,751.82,Completed,Bank Transfer
PAY00004365,CLM0006099,2024-07-02,3968.3,Completed,Bank Transfer
PAY00004366,CLM0006103,2026-01-01,4561.85,Completed,Online
PAY00004367,CLM0006104,2022-10-27,13685.37,Completed,Bank Transfer
PAY00004368,CLM0006105,2023-01-03,11830.66,Completed,Online
PAY00004369,CLM0006107,2025-12-13,60148.65,Completed,Bank Transfer
PAY00004370,CLM0006108,2022-05-20,15292.96,Completed,Bank Transfer
PAY00004371,CLM0006113,2025-02-17,2601.52,Pending,Bank Transfer
PAY00004372,CLM0006113,2025-02-17,9931.97,Completed,Bank Transfer
PAY00004373,CLM0006116,2022-03-23,12240.91,Completed,Bank Transfer
PAY00004374,CLM0006120,2024-12-28,31958.28,Completed,Online
PAY00004375,CLM0006122,2025-06-16,3162.75,Completed,Online
PAY00004376,CLM0006123,2025-01-05,38491.52,Completed,Bank Transfer
PAY00004377,CLM0006123,2025-01-05,2053.32,Completed,Bank Transfer
PAY00004378,CLM0006124,2023-03-13,3689.63,Completed,Bank Transfer
PAY00004379,CLM0006126,2024-08-28,1202.95,Completed,Bank Transfer
PAY00004380,CLM0006126,2024-08-28,22179.77,Completed,Online
PAY00004381,CLM0006127,2023-12-29,39795.49,Completed,Bank Transfer
PAY00004382,CLM0006128,2022-09-07,27720.07,Completed,Bank Transfer
PAY00004383,CLM0006128,2022-09-07,5277.46,Completed,Bank Transfer
PAY00004384,CLM0006129,2025-05-03,1950.06,Completed,Bank Transfer
PAY00004385,CLM0006129,2025-05-03,1752.41,Completed,Bank Transfer
PAY00004386,CLM0006132,2024-12-22,4736.44,Completed,Bank Transfer
PAY00004387,CLM0006133,2023-01-27,19047.25,Completed,Bank Transfer
PAY00004388,CLM0006135,2025-01-03,13298.49,Completed,Bank Transfer
PAY00004389,CLM0006136,2024-09-16,14151.54,Completed,Bank Transfer
PAY00004390,CLM0006137,2023-04-25,9214.07,Completed,Online
PAY00004391,CLM0006138,2026-01-31,9179.19,Completed,Bank Transfer
PAY00004392,CLM0006139,2025-10-20,17015.98,Completed,Bank Transfer
PAY00004393,CLM0006139,2025-10-20,12100.8,Completed,Bank Transfer
PAY00004394,CLM0006140,2025-01-30,7157.13,Completed,Bank Transfer
PAY00004395,CLM0006141,2024-09-04,7328.7,Completed,Bank Transfer
PAY00004396,CLM0006142,2024-05-01,23956.35,Completed,Online
PAY00004397,CLM0006143,2024-07-01,10678.49,Completed,Bank Transfer
PAY00004398,CLM0006145,2023-02-27,12841.87,Completed,Online
PAY00004399,CLM0006146,2023-03-04,20958.15,Completed,Bank Transfer
PAY00004400,CLM0006149,2022-09-06,12225.53,Completed,Bank Transfer
PAY00004401,CLM0006150,2024-10-21,11319.67,Completed,Bank Transfer
PAY00004402,CLM0006154,2022-04-20,13352.62,Completed,Bank Transfer
PAY00004403,CLM0006156,2024-12-21,17368.91,Completed,Bank Transfer
PAY00004404,CLM0006157,2025-09-08,20998.12,Completed,Online
PAY00004405,CLM0006158,2023-09-19,6735.53,Completed,Online
PAY00004406,CLM0006158,2023-09-19,42574.65,Completed,Bank Transfer
PAY00004407,CLM0006159,2024-08-10,26881.26,Completed,Online
PAY00004408,CLM0006160,2025-01-22,19909.88,Completed,Bank Transfer
PAY00004409,CLM0006163,2023-12-25,4947.92,Completed,Bank Transfer
PAY00004410,CLM0006166,2026-01-15,20971.04,Completed,Bank Transfer
PAY00004411,CLM0006167,2025-06-01,7147.77,Completed,Bank Transfer
PAY00004412,CLM0006167,2025-06-01,5316.3,Completed,Cheque
PAY00004413,CLM0006168,2023-05-06,8819.63,Completed,Cheque
PAY00004414,CLM0006170,2024-03-12,5484.43,Completed,Bank Transfer
PAY00004415,CLM0006172,2023-11-17,54198.78,Completed,Bank Transfer
PAY00004416,CLM0006172,2023-11-17,18209.91,Completed,Bank Transfer
PAY00004417,CLM0006174,2025-12-06,27910.73,Completed,Bank Transfer
PAY00004418,CLM0006174,2025-12-06,55740.47,Pending,Cheque
PAY00004419,CLM0006175,2024-02-04,24082.44,Completed,Bank Transfer
PAY00004420,CLM0006175,2024-02-04,12180.06,Completed,Bank Transfer
PAY00004421,CLM0006176,2025-03-23,3527.11,Completed,Online
PAY00004422,CLM0006177,2022-10-28,18144.57,Completed,Bank Transfer
PAY00004423,CLM0006178,2025-07-16,3490.27,Completed,Bank Transfer
PAY00004424,CLM0006181,2025-04-26,16986.72,Completed,Bank Transfer
PAY00004425,CLM0006182,2025-12-26,8155.8,Pending,Bank Transfer
PAY00004426,CLM0006182,2025-12-26,16850.03,Completed,Bank Transfer
PAY00004427,CLM0006183,2022-04-13,13578.51,Completed,Bank Transfer
PAY00004428,CLM0006184,2022-02-09,29922.02,Completed,Online
PAY00004429,CLM0006184,2022-02-09,7579.8,Completed,Bank Transfer
PAY00004430,CLM0006185,2023-02-01,34179.57,Completed,Bank Transfer
PAY00004431,CLM0006186,2022-05-14,11224.09,Completed,Cheque
PAY00004432,CLM0006189,2025-12-20,19085.32,Completed,Cheque
PAY00004433,CLM0006190,2022-01-05,13749.53,Completed,Bank Transfer
PAY00004434,CLM0006193,2022-01-07,4482.29,Completed,Cheque
PAY00004435,CLM0006194,2022-07-11,74033.63,Completed,Online
PAY00004436,CLM0006196,2025-02-19,33227.76,Completed,Bank Transfer
PAY00004437,CLM0006198,2023-12-24,19959.34,Completed,Online
PAY00004438,CLM0006198,2023-12-24,3094.32,Completed,Cheque
PAY00004439,CLM0006199,2023-03-17,4873.09,Completed,Bank Transfer
PAY00004440,CLM0006199,2023-03-17,16006.4,Completed,Online
PAY00004441,CLM0006200,2025-05-31,9656.75,Completed,Bank Transfer
PAY00004442,CLM0006201,2025-11-10,11839.86,Completed,Bank Transfer
PAY00004443,CLM0006202,2022-09-23,26337,Completed,Bank Transfer
PAY00004444,CLM0006206,2024-07-30,5787.9,Completed,Bank Transfer
PAY00004445,CLM0006207,2024-04-03,4936.12,Completed,Bank Transfer
PAY00004446,CLM0006207,2024-04-03,21035.3,Completed,Bank Transfer
PAY00004447,CLM0006208,2025-06-17,11921.48,Completed,Bank Transfer
PAY00004448,CLM0006209,2025-02-17,23961.75,Completed,Bank Transfer
PAY00004449,CLM0006211,2024-05-22,8277.53,Completed,Bank Transfer
PAY00004450,CLM0006211,2024-05-22,6866.94,Completed,Bank Transfer
PAY00004451,CLM0006213,2023-03-05,41011.88,Completed,Bank Transfer
PAY00004452,CLM0006215,2024-04-22,11606.63,Completed,Bank Transfer
PAY00004453,CLM0006217,2024-11-07,3548.61,Completed,Online
PAY00004454,CLM0006217,2024-11-07,7823.47,Completed,Online
PAY00004455,CLM0006218,2024-01-07,20667.81,Completed,Online
PAY00004456,CLM0006220,2023-04-26,15993.09,Completed,Online
PAY00004457,CLM0006222,2022-10-10,19030.55,Completed,Online
PAY00004458,CLM0006226,2023-07-29,37888.5,Completed,Bank Transfer
PAY00004459,CLM0006227,2024-09-23,30334.03,Completed,Bank Transfer
PAY00004460,CLM0006229,2022-12-04,92069.38,Completed,Bank Transfer
PAY00004461,CLM0006230,2024-02-21,2040.17,Completed,Cheque
PAY00004462,CLM0006230,2024-02-21,3111.25,Completed,Bank Transfer
PAY00004463,CLM0006231,2023-04-20,10385.5,Completed,Bank Transfer
PAY00004464,CLM0006234,2025-02-24,75124.5,Completed,Bank Transfer
PAY00004465,CLM0006235,2022-09-09,16397.13,Completed,Bank Transfer
PAY00004466,CLM0006236,2023-09-16,123929.6,Completed,Bank Transfer
PAY00004467,CLM0006237,2025-02-12,140329.81,Completed,Bank Transfer
PAY00004468,CLM0006239,2022-09-25,22244.25,Completed,Bank Transfer
PAY00004469,CLM0006240,2022-12-07,5745.83,Completed,Bank Transfer
PAY00004470,CLM0006240,2022-12-07,8216.51,Completed,Cheque
PAY00004471,CLM0006244,2025-11-30,8153.23,Completed,Bank Transfer
PAY00004472,CLM0006244,2025-11-30,25223.06,Completed,Online
PAY00004473,CLM0006246,2022-08-10,3969.96,Completed,Online
PAY00004474,CLM0006246,2022-08-10,633.7,Pending,Online
PAY00004475,CLM0006247,2023-02-13,61337.74,Pending,Bank Transfer
PAY00004476,CLM0006247,2023-02-13,7580.96,Completed,Bank Transfer
PAY00004477,CLM0006248,2025-05-19,33603.45,Completed,Bank Transfer
PAY00004478,CLM0006249,2023-08-21,2162.16,Pending,Bank Transfer
PAY00004479,CLM0006249,2023-08-21,7233,Completed,Bank Transfer
PAY00004480,CLM0006250,2022-09-12,18920.08,Completed,Bank Transfer
PAY00004481,CLM0006253,2025-09-02,5424.41,Completed,Bank Transfer
PAY00004482,CLM0006253,2025-09-02,10002.91,Completed,Bank Transfer
PAY00004483,CLM0006254,2023-01-03,190117.05,Completed,Online
PAY00004484,CLM0006257,2025-01-26,23849.86,Completed,Bank Transfer
PAY00004485,CLM0006259,2025-12-06,4593.24,Completed,Bank Transfer
PAY00004486,CLM0006261,2023-08-21,1355.66,Completed,Online
PAY00004487,CLM0006261,2023-08-21,2014.34,Completed,Online
PAY00004488,CLM0006262,2023-12-01,62484.83,Completed,Bank Transfer
PAY00004489,CLM0006262,2023-12-01,42208.82,Completed,Online
PAY00004490,CLM0006263,2025-04-12,20005.11,Completed,Online
PAY00004491,CLM0006265,2022-04-15,20528.13,Completed,Bank Transfer
PAY00004492,CLM0006266,2023-02-11,56267.92,Completed,Bank Transfer
PAY00004493,CLM0006269,2025-12-11,1936.52,Completed,Online
PAY00004494,CLM0006269,2025-12-11,18293.95,Completed,Bank Transfer
PAY00004495,CLM0006270,2024-12-04,5987.53,Completed,Bank Transfer
PAY00004496,CLM0006270,2024-12-04,29170.45,Pending,Online
PAY00004497,CLM0006272,2026-05-02,17775.76,Pending,Online
PAY00004498,CLM0006273,2023-01-08,11353.03,Completed,Bank Transfer
PAY00004499,CLM0006274,2025-08-05,7260.1,Completed,Cheque
PAY00004500,CLM0006274,2025-08-05,9886.78,Completed,Bank Transfer
PAY00004501,CLM0006276,2024-08-06,28123.66,Completed,Online
PAY00004502,CLM0006277,2023-01-06,13359.69,Completed,Bank Transfer
PAY00004503,CLM0006278,2023-05-20,19587.51,Completed,Cheque
PAY00004504,CLM0006279,2022-07-23,5159.63,Completed,Online
PAY00004505,CLM0006282,2023-08-29,8877.04,Completed,Online
PAY00004506,CLM0006283,2025-01-05,18463.27,Completed,Bank Transfer
PAY00004507,CLM0006289,2022-09-27,1875.74,Completed,Bank Transfer
PAY00004508,CLM0006289,2022-09-27,99.2,Pending,Bank Transfer
PAY00004509,CLM0006290,2023-11-21,12309.8,Completed,Bank Transfer
PAY00004510,CLM0006290,2023-11-21,3994.47,Completed,Bank Transfer
PAY00004511,CLM0006291,2024-03-01,9039.84,Completed,Bank Transfer
PAY00004512,CLM0006291,2024-03-01,15146.53,Completed,Online
PAY00004513,CLM0006292,2024-11-19,6374.95,Completed,Bank Transfer
PAY00004514,CLM0006294,2024-10-23,3294.91,Completed,Bank Transfer
PAY00004515,CLM0006295,2022-06-10,14508.35,Completed,Bank Transfer
PAY00004516,CLM0006298,2023-04-13,10870.7,Completed,Bank Transfer
PAY00004517,CLM0006299,2023-06-07,3811.97,Completed,Cheque
PAY00004518,CLM0006299,2023-06-07,5782.89,Completed,Bank Transfer
PAY00004519,CLM0006300,2025-10-01,80635.13,Pending,Bank Transfer
PAY00004520,CLM0006302,2024-02-27,2272.12,Completed,Cheque
PAY00004521,CLM0006302,2024-02-27,1287.03,Pending,Bank Transfer
PAY00004522,CLM0006307,2024-07-25,3242.93,Completed,Bank Transfer
PAY00004523,CLM0006307,2024-07-25,5857.59,Completed,Bank Transfer
PAY00004524,CLM0006308,2022-02-23,28502.28,Completed,Bank Transfer
PAY00004525,CLM0006311,2024-11-10,9030.94,Completed,Online
PAY00004526,CLM0006311,2024-11-10,12929.91,Pending,Bank Transfer
PAY00004527,CLM0006312,2024-01-09,4065.04,Completed,Bank Transfer
PAY00004528,CLM0006312,2024-01-09,15983.27,Completed,Bank Transfer
PAY00004529,CLM0006313,2025-08-11,33670.67,Completed,Bank Transfer
PAY00004530,CLM0006314,2023-05-15,2483.8,Completed,Bank Transfer
PAY00004531,CLM0006316,2025-02-08,49074.39,Completed,Bank Transfer
PAY00004532,CLM0006317,2025-05-21,4900.31,Completed,Bank Transfer
PAY00004533,CLM0006317,2025-05-21,7271.11,Completed,Bank Transfer
PAY00004534,CLM0006318,2024-09-27,20148.43,Completed,Bank Transfer
PAY00004535,CLM0006320,2024-01-19,39000,Completed,Cheque
PAY00004536,CLM0006321,2024-01-01,21485.83,Completed,Bank Transfer
PAY00004537,CLM0006323,2024-08-12,91573.03,Completed,Bank Transfer
PAY00004538,CLM0006324,2022-10-28,43323.19,Completed,Bank Transfer
PAY00004539,CLM0006325,2023-05-02,6830.55,Pending,Bank Transfer
PAY00004540,CLM0006326,2024-06-13,9908.44,Completed,Bank Transfer
PAY00004541,CLM0006327,2022-05-20,9576.8,Completed,Bank Transfer
PAY00004542,CLM0006327,2022-05-20,2130.27,Completed,Bank Transfer
PAY00004543,CLM0006328,2023-02-26,8927.25,Completed,Bank Transfer
PAY00004544,CLM0006330,2023-11-08,5124.63,Completed,Bank Transfer
PAY00004545,CLM0006331,2022-11-17,12955.79,Completed,Bank Transfer
PAY00004546,CLM0006333,2024-12-31,10664.83,Completed,Bank Transfer
PAY00004547,CLM0006333,2024-12-31,5192.69,Completed,Bank Transfer
PAY00004548,CLM0006335,2022-11-10,16031.84,Completed,Bank Transfer
PAY00004549,CLM0006335,2022-11-10,710.95,Completed,Online
PAY00004550,CLM0006336,2024-04-03,5977.75,Completed,Bank Transfer
PAY00004551,CLM0006336,2024-04-03,8410.07,Completed,Online
PAY00004552,CLM0006338,2022-05-19,9361.48,Completed,Cheque
PAY00004553,CLM0006338,2022-05-19,8544.69,Completed,Bank Transfer
PAY00004554,CLM0006342,2025-03-11,5293.8,Completed,Bank Transfer
PAY00004555,CLM0006342,2025-03-11,699.59,Completed,Online
PAY00004556,CLM0006344,2025-08-11,8179.63,Completed,Cheque
PAY00004557,CLM0006344,2025-08-11,2757.95,Completed,Bank Transfer
PAY00004558,CLM0006347,2025-07-06,5322.04,Completed,Bank Transfer
PAY00004559,CLM0006347,2025-07-06,3466.57,Completed,Bank Transfer
PAY00004560,CLM0006348,2024-12-14,11746.21,Completed,Bank Transfer
PAY00004561,CLM0006349,2023-04-07,29098.95,Completed,Bank Transfer
PAY00004562,CLM0006349,2023-04-07,3097.87,Completed,Online
PAY00004563,CLM0006351,2024-09-06,28454.66,Completed,Bank Transfer
PAY00004564,CLM0006352,2025-07-03,8368.47,Completed,Bank Transfer
PAY00004565,CLM0006353,2024-09-19,1586.31,Completed,Bank Transfer
PAY00004566,CLM0006353,2024-09-19,6703.58,Completed,Cheque
PAY00004567,CLM0006357,2025-02-08,6986.15,Pending,Online
PAY00004568,CLM0006359,2023-11-17,9823.78,Completed,Online
PAY00004569,CLM0006359,2023-11-17,5787.13,Completed,Bank Transfer
PAY00004570,CLM0006360,2025-06-22,1873.1,Pending,Bank Transfer
PAY00004571,CLM0006360,2025-06-22,22856.28,Pending,Bank Transfer
PAY00004572,CLM0006364,2022-02-28,23990.59,Completed,Cheque
PAY00004573,CLM0006366,2022-03-04,6363.23,Completed,Bank Transfer
PAY00004574,CLM0006367,2025-09-11,7909.08,Completed,Bank Transfer
PAY00004575,CLM0006367,2025-09-11,9123.72,Completed,Bank Transfer
PAY00004576,CLM0006370,2023-12-06,12540.28,Completed,Cheque
PAY00004577,CLM0006374,2025-04-16,22580.27,Completed,Bank Transfer
PAY00004578,CLM0006375,2024-07-01,62351.65,Completed,Online
PAY00004579,CLM0006376,2024-03-18,4168.5,Completed,Online
PAY00004580,CLM0006379,2024-04-12,19372.89,Completed,Online
PAY00004581,CLM0006379,2024-04-12,5938.2,Completed,Bank Transfer
PAY00004582,CLM0006380,2022-06-15,11636.22,Completed,Online
PAY00004583,CLM0006381,2022-04-22,1296.52,Completed,Bank Transfer
PAY00004584,CLM0006381,2022-04-22,16868.15,Completed,Bank Transfer
PAY00004585,CLM0006386,2023-01-16,15286.52,Completed,Bank Transfer
PAY00004586,CLM0006387,2024-07-26,7893.35,Completed,Bank Transfer
PAY00004587,CLM0006389,2023-01-26,2774.66,Pending,Bank Transfer
PAY00004588,CLM0006389,2023-01-26,3089.93,Completed,Bank Transfer
PAY00004589,CLM0006391,2023-03-24,61287.2,Completed,Bank Transfer
PAY00004590,CLM0006393,2022-05-06,7856.22,Completed,Bank Transfer
PAY00004591,CLM0006394,2022-07-21,59169.74,Completed,Online
PAY00004592,CLM0006394,2022-07-21,6156.94,Completed,Bank Transfer
PAY00004593,CLM0006395,2022-04-10,24890.5,Completed,Online
PAY00004594,CLM0006395,2022-04-10,4598.73,Completed,Bank Transfer
PAY00004595,CLM0006396,2023-03-05,22072.92,Completed,Online
PAY00004596,CLM0006397,2022-03-18,3507.82,Pending,Cheque
PAY00004597,CLM0006397,2022-03-18,1354.84,Completed,Bank Transfer
PAY00004598,CLM0006398,2023-12-24,12909.71,Pending,Online
PAY00004599,CLM0006398,2023-12-24,51373.51,Pending,Bank Transfer
PAY00004600,CLM0006402,2025-07-14,11928.45,Completed,Bank Transfer
PAY00004601,CLM0006404,2025-03-01,5330.37,Completed,Bank Transfer
PAY00004602,CLM0006406,2022-04-30,7997.62,Completed,Online
PAY00004603,CLM0006407,2023-07-03,4145.07,Completed,Bank Transfer
PAY00004604,CLM0006411,2024-06-18,560.11,Pending,Bank Transfer
PAY00004605,CLM0006411,2024-06-18,17529,Completed,Bank Transfer
PAY00004606,CLM0006413,2024-06-19,790.28,Completed,Bank Transfer
PAY00004607,CLM0006413,2024-06-19,5490.29,Completed,Bank Transfer
PAY00004608,CLM0006415,2025-09-12,18727.4,Completed,Bank Transfer
PAY00004609,CLM0006416,2023-04-12,4256.91,Completed,Bank Transfer
PAY00004610,CLM0006416,2023-04-12,2670.7,Completed,Bank Transfer
PAY00004611,CLM0006417,2022-03-29,5224.56,Completed,Bank Transfer
PAY00004612,CLM0006419,2025-04-17,901.42,Completed,Bank Transfer
PAY00004613,CLM0006419,2025-04-17,6367.2,Completed,Bank Transfer
PAY00004614,CLM0006422,2025-02-17,5478.19,Completed,Bank Transfer
PAY00004615,CLM0006422,2025-02-17,14163.45,Pending,Online
PAY00004616,CLM0006424,2026-02-13,8534.8,Completed,Bank Transfer
PAY00004617,CLM0006428,2025-09-25,5309.45,Pending,Bank Transfer
PAY00004618,CLM0006428,2025-09-25,3722.97,Completed,Bank Transfer
PAY00004619,CLM0006429,2022-02-08,4281.15,Completed,Bank Transfer
PAY00004620,CLM0006429,2022-02-08,19193.06,Completed,Bank Transfer
PAY00004621,CLM0006432,2022-03-11,21201.88,Completed,Bank Transfer
PAY00004622,CLM0006433,2023-09-24,4741.01,Completed,Bank Transfer
PAY00004623,CLM0006433,2023-09-24,17207.32,Completed,Cheque
PAY00004624,CLM0006434,2023-01-11,1781.26,Completed,Cheque
PAY00004625,CLM0006437,2023-10-08,27441.2,Completed,Cheque
PAY00004626,CLM0006438,2022-11-17,15140.32,Completed,Bank Transfer
PAY00004627,CLM0006441,2023-09-17,52310.35,Completed,Cheque
PAY00004628,CLM0006442,2024-07-18,21758.77,Completed,Bank Transfer
PAY00004629,CLM0006445,2022-02-10,54198.79,Completed,Bank Transfer
PAY00004630,CLM0006446,2025-08-09,36125.51,Completed,Bank Transfer
PAY00004631,CLM0006449,2025-12-18,5546.56,Completed,Online
PAY00004632,CLM0006451,2023-10-25,14323.33,Completed,Online
PAY00004633,CLM0006452,2022-10-16,25739.28,Completed,Bank Transfer
PAY00004634,CLM0006453,2023-03-20,31807.2,Completed,Bank Transfer
PAY00004635,CLM0006454,2022-04-07,6176.08,Completed,Bank Transfer
PAY00004636,CLM0006456,2022-09-18,67891.75,Completed,Bank Transfer
PAY00004637,CLM0006459,2022-11-06,11528.79,Completed,Bank Transfer
PAY00004638,CLM0006462,2023-05-25,76639.4,Completed,Bank Transfer
PAY00004639,CLM0006463,2023-11-22,23409.13,Completed,Bank Transfer
PAY00004640,CLM0006465,2023-01-06,14196.81,Completed,Bank Transfer
PAY00004641,CLM0006465,2023-01-06,23005.49,Completed,Bank Transfer
PAY00004642,CLM0006466,2025-06-16,2162.26,Completed,Bank Transfer
PAY00004643,CLM0006467,2025-04-20,4431.52,Completed,Bank Transfer
PAY00004644,CLM0006469,2023-07-26,8766.41,Completed,Bank Transfer
PAY00004645,CLM0006469,2023-07-26,15302.67,Completed,Bank Transfer
PAY00004646,CLM0006470,2025-04-13,18270.36,Completed,Bank Transfer
PAY00004647,CLM0006471,2023-09-16,10233.61,Completed,Bank Transfer
PAY00004648,CLM0006472,2024-01-11,14287.61,Completed,Bank Transfer
PAY00004649,CLM0006473,2022-11-21,12559.6,Completed,Online
PAY00004650,CLM0006474,2024-06-26,77587.85,Completed,Cheque
PAY00004651,CLM0006475,2022-08-07,30774.46,Completed,Bank Transfer
PAY00004652,CLM0006477,2023-10-18,5466.24,Completed,Bank Transfer
PAY00004653,CLM0006478,2023-06-14,628.01,Completed,Online
PAY00004654,CLM0006478,2023-06-14,12537.07,Completed,Bank Transfer
PAY00004655,CLM0006484,2022-10-15,2366.73,Pending,Bank Transfer
PAY00004656,CLM0006485,2025-03-29,6035.7,Completed,Bank Transfer
PAY00004657,CLM0006486,2023-05-29,14953.46,Completed,Bank Transfer
PAY00004658,CLM0006487,2023-03-15,13263.6,Completed,Bank Transfer
PAY00004659,CLM0006488,2023-03-26,2958.6,Completed,Bank Transfer
PAY00004660,CLM0006488,2023-03-26,18.06,Completed,Online
PAY00004661,CLM0006489,2022-10-28,4061.46,Completed,Online
PAY00004662,CLM0006491,2024-12-30,11454.26,Completed,Bank Transfer
PAY00004663,CLM0006492,2024-10-27,20479.88,Completed,Bank Transfer
PAY00004664,CLM0006494,2023-04-15,10189.74,Pending,Bank Transfer
PAY00004665,CLM0006496,2025-02-27,6787.9,Completed,Bank Transfer
PAY00004666,CLM0006496,2025-02-27,46701.89,Completed,Bank Transfer
PAY00004667,CLM0006497,2025-10-19,5515.01,Completed,Bank Transfer
PAY00004668,CLM0006497,2025-10-19,34648.89,Completed,Bank Transfer
PAY00004669,CLM0006498,2023-01-29,32060.2,Completed,Bank Transfer
PAY00004670,CLM0006500,2025-08-08,5332.07,Completed,Bank Transfer
PAY00004671,CLM0006503,2025-07-12,26145.7,Completed,Bank Transfer
PAY00004672,CLM0006504,2023-03-23,7176.09,Completed,Bank Transfer
PAY00004673,CLM0006504,2023-03-23,3602.52,Completed,Bank Transfer
PAY00004674,CLM0006505,2025-03-08,837.65,Completed,Bank Transfer
PAY00004675,CLM0006505,2025-03-08,5847.37,Completed,Bank Transfer
PAY00004676,CLM0006507,2025-02-19,36957.93,Completed,Bank Transfer
PAY00004677,CLM0006508,2022-09-22,16685.99,Completed,Online
PAY00004678,CLM0006510,2022-02-12,24502.13,Completed,Bank Transfer
PAY00004679,CLM0006511,2022-05-17,2973.66,Completed,Cheque
PAY00004680,CLM0006511,2022-05-17,36459.01,Completed,Bank Transfer
PAY00004681,CLM0006514,2024-02-26,7275.01,Completed,Bank Transfer
PAY00004682,CLM0006516,2024-08-01,2257.08,Completed,Bank Transfer
PAY00004683,CLM0006516,2024-08-01,5566.26,Completed,Bank Transfer
PAY00004684,CLM0006520,2022-07-12,23406.46,Completed,Bank Transfer
PAY00004685,CLM0006523,2022-02-08,20663.4,Pending,Bank Transfer
PAY00004686,CLM0006523,2022-02-08,39050.9,Completed,Online
PAY00004687,CLM0006524,2024-12-09,7679.64,Completed,Online
PAY00004688,CLM0006528,2024-04-12,8108,Completed,Online
PAY00004689,CLM0006528,2024-04-12,8375.92,Pending,Bank Transfer
PAY00004690,CLM0006529,2025-10-08,28756.36,Pending,Bank Transfer
PAY00004691,CLM0006530,2024-04-05,1710.6,Completed,Bank Transfer
PAY00004692,CLM0006530,2024-04-05,6117.28,Completed,Bank Transfer
PAY00004693,CLM0006531,2023-09-12,72802.69,Completed,Bank Transfer
PAY00004694,CLM0006532,2022-06-06,17186.24,Completed,Bank Transfer
PAY00004695,CLM0006533,2022-12-04,31416.52,Completed,Bank Transfer
PAY00004696,CLM0006533,2022-12-04,8040.63,Completed,Bank Transfer
PAY00004697,CLM0006534,2022-07-30,26129.67,Completed,Bank Transfer
PAY00004698,CLM0006537,2022-05-29,46231.81,Completed,Bank Transfer
PAY00004699,CLM0006537,2022-05-29,39561.03,Completed,Bank Transfer
PAY00004700,CLM0006538,2023-07-13,4676.14,Pending,Bank Transfer
PAY00004701,CLM0006538,2023-07-13,11385.66,Completed,Bank Transfer
PAY00004702,CLM0006539,2024-11-06,29882.75,Completed,Online
PAY00004703,CLM0006540,2024-01-16,2004.68,Completed,Bank Transfer
PAY00004704,CLM0006541,2025-06-07,1115.52,Completed,Bank Transfer
PAY00004705,CLM0006541,2025-06-07,13837.57,Completed,Bank Transfer
PAY00004706,CLM0006543,2023-11-09,49232.98,Completed,Cheque
PAY00004707,CLM0006544,2024-09-17,8314.03,Completed,Bank Transfer
PAY00004708,CLM0006545,2024-02-29,2332.34,Completed,Bank Transfer
PAY00004709,CLM0006546,2022-09-29,7606.46,Completed,Bank Transfer
PAY00004710,CLM0006549,2024-09-12,52779.08,Completed,Bank Transfer
PAY00004711,CLM0006551,2025-02-14,5345.95,Completed,Bank Transfer
PAY00004712,CLM0006551,2025-02-14,3211.63,Completed,Bank Transfer
PAY00004713,CLM0006552,2023-07-27,30279.23,Completed,Bank Transfer
PAY00004714,CLM0006557,2023-11-05,13978.22,Completed,Bank Transfer
PAY00004715,CLM0006559,2025-07-13,11775.64,Completed,Online
PAY00004716,CLM0006561,2025-07-06,4375.92,Completed,Cheque
PAY00004717,CLM0006562,2025-11-26,5607.73,Completed,Bank Transfer
PAY00004718,CLM0006563,2024-12-18,1255.34,Completed,Bank Transfer
PAY00004719,CLM0006564,2025-04-12,5556.25,Completed,Bank Transfer
PAY00004720,CLM0006566,2023-10-28,7950.24,Completed,Bank Transfer
PAY00004721,CLM0006566,2023-10-28,21433.71,Completed,Bank Transfer
PAY00004722,CLM0006567,2023-03-23,4566.82,Completed,Cheque
PAY00004723,CLM0006567,2023-03-23,16719.29,Completed,Bank Transfer
PAY00004724,CLM0006568,2024-04-06,19592.53,Completed,Online
PAY00004725,CLM0006570,2022-08-05,92354.95,Completed,Bank Transfer
PAY00004726,CLM0006572,2022-01-10,7716.76,Completed,Online
PAY00004727,CLM0006572,2022-01-10,2009.88,Completed,Online
PAY00004728,CLM0006573,2025-03-07,4714.05,Completed,Bank Transfer
PAY00004729,CLM0006575,2024-04-10,1508.07,Completed,Cheque
PAY00004730,CLM0006575,2024-04-10,725.44,Completed,Bank Transfer
PAY00004731,CLM0006576,2025-06-20,39654.37,Completed,Bank Transfer
PAY00004732,CLM0006580,2024-02-13,14426.99,Completed,Bank Transfer
PAY00004733,CLM0006583,2024-07-24,32147.32,Completed,Bank Transfer
PAY00004734,CLM0006584,2024-01-17,16239.8,Completed,Online
PAY00004735,CLM0006587,2024-10-16,32084.84,Completed,Bank Transfer
PAY00004736,CLM0006588,2022-08-10,2149.41,Completed,Bank Transfer
PAY00004737,CLM0006590,2025-02-04,17405.63,Completed,Bank Transfer
PAY00004738,CLM0006590,2025-02-04,5614.75,Completed,Bank Transfer
PAY00004739,CLM0006591,2024-09-01,26563.76,Completed,Bank Transfer
PAY00004740,CLM0006592,2023-11-24,11977.05,Completed,Bank Transfer
PAY00004741,CLM0006592,2023-11-24,1019.91,Pending,Online
PAY00004742,CLM0006596,2024-01-09,54901.9,Completed,Bank Transfer
PAY00004743,CLM0006600,2024-05-31,17000.82,Completed,Bank Transfer
PAY00004744,CLM0006601,2025-04-25,21621.13,Completed,Bank Transfer
PAY00004745,CLM0006602,2022-08-26,7560.6,Completed,Cheque
PAY00004746,CLM0006602,2022-08-26,6816.29,Completed,Bank Transfer
PAY00004747,CLM0006603,2024-06-28,7524.7,Completed,Bank Transfer
PAY00004748,CLM0006604,2024-01-10,42714.95,Completed,Bank Transfer
PAY00004749,CLM0006605,2023-09-15,19648.97,Completed,Bank Transfer
PAY00004750,CLM0006608,2023-02-17,26389.49,Completed,Cheque
PAY00004751,CLM0006609,2025-11-19,19466.98,Completed,Bank Transfer
PAY00004752,CLM0006610,2024-11-18,23117.93,Completed,Bank Transfer
PAY00004753,CLM0006611,2022-04-23,14631.4,Completed,Bank Transfer
PAY00004754,CLM0006611,2022-04-23,14586.32,Completed,Bank Transfer
PAY00004755,CLM0006613,2023-09-11,6624.96,Completed,Bank Transfer
PAY00004756,CLM0006613,2023-09-11,1056.6,Completed,Online
PAY00004757,CLM0006614,2024-01-28,52774.18,Pending,Bank Transfer
PAY00004758,CLM0006618,2022-11-10,29220.09,Completed,Online
PAY00004759,CLM0006620,2022-06-22,3016.5,Completed,Online
PAY00004760,CLM0006621,2023-09-03,10791.92,Completed,Online
PAY00004761,CLM0006621,2023-09-03,9540.12,Pending,Bank Transfer
PAY00004762,CLM0006622,2025-05-03,19476.41,Completed,Bank Transfer
PAY00004763,CLM0006623,2025-12-19,7591.99,Completed,Bank Transfer
PAY00004764,CLM0006625,2026-08-03,5809.56,Completed,Bank Transfer
PAY00004765,CLM0006625,2026-08-03,8407.36,Completed,Bank Transfer
PAY00004766,CLM0006626,2025-02-21,29573,Completed,Bank Transfer
PAY00004767,CLM0006628,2023-03-11,5982.78,Completed,Bank Transfer
PAY00004768,CLM0006630,2024-12-20,12204.45,Completed,Bank Transfer
PAY00004769,CLM0006631,2025-10-13,39814.75,Completed,Online
PAY00004770,CLM0006633,2022-07-20,47571.15,Completed,Bank Transfer
PAY00004771,CLM0006636,2025-07-15,18558.2,Completed,Online
PAY00004772,CLM0006640,2023-12-12,30544.51,Completed,Bank Transfer
PAY00004773,CLM0006645,2025-10-09,9359.22,Completed,Online
PAY00004774,CLM0006648,2022-06-04,39214.76,Completed,Bank Transfer
PAY00004775,CLM0006649,2022-07-12,9553.48,Completed,Bank Transfer
PAY00004776,CLM0006651,2022-07-26,6694.29,Completed,Bank Transfer
PAY00004777,CLM0006653,2022-04-09,37069.08,Completed,Bank Transfer
PAY00004778,CLM0006656,2025-05-10,6256.41,Completed,Cheque
PAY00004779,CLM0006658,2022-12-30,19660.45,Completed,Bank Transfer
PAY00004780,CLM0006662,2024-03-06,3335.13,Pending,Online
PAY00004781,CLM0006665,2022-03-17,8185.3,Pending,Bank Transfer
PAY00004782,CLM0006666,2024-05-24,4050.09,Completed,Bank Transfer
PAY00004783,CLM0006666,2024-05-24,2130.19,Completed,Bank Transfer
PAY00004784,CLM0006668,2024-07-27,30470.45,Completed,Cheque
PAY00004785,CLM0006673,2024-02-07,2681.36,Completed,Bank Transfer
PAY00004786,CLM0006673,2024-02-07,54835.53,Completed,Bank Transfer
PAY00004787,CLM0006674,2025-11-18,7091.58,Completed,Bank Transfer
PAY00004788,CLM0006675,2023-02-28,2660.07,Completed,Bank Transfer
PAY00004789,CLM0006675,2023-02-28,2560.38,Completed,Bank Transfer
PAY00004790,CLM0006676,2023-09-12,12486.56,Completed,Bank Transfer
PAY00004791,CLM0006676,2023-09-12,12775.55,Completed,Bank Transfer
PAY00004792,CLM0006677,2022-04-18,57031.4,Completed,Cheque
PAY00004793,CLM0006679,2025-06-12,23794.46,Pending,Online
PAY00004794,CLM0006679,2025-06-12,7564.77,Completed,Bank Transfer
PAY00004795,CLM0006680,2025-01-11,14297.3,Completed,Online
PAY00004796,CLM0006680,2025-01-11,34631.26,Completed,Online
PAY00004797,CLM0006681,2023-09-22,7554.37,Completed,Bank Transfer
PAY00004798,CLM0006682,2025-05-25,7108.74,Completed,Bank Transfer
PAY00004799,CLM0006684,2022-02-16,22058.66,Completed,Cheque
PAY00004800,CLM0006685,2024-03-14,9040.73,Completed,Bank Transfer
PAY00004801,CLM0006685,2024-03-14,49999.04,Completed,Bank Transfer
PAY00004802,CLM0006691,2025-04-24,8316.28,Completed,Bank Transfer
PAY00004803,CLM0006692,2025-05-08,12701.41,Completed,Bank Transfer
PAY00004804,CLM0006693,2024-10-15,27901.09,Completed,Online
PAY00004805,CLM0006694,2025-07-15,30644.87,Completed,Cheque
PAY00004806,CLM0006696,2024-01-28,15877.65,Completed,Bank Transfer
PAY00004807,CLM0006696,2024-01-28,194.7,Completed,Cheque
PAY00004808,CLM0006697,2022-03-09,13298.48,Completed,Bank Transfer
PAY00004809,CLM0006697,2022-03-09,23744.94,Completed,Online
PAY00004810,CLM0006699,2025-11-12,28376.13,Completed,Bank Transfer
PAY00004811,CLM0006699,2025-11-12,6306.8,Completed,Online
PAY00004812,CLM0006702,2025-06-12,158.99,Completed,Bank Transfer
PAY00004813,CLM0006702,2025-06-12,2272.59,Completed,Bank Transfer
PAY00004814,CLM0006705,2023-07-18,14323.96,Completed,Bank Transfer
PAY00004815,CLM0006707,2022-09-05,1806.91,Completed,Online
PAY00004816,CLM0006707,2022-09-05,622.94,Completed,Bank Transfer
PAY00004817,CLM0006709,2023-07-15,4311.98,Pending,Online
PAY00004818,CLM0006709,2023-07-15,2077.7,Completed,Online
PAY00004819,CLM0006711,2025-06-03,16356.36,Completed,Bank Transfer
PAY00004820,CLM0006713,2024-07-29,7917.03,Completed,Bank Transfer
PAY00004821,CLM0006713,2024-07-29,2983.41,Completed,Cheque
PAY00004822,CLM0006718,2023-09-29,8217,Completed,Bank Transfer
PAY00004823,CLM0006719,2025-09-18,2931.56,Completed,Online
PAY00004824,CLM0006720,2022-08-08,52245.88,Completed,Bank Transfer
PAY00004825,CLM0006720,2022-08-08,11236.56,Completed,Online
PAY00004826,CLM0006723,2025-10-23,14059.12,Pending,Bank Transfer
PAY00004827,CLM0006726,2024-08-26,7105.41,Completed,Online
PAY00004828,CLM0006727,2025-10-20,15286.54,Pending,Cheque
PAY00004829,CLM0006729,2025-07-23,13471.53,Completed,Bank Transfer
PAY00004830,CLM0006730,2022-11-26,1616.01,Completed,Cheque
PAY00004831,CLM0006730,2022-11-26,20238.88,Completed,Online
PAY00004832,CLM0006731,2023-10-01,4806.88,Completed,Online
PAY00004833,CLM0006731,2023-10-01,4902.88,Completed,Bank Transfer
PAY00004834,CLM0006732,2025-05-10,17957.34,Completed,Bank Transfer
PAY00004835,CLM0006733,2025-09-17,7182.28,Completed,Bank Transfer
PAY00004836,CLM0006737,2025-01-10,6091.81,Completed,Bank Transfer
PAY00004837,CLM0006741,2025-12-15,24770.37,Completed,Cheque
PAY00004838,CLM0006743,2023-05-20,4637.91,Completed,Bank Transfer
PAY00004839,CLM0006745,2022-12-24,48503.67,Completed,Bank Transfer
PAY00004840,CLM0006746,2023-12-16,5493.16,Completed,Online
PAY00004841,CLM0006747,2025-11-03,7454.5,Completed,Bank Transfer
PAY00004842,CLM0006748,2023-09-01,4840.26,Completed,Bank Transfer
PAY00004843,CLM0006751,2025-08-04,54756.9,Completed,Online
PAY00004844,CLM0006753,2024-12-04,6941.58,Pending,Bank Transfer
PAY00004845,CLM0006753,2024-12-04,267.62,Completed,Bank Transfer
PAY00004846,CLM0006754,2022-06-08,12635.67,Completed,Bank Transfer
PAY00004847,CLM0006759,2024-11-30,4497.78,Completed,Online
PAY00004848,CLM0006761,2023-01-20,114628.64,Completed,Bank Transfer
PAY00004849,CLM0006762,2023-05-13,24507.56,Completed,Cheque
PAY00004850,CLM0006763,2023-07-03,15506.71,Completed,Bank Transfer
PAY00004851,CLM0006763,2023-07-03,16833.62,Completed,Bank Transfer
PAY00004852,CLM0006764,2025-12-25,8175.5,Completed,Bank Transfer
PAY00004853,CLM0006764,2025-12-25,2750.69,Completed,Bank Transfer
PAY00004854,CLM0006765,2023-10-30,13840,Completed,Online
PAY00004855,CLM0006766,2022-05-25,16718.41,Completed,Online
PAY00004856,CLM0006769,2022-02-21,38041.67,Completed,Bank Transfer
PAY00004857,CLM0006771,2023-11-06,13707.6,Completed,Bank Transfer
PAY00004858,CLM0006772,2023-05-07,14663.32,Completed,Bank Transfer
PAY00004859,CLM0006777,2023-12-31,636.05,Completed,Bank Transfer
PAY00004860,CLM0006777,2023-12-31,6550.38,Completed,Bank Transfer
PAY00004861,CLM0006779,2024-11-14,23239.87,Completed,Bank Transfer
PAY00004862,CLM0006779,2024-11-14,6290.9,Completed,Bank Transfer
PAY00004863,CLM0006782,2022-11-10,2603.84,Completed,Bank Transfer
PAY00004864,CLM0006782,2022-11-10,24021.23,Completed,Bank Transfer
PAY00004865,CLM0006786,2022-12-11,6718.54,Completed,Online
PAY00004866,CLM0006787,2025-12-16,16168.48,Completed,Bank Transfer
PAY00004867,CLM0006789,2025-06-16,27277.85,Completed,Bank Transfer
PAY00004868,CLM0006790,2022-08-12,5962.49,Completed,Cheque
PAY00004869,CLM0006791,2025-11-16,24954.64,Completed,Bank Transfer
PAY00004870,CLM0006794,2022-11-29,24448.48,Completed,Cheque
PAY00004871,CLM0006797,2025-03-20,5688.09,Completed,Bank Transfer
PAY00004872,CLM0006797,2025-03-20,94236.02,Completed,Cheque
PAY00004873,CLM0006802,2025-11-26,5963.04,Pending,Bank Transfer
PAY00004874,CLM0006804,2025-03-05,11096.62,Completed,Bank Transfer
PAY00004875,CLM0006805,2025-03-10,22943.42,Completed,Bank Transfer
PAY00004876,CLM0006809,2025-06-02,20207.82,Completed,Bank Transfer
PAY00004877,CLM0006810,2022-10-10,32232.3,Completed,Bank Transfer
PAY00004878,CLM0006812,2023-04-24,5732.84,Completed,Bank Transfer
PAY00004879,CLM0006812,2023-04-24,1008.76,Completed,Bank Transfer
PAY00004880,CLM0006813,2022-09-30,9755.96,Completed,Bank Transfer
PAY00004881,CLM0006815,2023-04-11,1182.41,Completed,Bank Transfer
PAY00004882,CLM0006815,2023-04-11,4080.12,Completed,Bank Transfer
PAY00004883,CLM0006817,2022-08-07,11677.43,Completed,Bank Transfer
PAY00004884,CLM0006818,2023-02-13,11207.99,Completed,Bank Transfer
PAY00004885,CLM0006818,2023-02-13,3241.28,Completed,Online
PAY00004886,CLM0006822,2022-07-23,11371.94,Completed,Bank Transfer
PAY00004887,CLM0006822,2022-07-23,19754.83,Completed,Cheque
PAY00004888,CLM0006826,2022-05-03,6457.89,Completed,Bank Transfer
PAY00004889,CLM0006830,2024-08-18,12672.04,Completed,Bank Transfer
PAY00004890,CLM0006831,2022-07-04,11523.34,Completed,Bank Transfer
PAY00004891,CLM0006833,2025-06-14,18865.4,Completed,Bank Transfer
PAY00004892,CLM0006835,2024-01-14,26612.99,Completed,Cheque
PAY00004893,CLM0006835,2024-01-14,19529.56,Completed,Bank Transfer
PAY00004894,CLM0006838,2024-03-16,4784.26,Completed,Bank Transfer
PAY00004895,CLM0006838,2024-03-16,7360.6,Completed,Bank Transfer
PAY00004896,CLM0006839,2023-11-20,7696.36,Completed,Bank Transfer
PAY00004897,CLM0006842,2025-11-16,11956.6,Pending,Bank Transfer
PAY00004898,CLM0006843,2024-07-15,5527.96,Completed,Online
PAY00004899,CLM0006843,2024-07-15,15361.62,Completed,Bank Transfer
PAY00004900,CLM0006844,2022-07-03,39521.96,Completed,Bank Transfer
PAY00004901,CLM0006845,2025-02-04,16901.85,Pending,Online
PAY00004902,CLM0006847,2023-11-28,7151.17,Completed,Online
PAY00004903,CLM0006848,2022-07-23,33845.56,Completed,Bank Transfer
PAY00004904,CLM0006854,2022-10-26,7333.3,Completed,Online
PAY00004905,CLM0006854,2022-10-26,537.3,Completed,Bank Transfer
PAY00004906,CLM0006855,2025-02-09,4129.41,Completed,Bank Transfer
PAY00004907,CLM0006856,2024-07-20,23190.37,Completed,Cheque
PAY00004908,CLM0006859,2023-03-26,4242.86,Completed,Online
PAY00004909,CLM0006859,2023-03-26,9215.15,Completed,Bank Transfer
PAY00004910,CLM0006861,2022-05-12,31541.26,Completed,Bank Transfer
PAY00004911,CLM0006862,2023-09-25,25647.55,Completed,Cheque
PAY00004912,CLM0006864,2024-07-11,8910.88,Completed,Online
PAY00004913,CLM0006865,2023-02-18,8343.57,Completed,Bank Transfer
PAY00004914,CLM0006866,2023-04-17,5562.13,Completed,Bank Transfer
PAY00004915,CLM0006867,2023-05-25,24865.78,Completed,Online
PAY00004916,CLM0006868,2022-11-19,2413.11,Completed,Bank Transfer
PAY00004917,CLM0006868,2022-11-19,20977.77,Completed,Bank Transfer
PAY00004918,CLM0006870,2023-07-25,49792.31,Completed,Cheque
PAY00004919,CLM0006871,2025-03-09,17282.13,Completed,Bank Transfer
PAY00004920,CLM0006872,2022-05-27,10614.79,Completed,Bank Transfer
PAY00004921,CLM0006874,2025-10-23,6641.31,Completed,Online
PAY00004922,CLM0006876,2025-12-13,34740.62,Completed,Bank Transfer
PAY00004923,CLM0006878,2023-09-04,12126.96,Completed,Online
PAY00004924,CLM0006882,2022-08-18,106257.4,Completed,Bank Transfer
PAY00004925,CLM0006884,2024-10-12,15353.53,Completed,Bank Transfer
PAY00004926,CLM0006886,2024-02-14,23238.91,Completed,Bank Transfer
PAY00004927,CLM0006887,2022-10-13,7067.74,Pending,Bank Transfer
PAY00004928,CLM0006889,2022-12-15,11221.63,Completed,Bank Transfer
PAY00004929,CLM0006891,2024-07-16,32055.91,Completed,Bank Transfer
PAY00004930,CLM0006892,2022-02-19,2951.45,Completed,Bank Transfer
PAY00004931,CLM0006893,2023-09-02,25583.97,Completed,Bank Transfer
PAY00004932,CLM0006895,2024-02-01,17198.39,Completed,Bank Transfer
PAY00004933,CLM0006900,2022-04-14,5823.61,Completed,Bank Transfer
PAY00004934,CLM0006900,2022-04-14,4062.16,Completed,Online
PAY00004935,CLM0006903,2024-02-08,37610.79,Completed,Bank Transfer
PAY00004936,CLM0006903,2024-02-08,19532.32,Completed,Bank Transfer
PAY00004937,CLM0006905,2025-01-14,42315.4,Completed,Bank Transfer
PAY00004938,CLM0006906,2022-08-23,15819.56,Completed,Bank Transfer
PAY00004939,CLM0006906,2022-08-23,309.68,Completed,Bank Transfer
PAY00004940,CLM0006907,2024-04-21,67326.6,Completed,Bank Transfer
PAY00004941,CLM0006908,2024-08-09,18620.11,Completed,Online
PAY00004942,CLM0006910,2024-05-04,8629.97,Completed,Cheque
PAY00004943,CLM0006910,2024-05-04,6917.82,Completed,Online
PAY00004944,CLM0006913,2023-09-18,5865.38,Completed,Bank Transfer
PAY00004945,CLM0006913,2023-09-18,13359.57,Completed,Bank Transfer
PAY00004946,CLM0006916,2024-07-29,17293.62,Completed,Bank Transfer
PAY00004947,CLM0006917,2023-04-25,22100.18,Completed,Online
PAY00004948,CLM0006917,2023-04-25,34883.69,Completed,Online
PAY00004949,CLM0006919,2025-04-23,10797.51,Completed,Bank Transfer
PAY00004950,CLM0006920,2023-12-21,31046.25,Completed,Bank Transfer
PAY00004951,CLM0006921,2024-07-26,25106.81,Completed,Bank Transfer
PAY00004952,CLM0006923,2025-11-16,5117.08,Completed,Online
PAY00004953,CLM0006923,2025-11-16,3009.77,Completed,Bank Transfer
PAY00004954,CLM0006925,2022-12-05,9427.23,Completed,Bank Transfer
PAY00004955,CLM0006928,2025-10-09,7270.89,Completed,Online
PAY00004956,CLM0006929,2024-11-21,13479.35,Completed,Bank Transfer
PAY00004957,CLM0006929,2024-11-21,1695.34,Completed,Bank Transfer
PAY00004958,CLM0006930,2022-09-23,15917.15,Completed,Bank Transfer
PAY00004959,CLM0006931,2024-02-27,22831.36,Completed,Bank Transfer
PAY00004960,CLM0006932,2024-03-11,6072.58,Completed,Online
PAY00004961,CLM0006932,2024-03-11,469.96,Completed,Online
PAY00004962,CLM0006934,2023-03-20,6197.28,Completed,Cheque
PAY00004963,CLM0006934,2023-03-20,19873.03,Completed,Bank Transfer
PAY00004964,CLM0006935,2025-08-09,23841,Completed,Bank Transfer
PAY00004965,CLM0006939,2023-01-05,1332.73,Completed,Bank Transfer
PAY00004966,CLM0006939,2023-01-05,4120.27,Completed,Bank Transfer
PAY00004967,CLM0006940,2025-08-15,15176.9,Completed,Bank Transfer
PAY00004968,CLM0006941,2024-05-01,27828.69,Completed,Cheque
PAY00004969,CLM0006942,2022-05-21,169.46,Completed,Bank Transfer
PAY00004970,CLM0006942,2022-05-21,3094.13,Completed,Bank Transfer
PAY00004971,CLM0006946,2023-08-14,28758.09,Completed,Bank Transfer
PAY00004972,CLM0006946,2023-08-14,1001.75,Completed,Online
PAY00004973,CLM0006947,2025-10-30,32522.29,Completed,Bank Transfer
PAY00004974,CLM0006948,2025-05-01,57407.55,Completed,Cheque
PAY00004975,CLM0006949,2025-08-09,9965.49,Completed,Cheque
PAY00004976,CLM0006950,2025-11-11,18250.8,Pending,Bank Transfer
PAY00004977,CLM0006951,2025-07-31,19184.57,Completed,Bank Transfer
PAY00004978,CLM0006952,2024-10-29,759.11,Completed,Bank Transfer
PAY00004979,CLM0006952,2024-10-29,3017.58,Completed,Bank Transfer
PAY00004980,CLM0006954,2025-09-22,10549.05,Pending,Bank Transfer
PAY00004981,CLM0006954,2025-09-22,18416.98,Pending,Bank Transfer
PAY00004982,CLM0006955,2025-09-24,16254.31,Completed,Online
PAY00004983,CLM0006957,2022-03-30,9205.54,Completed,Bank Transfer
PAY00004984,CLM0006957,2022-03-30,2407.86,Completed,Bank Transfer
PAY00004985,CLM0006958,2025-11-21,26368.97,Completed,Bank Transfer
PAY00004986,CLM0006963,2024-11-22,3067.9,Completed,Bank Transfer
PAY00004987,CLM0006965,2024-01-13,7268.42,Completed,Bank Transfer
PAY00004988,CLM0006966,2023-04-04,41198.75,Completed,Online
PAY00004989,CLM0006967,2023-12-26,37566.55,Completed,Online
PAY00004990,CLM0006969,2024-02-24,3257.51,Pending,Bank Transfer
PAY00004991,CLM0006969,2024-02-24,9696.18,Completed,Cheque
PAY00004992,CLM0006970,2022-08-05,383.13,Completed,Bank Transfer
PAY00004993,CLM0006970,2022-08-05,34264.7,Completed,Online
PAY00004994,CLM0006974,2026-10-03,17501.82,Pending,Bank Transfer
PAY00004995,CLM0006974,2026-10-03,438.27,Completed,Bank Transfer
PAY00004996,CLM0006975,2025-05-02,1000.05,Completed,Bank Transfer
PAY00004997,CLM0006975,2025-05-02,14471.25,Completed,Online
PAY00004998,CLM0006976,2024-09-14,35143.23,Pending,Online
PAY00004999,CLM0006977,2022-12-25,7869.91,Completed,Online
PAY00005000,CLM0006979,2023-08-13,17394.07,Completed,Online
PAY00005001,CLM0006983,2022-07-27,3562.37,Completed,Online
PAY00005002,CLM0006984,2025-06-13,1660.15,Completed,Bank Transfer
PAY00005003,CLM0006987,2023-11-01,19794.32,Completed,Bank Transfer
PAY00005004,CLM0006988,2025-06-03,4713.67,Completed,Bank Transfer
PAY00005005,CLM0006989,2023-02-05,1844.17,Completed,Cheque
PAY00005006,CLM0006989,2023-02-05,2706.31,Completed,Bank Transfer
PAY00005007,CLM0006994,2025-11-12,7156.93,Completed,Bank Transfer
PAY00005008,CLM0006995,2024-06-15,21563.41,Completed,Bank Transfer
PAY00005009,CLM0006996,2023-10-03,4931.22,Pending,Online
PAY00005010,CLM0006996,2023-10-03,1107.58,Completed,Bank Transfer
PAY00005011,CLM0006998,2024-08-01,8655.47,Completed,Bank Transfer
PAY00005012,CLM0006998,2024-08-01,2990.41,Completed,Bank Transfer
PAY00005013,CLM0007000,2024-10-14,10271,Pending,Bank Transfer
PAY00005014,CLM0007001,2022-08-24,18683.56,Completed,Online
PAY00005015,CLM0007003,2025-07-10,33975.74,Completed,Bank Transfer
PAY00005016,CLM0007004,2024-11-26,26.49,Completed,Bank Transfer
PAY00005017,CLM0007004,2024-11-26,10070.73,Pending,Online
PAY00005018,CLM0007005,2025-09-05,22227.23,Completed,Online
PAY00005019,CLM0007006,2023-10-02,9800.72,Completed,Bank Transfer
PAY00005020,CLM0007007,2022-04-23,39874.65,Completed,Online
PAY00005021,CLM0007010,2022-05-20,16650.77,Completed,Online
PAY00005022,CLM0007010,2022-05-20,6835.06,Completed,Bank Transfer
PAY00005023,CLM0007011,2022-05-08,12065.7,Completed,Bank Transfer
PAY00005024,CLM0007014,2025-12-19,19305.45,Completed,Bank Transfer
PAY00005025,CLM0007014,2025-12-19,13377.63,Completed,Bank Transfer
PAY00005026,CLM0007015,2023-06-01,15964.18,Completed,Online
PAY00005027,CLM0007016,2025-06-23,19299.86,Completed,Bank Transfer
PAY00005028,CLM0007018,2023-12-27,14432.36,Completed,Online
PAY00005029,CLM0007021,2024-10-27,20814.34,Completed,Bank Transfer
PAY00005030,CLM0007022,2022-06-17,19257.75,Completed,Bank Transfer
PAY00005031,CLM0007023,2025-08-16,57795.5,Completed,Cheque
PAY00005032,CLM0007028,2023-06-01,2530.22,Pending,Bank Transfer
PAY00005033,CLM0007029,2022-11-04,10991.23,Completed,Bank Transfer
PAY00005034,CLM0007029,2022-11-04,2077.59,Completed,Online
PAY00005035,CLM0007030,2025-04-30,297.86,Completed,Online
PAY00005036,CLM0007030,2025-04-30,9928.18,Completed,Bank Transfer
PAY00005037,CLM0007034,2022-04-06,8242.6,Completed,Bank Transfer
PAY00005038,CLM0007039,2023-01-16,17823.02,Completed,Cheque
PAY00005039,CLM0007039,2023-01-16,11700.19,Completed,Bank Transfer
PAY00005040,CLM0007041,2025-06-13,14466.85,Completed,Bank Transfer
PAY00005041,CLM0007043,2024-08-15,8409.45,Completed,Bank Transfer
PAY00005042,CLM0007045,2022-10-02,8396.51,Completed,Online
PAY00005043,CLM0007046,2023-09-18,1049.01,Completed,Cheque
PAY00005044,CLM0007046,2023-09-18,12099.24,Completed,Cheque
PAY00005045,CLM0007048,2023-12-24,2610.18,Completed,Bank Transfer
PAY00005046,CLM0007049,2023-10-23,4270.7,Completed,Bank Transfer
PAY00005047,CLM0007050,2025-11-27,133737.62,Completed,Online
PAY00005048,CLM0007051,2025-04-29,20084.75,Pending,Bank Transfer
PAY00005049,CLM0007053,2024-09-23,2680.11,Completed,Online
PAY00005050,CLM0007053,2024-09-23,5067.11,Completed,Bank Transfer
PAY00005051,CLM0007056,2025-01-26,26661.28,Completed,Online
PAY00005052,CLM0007059,2022-06-28,31558.68,Completed,Bank Transfer
PAY00005053,CLM0007059,2022-06-28,32494.56,Pending,Bank Transfer
PAY00005054,CLM0007060,2025-03-27,4755.37,Completed,Bank Transfer
PAY00005055,CLM0007061,2023-05-24,12938.8,Completed,Bank Transfer
PAY00005056,CLM0007061,2023-05-24,12226.44,Completed,Bank Transfer
PAY00005057,CLM0007062,2024-10-04,1974.82,Completed,Bank Transfer
PAY00005058,CLM0007063,2026-01-03,22113.79,Completed,Bank Transfer
PAY00005059,CLM0007065,2025-05-11,60111.34,Completed,Online
PAY00005060,CLM0007067,2025-09-03,22796.46,Completed,Online
PAY00005061,CLM0007068,2024-10-27,27021.42,Completed,Bank Transfer
PAY00005062,CLM0007069,2026-11-02,5641.62,Pending,Bank Transfer
PAY00005063,CLM0007071,2025-04-18,21865.32,Completed,Bank Transfer
PAY00005064,CLM0007071,2025-04-18,871.39,Completed,Bank Transfer
PAY00005065,CLM0007074,2023-03-30,12609.97,Completed,Bank Transfer
PAY00005066,CLM0007076,2025-08-30,8299.07,Completed,Online
PAY00005067,CLM0007076,2025-08-30,186.55,Completed,Online
PAY00005068,CLM0007077,2026-10-01,7218.46,Completed,Bank Transfer
PAY00005069,CLM0007078,2022-04-04,4718.43,Completed,Cheque
PAY00005070,CLM0007078,2022-04-04,10942.37,Completed,Bank Transfer
PAY00005071,CLM0007081,2024-10-26,1000.9,Completed,Bank Transfer
PAY00005072,CLM0007081,2024-10-26,14255.63,Completed,Online
PAY00005073,CLM0007082,2026-02-01,22188.62,Completed,Online
PAY00005074,CLM0007083,2024-10-17,58.55,Completed,Bank Transfer
PAY00005075,CLM0007083,2024-10-17,4494.51,Completed,Bank Transfer
PAY00005076,CLM0007085,2024-12-09,5926.6,Completed,Bank Transfer
PAY00005077,CLM0007086,2025-05-23,13393.3,Completed,Bank Transfer
PAY00005078,CLM0007087,2025-06-20,5322.42,Completed,Cheque
PAY00005079,CLM0007088,2025-07-22,22246.2,Completed,Online
PAY00005080,CLM0007091,2022-09-30,1178.48,Completed,Bank Transfer
PAY00005081,CLM0007092,2023-07-21,61667.78,Completed,Online
PAY00005082,CLM0007093,2024-06-09,1555.39,Completed,Bank Transfer
PAY00005083,CLM0007094,2024-06-28,3113.46,Completed,Bank Transfer
PAY00005084,CLM0007094,2024-06-28,19677.72,Completed,Bank Transfer
PAY00005085,CLM0007096,2023-02-01,57137.45,Completed,Online
PAY00005086,CLM0007097,2023-02-10,25489.27,Completed,Bank Transfer
PAY00005087,CLM0007099,2023-03-26,8298.82,Pending,Bank Transfer
PAY00005088,CLM0007101,2024-09-20,8841.11,Completed,Online
PAY00005089,CLM0007101,2024-09-20,16689.43,Completed,Cheque
PAY00005090,CLM0007106,2023-10-19,262.52,Completed,Bank Transfer
PAY00005091,CLM0007106,2023-10-19,2684.47,Pending,Online
PAY00005092,CLM0007108,2022-12-09,43304.16,Completed,Bank Transfer
PAY00005093,CLM0007108,2022-12-09,1889.16,Completed,Bank Transfer
PAY00005094,CLM0007109,2022-05-02,19372.01,Completed,Bank Transfer
PAY00005095,CLM0007110,2025-10-08,11034.64,Completed,Bank Transfer
PAY00005096,CLM0007111,2022-01-07,7682.83,Completed,Bank Transfer
PAY00005097,CLM0007112,2022-10-04,18651.93,Completed,Bank Transfer
PAY00005098,CLM0007113,2024-02-04,20763.34,Completed,Bank Transfer
PAY00005099,CLM0007114,2023-08-09,24239.97,Completed,Online
PAY00005100,CLM0007115,2026-06-01,56282.06,Completed,Bank Transfer
PAY00005101,CLM0007119,2025-03-28,3600.94,Completed,Bank Transfer
PAY00005102,CLM0007119,2025-03-28,16333.37,Completed,Bank Transfer
PAY00005103,CLM0007120,2022-02-25,1576.19,Completed,Cheque
PAY00005104,CLM0007121,2025-06-04,31998.06,Completed,Bank Transfer
PAY00005105,CLM0007124,2025-03-24,15723.25,Completed,Bank Transfer
PAY00005106,CLM0007126,2025-09-25,22471.53,Completed,Cheque
PAY00005107,CLM0007127,2025-10-28,25957.34,Pending,Online
PAY00005108,CLM0007130,2023-12-22,1972.31,Completed,Bank Transfer
PAY00005109,CLM0007130,2023-12-22,2375.47,Completed,Bank Transfer
PAY00005110,CLM0007132,2024-02-26,13579.39,Completed,Bank Transfer
PAY00005111,CLM0007136,2024-06-30,8800.34,Completed,Online
PAY00005112,CLM0007137,2024-06-25,13332.84,Completed,Bank Transfer
PAY00005113,CLM0007137,2024-06-25,382.51,Completed,Bank Transfer
PAY00005114,CLM0007138,2025-01-25,4664.49,Completed,Bank Transfer
PAY00005115,CLM0007138,2025-01-25,11630.8,Completed,Bank Transfer
PAY00005116,CLM0007139,2024-07-20,712.31,Completed,Online
PAY00005117,CLM0007139,2024-07-20,9473.66,Completed,Online
PAY00005118,CLM0007141,2023-03-24,135110.12,Completed,Online
PAY00005119,CLM0007147,2022-04-11,45784.44,Completed,Bank Transfer
PAY00005120,CLM0007148,2023-04-11,16204.56,Completed,Bank Transfer
PAY00005121,CLM0007151,2022-08-20,11581.15,Completed,Bank Transfer
PAY00005122,CLM0007152,2023-08-05,5449.68,Completed,Bank Transfer
PAY00005123,CLM0007153,2024-12-21,6701.99,Completed,Bank Transfer
PAY00005124,CLM0007157,2023-03-08,26502.52,Completed,Bank Transfer
PAY00005125,CLM0007157,2023-03-08,796.85,Pending,Online
PAY00005126,CLM0007158,2025-10-03,64591.6,Completed,Online
PAY00005127,CLM0007159,2022-11-12,2102.81,Completed,Bank Transfer
PAY00005128,CLM0007159,2022-11-12,5550.33,Completed,Online
PAY00005129,CLM0007160,2023-10-15,15551.06,Completed,Online
PAY00005130,CLM0007163,2025-11-13,5155.72,Completed,Online
PAY00005131,CLM0007163,2025-11-13,29123.83,Completed,Cheque
PAY00005132,CLM0007164,2025-04-02,22230.96,Completed,Online
PAY00005133,CLM0007165,2023-06-05,1127.52,Completed,Bank Transfer
PAY00005134,CLM0007165,2023-06-05,21489.44,Completed,Online
PAY00005135,CLM0007168,2023-03-31,21612.98,Completed,Bank Transfer
PAY00005136,CLM0007170,2025-05-03,11181.82,Completed,Bank Transfer
PAY00005137,CLM0007173,2022-05-05,38087.66,Completed,Online
PAY00005138,CLM0007174,2025-08-11,7490.7,Completed,Online
PAY00005139,CLM0007175,2025-01-25,12912.04,Completed,Bank Transfer
PAY00005140,CLM0007177,2023-08-12,20684.8,Completed,Bank Transfer
PAY00005141,CLM0007178,2024-09-08,5286.06,Pending,Bank Transfer
PAY00005142,CLM0007184,2025-03-04,14018.85,Completed,Bank Transfer
PAY00005143,CLM0007185,2024-01-29,7451.66,Completed,Bank Transfer
PAY00005144,CLM0007187,2023-11-16,50128.11,Completed,Bank Transfer
PAY00005145,CLM0007188,2024-07-29,32166.01,Completed,Bank Transfer
PAY00005146,CLM0007191,2024-09-16,10166.81,Completed,Bank Transfer
PAY00005147,CLM0007192,2023-04-15,53784.7,Completed,Bank Transfer
PAY00005148,CLM0007192,2023-04-15,16749.85,Completed,Bank Transfer
PAY00005149,CLM0007194,2025-09-27,40091.38,Completed,Cheque
PAY00005150,CLM0007194,2025-09-27,1119.72,Completed,Online
PAY00005151,CLM0007195,2025-06-21,11337.5,Pending,Bank Transfer
PAY00005152,CLM0007197,2022-05-27,9659.93,Completed,Online
PAY00005153,CLM0007197,2022-05-27,13259.07,Completed,Online
PAY00005154,CLM0007198,2023-01-14,108493.35,Pending,Bank Transfer
PAY00005155,CLM0007200,2023-11-10,38643.41,Completed,Bank Transfer
PAY00005156,CLM0007201,2025-09-10,18020.04,Completed,Bank Transfer
PAY00005157,CLM0007201,2025-09-10,738.65,Completed,Bank Transfer
PAY00005158,CLM0007203,2022-11-23,13159.64,Completed,Bank Transfer
PAY00005159,CLM0007204,2025-01-01,1638.71,Completed,Bank Transfer
PAY00005160,CLM0007204,2025-01-01,10295.64,Completed,Bank Transfer
PAY00005161,CLM0007207,2023-07-23,4196.34,Completed,Online
PAY00005162,CLM0007208,2025-07-21,11770.66,Completed,Bank Transfer
PAY00005163,CLM0007208,2025-07-21,28038.12,Completed,Bank Transfer
PAY00005164,CLM0007209,2023-06-22,16523.02,Completed,Cheque
PAY00005165,CLM0007209,2023-06-22,8556.23,Completed,Bank Transfer
PAY00005166,CLM0007211,2022-08-28,3481.05,Completed,Bank Transfer
PAY00005167,CLM0007212,2025-07-04,5517.22,Completed,Bank Transfer
PAY00005168,CLM0007214,2023-12-24,8793.23,Completed,Bank Transfer
PAY00005169,CLM0007215,2025-02-25,24691.92,Completed,Online
PAY00005170,CLM0007215,2025-02-25,40145.31,Completed,Bank Transfer
PAY00005171,CLM0007216,2025-11-20,6456.05,Completed,Cheque
PAY00005172,CLM0007217,2023-01-16,10276.35,Completed,Bank Transfer
PAY00005173,CLM0007217,2023-01-16,6029.09,Completed,Bank Transfer
PAY00005174,CLM0007219,2025-01-09,1272.74,Completed,Online
PAY00005175,CLM0007219,2025-01-09,4499.01,Completed,Cheque
PAY00005176,CLM0007223,2023-10-21,4211.81,Completed,Bank Transfer
PAY00005177,CLM0007223,2023-10-21,9319.31,Completed,Online
PAY00005178,CLM0007224,2025-05-23,104587.42,Completed,Bank Transfer
PAY00005179,CLM0007225,2024-05-29,67204.95,Completed,Bank Transfer
PAY00005180,CLM0007226,2025-11-08,10831.92,Pending,Bank Transfer
PAY00005181,CLM0007229,2025-06-11,24274.13,Pending,Bank Transfer
PAY00005182,CLM0007230,2024-11-14,21358.92,Completed,Online
PAY00005183,CLM0007233,2024-05-11,4346.59,Completed,Bank Transfer
PAY00005184,CLM0007233,2024-05-11,4305.26,Completed,Bank Transfer
PAY00005185,CLM0007234,2022-08-15,31047.2,Completed,Bank Transfer
PAY00005186,CLM0007235,2023-01-07,19659.11,Completed,Cheque
PAY00005187,CLM0007237,2025-11-17,1076.97,Pending,Bank Transfer
PAY00005188,CLM0007237,2025-11-17,9825.72,Pending,Bank Transfer
PAY00005189,CLM0007242,2022-12-22,2197.16,Completed,Bank Transfer
PAY00005190,CLM0007242,2022-12-22,4194.94,Completed,Bank Transfer
PAY00005191,CLM0007243,2022-06-18,54168.14,Completed,Online
PAY00005192,CLM0007246,2024-06-17,24610.46,Completed,Cheque
PAY00005193,CLM0007247,2024-01-12,21203.99,Completed,Bank Transfer
PAY00005194,CLM0007248,2022-12-08,40981.53,Completed,Cheque
PAY00005195,CLM0007249,2025-09-15,22714.63,Completed,Bank Transfer
PAY00005196,CLM0007249,2025-09-15,26560.66,Pending,Bank Transfer
PAY00005197,CLM0007250,2022-09-20,17151.29,Completed,Bank Transfer
PAY00005198,CLM0007250,2022-09-20,5326.22,Completed,Bank Transfer
PAY00005199,CLM0007252,2024-11-02,22899.46,Completed,Online
PAY00005200,CLM0007261,2025-04-10,7939.72,Completed,Online
PAY00005201,CLM0007261,2025-04-10,1984.96,Completed,Bank Transfer
PAY00005202,CLM0007263,2024-01-29,120621.75,Completed,Bank Transfer
PAY00005203,CLM0007263,2024-01-29,35572.69,Completed,Bank Transfer
PAY00005204,CLM0007264,2025-01-11,13323.98,Completed,Bank Transfer
PAY00005205,CLM0007264,2025-01-11,13686.19,Completed,Bank Transfer
PAY00005206,CLM0007265,2025-04-10,2277.57,Completed,Bank Transfer
PAY00005207,CLM0007265,2025-04-10,3664.45,Completed,Bank Transfer
PAY00005208,CLM0007267,2024-10-02,66744.26,Completed,Bank Transfer
PAY00005209,CLM0007270,2024-07-07,8581.36,Completed,Bank Transfer
PAY00005210,CLM0007270,2024-07-07,7084.25,Completed,Online
PAY00005211,CLM0007273,2025-08-06,7497.68,Completed,Bank Transfer
PAY00005212,CLM0007276,2023-07-10,18875.27,Completed,Bank Transfer
PAY00005213,CLM0007277,2025-10-31,1446.62,Pending,Online
PAY00005214,CLM0007277,2025-10-31,5432.28,Completed,Bank Transfer
PAY00005215,CLM0007279,2024-05-18,31586.83,Completed,Bank Transfer
PAY00005216,CLM0007280,2025-10-12,3021.7,Completed,Bank Transfer
PAY00005217,CLM0007280,2025-10-12,1347.63,Completed,Bank Transfer
PAY00005218,CLM0007281,2025-10-06,4847.46,Completed,Bank Transfer
PAY00005219,CLM0007284,2025-10-26,27306.17,Completed,Bank Transfer
PAY00005220,CLM0007284,2025-10-26,33497.38,Completed,Bank Transfer
PAY00005221,CLM0007285,2024-07-04,22106.6,Completed,Online
PAY00005222,CLM0007286,2022-10-29,18862.41,Completed,Bank Transfer
PAY00005223,CLM0007287,2025-09-29,30963.6,Completed,Bank Transfer
PAY00005224,CLM0007288,2025-11-12,6392.58,Completed,Bank Transfer
PAY00005225,CLM0007288,2025-11-12,933.16,Pending,Bank Transfer
PAY00005226,CLM0007290,2025-02-26,23582.08,Completed,Online
PAY00005227,CLM0007291,2024-03-31,17338.93,Completed,Bank Transfer
PAY00005228,CLM0007291,2024-03-31,8566.46,Completed,Bank Transfer
PAY00005229,CLM0007296,2023-12-28,34928.11,Completed,Bank Transfer
PAY00005230,CLM0007297,2024-02-19,12439.61,Completed,Bank Transfer
PAY00005231,CLM0007298,2022-12-22,12793.39,Completed,Bank Transfer
PAY00005232,CLM0007300,2025-04-28,11299.72,Pending,Bank Transfer
PAY00005233,CLM0007302,2023-03-07,21739.44,Completed,Bank Transfer
PAY00005234,CLM0007303,2024-08-28,13642.82,Completed,Cheque
PAY00005235,CLM0007304,2024-05-17,2302.67,Pending,Bank Transfer
PAY00005236,CLM0007304,2024-05-17,4189.66,Completed,Online
PAY00005237,CLM0007306,2023-07-29,24430.72,Completed,Bank Transfer
PAY00005238,CLM0007310,2022-12-19,11683.89,Completed,Bank Transfer
PAY00005239,CLM0007311,2023-02-19,6723.29,Completed,Bank Transfer
PAY00005240,CLM0007318,2024-03-24,6951.67,Completed,Online
PAY00005241,CLM0007319,2022-02-02,2965.27,Completed,Bank Transfer
PAY00005242,CLM0007319,2022-02-02,2451.43,Completed,Bank Transfer
PAY00005243,CLM0007320,2023-11-12,12245.4,Completed,Cheque
PAY00005244,CLM0007322,2022-05-31,5587.73,Completed,Online
PAY00005245,CLM0007322,2022-05-31,9745.76,Completed,Bank Transfer
PAY00005246,CLM0007327,2025-11-07,14840.23,Completed,Bank Transfer
PAY00005247,CLM0007328,2025-03-20,19826.53,Completed,Bank Transfer
PAY00005248,CLM0007329,2025-08-06,26783.9,Completed,Cheque
PAY00005249,CLM0007330,2023-11-25,32382.21,Completed,Online
PAY00005250,CLM0007331,2022-02-11,1684.33,Completed,Bank Transfer
PAY00005251,CLM0007331,2022-02-11,1701.07,Completed,Online
PAY00005252,CLM0007332,2023-02-19,57197.06,Completed,Bank Transfer
PAY00005253,CLM0007333,2022-11-16,33552.57,Completed,Bank Transfer
PAY00005254,CLM0007335,2026-09-01,15275.93,Completed,Bank Transfer
PAY00005255,CLM0007336,2022-09-13,106444.23,Completed,Cheque
PAY00005256,CLM0007338,2022-09-03,9223.59,Completed,Cheque
PAY00005257,CLM0007342,2025-07-01,16189.08,Completed,Bank Transfer
PAY00005258,CLM0007345,2022-11-11,81122.77,Completed,Bank Transfer
PAY00005259,CLM0007346,2022-08-19,1766.93,Completed,Bank Transfer
PAY00005260,CLM0007346,2022-08-19,28476.5,Completed,Bank Transfer
PAY00005261,CLM0007348,2024-04-09,5374.21,Completed,Online
PAY00005262,CLM0007349,2024-02-08,13221.05,Completed,Bank Transfer
PAY00005263,CLM0007349,2024-02-08,12197.06,Completed,Bank Transfer
PAY00005264,CLM0007351,2022-11-09,3930.87,Completed,Bank Transfer
PAY00005265,CLM0007351,2022-11-09,1844.43,Completed,Cheque
PAY00005266,CLM0007352,2022-01-04,9987.78,Completed,Bank Transfer
PAY00005267,CLM0007352,2022-01-04,14783.92,Completed,Bank Transfer
PAY00005268,CLM0007353,2025-01-26,12810.01,Completed,Online
PAY00005269,CLM0007355,2023-09-17,15046.77,Completed,Bank Transfer
PAY00005270,CLM0007356,2023-04-02,1162.34,Completed,Cheque
PAY00005271,CLM0007356,2023-04-02,2507.87,Completed,Bank Transfer
PAY00005272,CLM0007357,2025-06-30,40172.24,Completed,Bank Transfer
PAY00005273,CLM0007358,2022-10-13,4065.2,Completed,Cheque
PAY00005274,CLM0007358,2022-10-13,7772.31,Completed,Bank Transfer
PAY00005275,CLM0007359,2025-03-15,67017.33,Completed,Online
PAY00005276,CLM0007360,2025-08-26,5594.21,Completed,Online
PAY00005277,CLM0007368,2024-05-11,7443.03,Completed,Bank Transfer
PAY00005278,CLM0007368,2024-05-11,13302.55,Pending,Bank Transfer
PAY00005279,CLM0007369,2024-01-03,7700.84,Completed,Online
PAY00005280,CLM0007372,2022-01-10,35728.67,Completed,Bank Transfer
PAY00005281,CLM0007373,2023-09-01,11938.88,Completed,Online
PAY00005282,CLM0007373,2023-09-01,1528.86,Completed,Online
PAY00005283,CLM0007377,2024-08-23,19419.28,Completed,Online
PAY00005284,CLM0007379,2025-05-27,23737.66,Completed,Bank Transfer
PAY00005285,CLM0007379,2025-05-27,28698.33,Completed,Bank Transfer
PAY00005286,CLM0007382,2024-11-04,26513.54,Completed,Online
PAY00005287,CLM0007383,2025-03-16,40848.39,Completed,Bank Transfer
PAY00005288,CLM0007385,2023-10-31,14663.94,Completed,Bank Transfer
PAY00005289,CLM0007387,2022-08-11,24678.94,Completed,Bank Transfer
PAY00005290,CLM0007389,2023-05-08,21156.12,Completed,Cheque
PAY00005291,CLM0007390,2023-02-21,939.33,Completed,Bank Transfer
PAY00005292,CLM0007390,2023-02-21,623.64,Completed,Bank Transfer
PAY00005293,CLM0007392,2022-01-06,68866.07,Completed,Cheque
PAY00005294,CLM0007393,2023-04-10,47766.22,Completed,Bank Transfer
PAY00005295,CLM0007394,2022-10-14,13022.9,Completed,Cheque
PAY00005296,CLM0007395,2022-09-29,14559.17,Completed,Cheque
PAY00005297,CLM0007396,2022-10-15,14155.08,Completed,Cheque
PAY00005298,CLM0007398,2023-09-21,24776.95,Completed,Bank Transfer
PAY00005299,CLM0007399,2023-01-25,22673.38,Completed,Bank Transfer
PAY00005300,CLM0007400,2026-02-21,13286.66,Completed,Cheque
PAY00005301,CLM0007401,2025-01-22,6958.72,Completed,Cheque
PAY00005302,CLM0007401,2025-01-22,580.71,Completed,Online
PAY00005303,CLM0007404,2024-03-09,10356.3,Completed,Bank Transfer
PAY00005304,CLM0007405,2023-03-22,13110.8,Completed,Online
PAY00005305,CLM0007406,2024-08-28,30611.09,Completed,Online
PAY00005306,CLM0007406,2024-08-28,2575.23,Completed,Bank Transfer
PAY00005307,CLM0007408,2025-10-04,27043.28,Completed,Bank Transfer
PAY00005308,CLM0007410,2026-05-01,6571.01,Completed,Bank Transfer
PAY00005309,CLM0007412,2022-10-26,23505.99,Completed,Online
PAY00005310,CLM0007414,2025-12-14,654.51,Completed,Bank Transfer
PAY00005311,CLM0007414,2025-12-14,2116.55,Completed,Online
PAY00005312,CLM0007415,2022-12-04,6006.26,Completed,Bank Transfer
PAY00005313,CLM0007415,2022-12-04,35404.55,Completed,Cheque
PAY00005314,CLM0007416,2022-04-21,28808.69,Pending,Cheque
PAY00005315,CLM0007421,2022-12-02,13017.56,Completed,Online
PAY00005316,CLM0007423,2023-01-01,4343.57,Completed,Bank Transfer
PAY00005317,CLM0007424,2024-03-08,14155.65,Completed,Bank Transfer
PAY00005318,CLM0007425,2025-01-05,50470.47,Completed,Cheque
PAY00005319,CLM0007426,2022-12-02,9341.48,Completed,Bank Transfer
PAY00005320,CLM0007428,2025-10-02,27398.71,Completed,Bank Transfer
PAY00005321,CLM0007429,2023-01-18,33415.68,Completed,Online
PAY00005322,CLM0007430,2023-12-19,3918.99,Completed,Bank Transfer
PAY00005323,CLM0007431,2024-07-31,23349.36,Completed,Bank Transfer
PAY00005324,CLM0007432,2025-10-17,11993.89,Completed,Bank Transfer
PAY00005325,CLM0007433,2025-09-11,20445.41,Completed,Bank Transfer
PAY00005326,CLM0007437,2023-03-08,3538.86,Completed,Online
PAY00005327,CLM0007438,2023-11-07,4921.82,Completed,Bank Transfer
PAY00005328,CLM0007439,2023-09-10,29134.21,Completed,Cheque
PAY00005329,CLM0007441,2022-04-25,28910.13,Completed,Bank Transfer
PAY00005330,CLM0007443,2025-09-27,16765.75,Completed,Bank Transfer
PAY00005331,CLM0007444,2022-10-14,52240.97,Completed,Online
PAY00005332,CLM0007445,2025-04-03,11548.56,Completed,Online
PAY00005333,CLM0007446,2022-01-11,20330.93,Completed,Bank Transfer
PAY00005334,CLM0007448,2025-10-30,8311.59,Completed,Online
PAY00005335,CLM0007448,2025-10-30,46469.8,Completed,Bank Transfer
PAY00005336,CLM0007449,2022-01-23,38015.39,Completed,Bank Transfer
PAY00005337,CLM0007450,2024-08-11,8001.32,Completed,Bank Transfer
PAY00005338,CLM0007455,2023-10-23,8655.63,Pending,Bank Transfer
PAY00005339,CLM0007458,2025-09-03,7792.96,Completed,Online
PAY00005340,CLM0007459,2022-08-28,28696.95,Completed,Bank Transfer
PAY00005341,CLM0007461,2024-08-05,13719.96,Completed,Bank Transfer
PAY00005342,CLM0007463,2024-12-23,22145.01,Pending,Cheque
PAY00005343,CLM0007464,2025-10-24,44854.27,Completed,Cheque
PAY00005344,CLM0007466,2022-09-24,7344.4,Completed,Bank Transfer
PAY00005345,CLM0007471,2023-03-26,22635.05,Completed,Online
PAY00005346,CLM0007473,2024-11-25,4014.87,Completed,Online
PAY00005347,CLM0007473,2024-11-25,8963.88,Completed,Bank Transfer
PAY00005348,CLM0007475,2023-01-06,8926.79,Completed,Bank Transfer
PAY00005349,CLM0007475,2023-01-06,3497.6,Completed,Bank Transfer
PAY00005350,CLM0007476,2025-12-27,9576.73,Completed,Cheque
PAY00005351,CLM0007477,2023-05-15,21715.8,Completed,Cheque
PAY00005352,CLM0007477,2023-05-15,32232.35,Completed,Bank Transfer
PAY00005353,CLM0007478,2025-11-26,313.14,Completed,Online
PAY00005354,CLM0007478,2025-11-26,9136.22,Completed,Bank Transfer
PAY00005355,CLM0007479,2024-10-02,340.71,Completed,Online
PAY00005356,CLM0007479,2024-10-02,12531.13,Completed,Bank Transfer
PAY00005357,CLM0007480,2023-06-01,3284.22,Completed,Cheque
PAY00005358,CLM0007480,2023-06-01,9846.14,Pending,Bank Transfer
PAY00005359,CLM0007481,2025-11-19,19469.07,Completed,Online
PAY00005360,CLM0007482,2023-04-22,19566.27,Pending,Bank Transfer
PAY00005361,CLM0007485,2025-05-19,12714.22,Completed,Bank Transfer
PAY00005362,CLM0007488,2024-09-21,66181.32,Completed,Online
PAY00005363,CLM0007489,2023-07-29,21173.1,Completed,Bank Transfer
PAY00005364,CLM0007492,2024-03-13,44694.47,Completed,Bank Transfer
PAY00005365,CLM0007493,2025-12-18,1968.22,Completed,Bank Transfer
PAY00005366,CLM0007494,2023-06-10,35254.11,Completed,Bank Transfer
PAY00005367,CLM0007496,2025-06-25,5365.55,Completed,Bank Transfer
PAY00005368,CLM0007496,2025-06-25,2954.52,Completed,Online
PAY00005369,CLM0007497,2023-07-21,6405.56,Completed,Bank Transfer
PAY00005370,CLM0007500,2024-09-03,5797.2,Completed,Bank Transfer
PAY00005371,CLM0007502,2022-04-12,14278.05,Completed,Bank Transfer
PAY00005372,CLM0007505,2023-07-17,9386.97,Completed,Bank Transfer
PAY00005373,CLM0007506,2023-10-26,2984.92,Completed,Bank Transfer
PAY00005374,CLM0007509,2024-04-30,47585.34,Completed,Online
PAY00005375,CLM0007511,2022-09-18,2719,Pending,Bank Transfer
PAY00005376,CLM0007511,2022-09-18,1723.56,Completed,Bank Transfer
PAY00005377,CLM0007513,2025-04-02,24256.32,Completed,Bank Transfer
PAY00005378,CLM0007514,2023-03-27,3343.77,Completed,Bank Transfer
PAY00005379,CLM0007514,2023-03-27,1188.31,Completed,Cheque
PAY00005380,CLM0007516,2023-07-25,475.95,Completed,Bank Transfer
PAY00005381,CLM0007516,2023-07-25,19614.52,Completed,Bank Transfer
PAY00005382,CLM0007520,2024-11-21,9973.9,Completed,Bank Transfer
PAY00005383,CLM0007523,2025-05-08,16456.61,Completed,Bank Transfer
PAY00005384,CLM0007524,2022-11-10,16001.46,Completed,Online
PAY00005385,CLM0007527,2023-01-17,12697.17,Completed,Bank Transfer
PAY00005386,CLM0007528,2023-08-08,23236.72,Completed,Bank Transfer
PAY00005387,CLM0007530,2023-04-17,1434.4,Completed,Online
PAY00005388,CLM0007530,2023-04-17,7635.32,Completed,Bank Transfer
PAY00005389,CLM0007531,2024-10-13,9305.89,Pending,Bank Transfer
PAY00005390,CLM0007531,2024-10-13,12304.26,Completed,Online
PAY00005391,CLM0007532,2024-11-24,4503.93,Completed,Bank Transfer
PAY00005392,CLM0007532,2024-11-24,14328.02,Completed,Online
PAY00005393,CLM0007534,2024-11-20,1934.1,Completed,Bank Transfer
PAY00005394,CLM0007535,2024-12-04,22496.98,Completed,Bank Transfer
PAY00005395,CLM0007537,2023-04-02,35677.01,Pending,Bank Transfer
PAY00005396,CLM0007538,2023-03-18,39493.29,Completed,Bank Transfer
PAY00005397,CLM0007541,2022-08-17,9832.28,Completed,Bank Transfer
PAY00005398,CLM0007544,2024-09-06,28388.37,Completed,Bank Transfer
PAY00005399,CLM0007546,2025-03-04,9914.93,Pending,Online
PAY00005400,CLM0007547,2022-01-08,3630.03,Completed,Bank Transfer
PAY00005401,CLM0007548,2023-09-21,8290.09,Completed,Cheque
PAY00005402,CLM0007548,2023-09-21,13197.98,Completed,Online
PAY00005403,CLM0007549,2026-01-14,20229.5,Completed,Bank Transfer
PAY00005404,CLM0007550,2023-02-24,334.11,Completed,Online
PAY00005405,CLM0007550,2023-02-24,6853.1,Completed,Cheque
PAY00005406,CLM0007551,2025-10-19,35523.67,Pending,Cheque
PAY00005407,CLM0007554,2025-06-10,20181.86,Completed,Bank Transfer
PAY00005408,CLM0007555,2022-03-15,3441.83,Completed,Bank Transfer
PAY00005409,CLM0007556,2022-12-19,7044.95,Completed,Bank Transfer
PAY00005410,CLM0007556,2022-12-19,470.02,Completed,Bank Transfer
PAY00005411,CLM0007558,2024-07-23,5431.55,Completed,Bank Transfer
PAY00005412,CLM0007560,2023-05-31,22623.14,Completed,Bank Transfer
PAY00005413,CLM0007561,2024-07-22,14592.66,Completed,Bank Transfer
PAY00005414,CLM0007563,2024-01-25,43482.9,Completed,Online
PAY00005415,CLM0007565,2024-02-28,25566.08,Completed,Cheque
PAY00005416,CLM0007565,2024-02-28,6980.97,Completed,Online
PAY00005417,CLM0007574,2025-10-13,3645.4,Completed,Bank Transfer
PAY00005418,CLM0007574,2025-10-13,6054.13,Completed,Bank Transfer
PAY00005419,CLM0007576,2025-10-12,14428.92,Completed,Bank Transfer
PAY00005420,CLM0007577,2025-04-08,17209.74,Completed,Bank Transfer
PAY00005421,CLM0007577,2025-04-08,16148.17,Completed,Online
PAY00005422,CLM0007578,2024-03-14,8697.62,Completed,Online
PAY00005423,CLM0007580,2022-02-11,10908.37,Completed,Bank Transfer
PAY00005424,CLM0007582,2025-08-26,25855.48,Completed,Online
PAY00005425,CLM0007583,2026-01-18,23835.68,Completed,Bank Transfer
PAY00005426,CLM0007584,2023-09-04,9728.79,Completed,Bank Transfer
PAY00005427,CLM0007585,2025-05-23,3975.14,Completed,Online
PAY00005428,CLM0007586,2024-03-31,73553.32,Completed,Bank Transfer
PAY00005429,CLM0007587,2025-05-01,8445.97,Completed,Bank Transfer
PAY00005430,CLM0007590,2026-08-02,27086.71,Completed,Bank Transfer
PAY00005431,CLM0007591,2024-06-29,7560.74,Completed,Bank Transfer
PAY00005432,CLM0007591,2024-06-29,7291.56,Completed,Bank Transfer
PAY00005433,CLM0007593,2024-12-29,18219.11,Completed,Online
PAY00005434,CLM0007599,2023-02-18,31882.18,Completed,Bank Transfer
PAY00005435,CLM0007600,2022-03-22,6609.65,Completed,Bank Transfer
PAY00005436,CLM0007605,2023-05-27,742.43,Completed,Bank Transfer
PAY00005437,CLM0007605,2023-05-27,477.41,Completed,Bank Transfer
PAY00005438,CLM0007607,2024-07-26,11425.03,Completed,Bank Transfer
PAY00005439,CLM0007609,2022-05-09,6060.1,Completed,Bank Transfer
PAY00005440,CLM0007610,2024-06-15,911.47,Completed,Bank Transfer
PAY00005441,CLM0007610,2024-06-15,2105.07,Completed,Bank Transfer
PAY00005442,CLM0007613,2023-06-24,20454.42,Completed,Online
PAY00005443,CLM0007614,2025-03-22,42612.79,Completed,Cheque
PAY00005444,CLM0007620,2024-02-09,67088.26,Completed,Online
PAY00005445,CLM0007623,2025-04-18,8087.96,Completed,Bank Transfer
PAY00005446,CLM0007623,2025-04-18,20580.55,Completed,Bank Transfer
PAY00005447,CLM0007624,2022-09-12,11745.28,Completed,Bank Transfer
PAY00005448,CLM0007627,2023-08-20,6399.69,Completed,Bank Transfer
PAY00005449,CLM0007628,2025-02-28,3554.64,Completed,Bank Transfer
PAY00005450,CLM0007630,2025-09-18,12000.79,Completed,Online
PAY00005451,CLM0007631,2025-05-31,4818.17,Completed,Bank Transfer
PAY00005452,CLM0007635,2024-05-13,4767.2,Completed,Bank Transfer
PAY00005453,CLM0007635,2024-05-13,3697.19,Completed,Cheque
PAY00005454,CLM0007637,2023-11-16,33602.14,Completed,Bank Transfer
PAY00005455,CLM0007638,2024-02-10,90209.23,Pending,Bank Transfer
PAY00005456,CLM0007639,2023-12-02,21075.63,Completed,Online
PAY00005457,CLM0007639,2023-12-02,4901.35,Completed,Online
PAY00005458,CLM0007640,2024-03-24,2090.58,Completed,Online
PAY00005459,CLM0007640,2024-03-24,21197.27,Pending,Bank Transfer
PAY00005460,CLM0007644,2022-11-11,2525.31,Completed,Bank Transfer
PAY00005461,CLM0007645,2022-04-07,36329.9,Completed,Bank Transfer
PAY00005462,CLM0007645,2022-04-07,1818.59,Completed,Bank Transfer
PAY00005463,CLM0007646,2022-11-13,38411.8,Completed,Online
PAY00005464,CLM0007647,2022-05-22,27214.63,Completed,Bank Transfer
PAY00005465,CLM0007651,2023-04-18,267.32,Completed,Cheque
PAY00005466,CLM0007651,2023-04-18,53220.98,Completed,Bank Transfer
PAY00005467,CLM0007654,2024-10-29,13526.42,Pending,Online
PAY00005468,CLM0007655,2025-03-06,67625.78,Completed,Bank Transfer
PAY00005469,CLM0007658,2024-02-14,2509.62,Completed,Bank Transfer
PAY00005470,CLM0007658,2024-02-14,4929.81,Completed,Online
PAY00005471,CLM0007659,2022-03-24,11607.06,Completed,Bank Transfer
PAY00005472,CLM0007660,2024-03-15,17511.01,Completed,Bank Transfer
PAY00005473,CLM0007660,2024-03-15,517.88,Completed,Bank Transfer
PAY00005474,CLM0007661,2024-12-31,8478.23,Completed,Online
PAY00005475,CLM0007663,2022-08-05,56414.41,Completed,Bank Transfer
PAY00005476,CLM0007665,2022-09-22,37182.83,Completed,Bank Transfer
PAY00005477,CLM0007665,2022-09-22,7526.32,Completed,Online
PAY00005478,CLM0007666,2025-09-08,12893.66,Completed,Bank Transfer
PAY00005479,CLM0007666,2025-09-08,247.06,Completed,Bank Transfer
PAY00005480,CLM0007667,2025-12-12,26574.89,Completed,Bank Transfer
PAY00005481,CLM0007667,2025-12-12,4302.87,Completed,Cheque
PAY00005482,CLM0007670,2022-03-29,12009.05,Completed,Online
PAY00005483,CLM0007673,2024-09-21,9957.99,Completed,Cheque
PAY00005484,CLM0007674,2023-08-01,5368.83,Completed,Bank Transfer
PAY00005485,CLM0007675,2025-03-17,5899.43,Completed,Bank Transfer
PAY00005486,CLM0007675,2025-03-17,30234.05,Completed,Bank Transfer
PAY00005487,CLM0007676,2023-07-11,8877.81,Completed,Bank Transfer
PAY00005488,CLM0007676,2023-07-11,12503.95,Completed,Bank Transfer
PAY00005489,CLM0007677,2025-05-13,5873.14,Completed,Bank Transfer
PAY00005490,CLM0007681,2024-10-26,18648.77,Pending,Bank Transfer
PAY00005491,CLM0007681,2024-10-26,37682.83,Completed,Bank Transfer
PAY00005492,CLM0007684,2023-08-24,4828.69,Completed,Bank Transfer
PAY00005493,CLM0007687,2022-08-26,10653.19,Completed,Bank Transfer
PAY00005494,CLM0007690,2022-05-23,9409.02,Completed,Bank Transfer
PAY00005495,CLM0007691,2023-04-23,85095.93,Completed,Online
PAY00005496,CLM0007692,2023-09-13,10249.86,Completed,Bank Transfer
PAY00005497,CLM0007692,2023-09-13,3026.26,Completed,Bank Transfer
PAY00005498,CLM0007694,2024-07-31,21863.55,Completed,Bank Transfer
PAY00005499,CLM0007694,2024-07-31,11855.57,Completed,Bank Transfer
PAY00005500,CLM0007695,2025-08-16,6070.04,Pending,Online
PAY00005501,CLM0007697,2022-08-10,11761.99,Completed,Bank Transfer
PAY00005502,CLM0007698,2024-10-11,11527.84,Completed,Online
PAY00005503,CLM0007699,2024-06-30,40991.6,Completed,Cheque
PAY00005504,CLM0007700,2023-07-05,50253.58,Completed,Online
PAY00005505,CLM0007700,2023-07-05,16759.09,Pending,Bank Transfer
PAY00005506,CLM0007702,2025-08-07,1836.69,Completed,Bank Transfer
PAY00005507,CLM0007703,2025-04-17,22227.37,Completed,Bank Transfer
PAY00005508,CLM0007704,2024-01-02,10555.69,Completed,Online
PAY00005509,CLM0007706,2024-02-07,5459.37,Completed,Bank Transfer
PAY00005510,CLM0007706,2024-02-07,9993.48,Pending,Online
PAY00005511,CLM0007707,2022-05-22,6648.22,Completed,Cheque
PAY00005512,CLM0007707,2022-05-22,2616.05,Completed,Online
PAY00005513,CLM0007708,2022-11-18,22207.76,Completed,Cheque
PAY00005514,CLM0007710,2022-12-30,3944.71,Completed,Bank Transfer
PAY00005515,CLM0007714,2025-12-27,14213.5,Completed,Bank Transfer
PAY00005516,CLM0007714,2025-12-27,3913,Completed,Bank Transfer
PAY00005517,CLM0007715,2025-03-24,6167.89,Completed,Bank Transfer
PAY00005518,CLM0007716,2023-07-27,54516.24,Completed,Bank Transfer
PAY00005519,CLM0007717,2023-06-09,12425.52,Completed,Bank Transfer
PAY00005520,CLM0007719,2023-02-10,48270.99,Completed,Online
PAY00005521,CLM0007720,2022-12-07,13762.29,Completed,Bank Transfer
PAY00005522,CLM0007721,2026-01-16,7437.72,Completed,Online
PAY00005523,CLM0007721,2026-01-16,6926.71,Completed,Bank Transfer
PAY00005524,CLM0007722,2024-10-14,10074.23,Completed,Online
PAY00005525,CLM0007723,2025-11-08,236.72,Completed,Bank Transfer
PAY00005526,CLM0007723,2025-11-08,2955.47,Completed,Bank Transfer
PAY00005527,CLM0007726,2024-03-04,21982.75,Completed,Online
PAY00005528,CLM0007728,2022-12-04,3587.37,Completed,Bank Transfer
PAY00005529,CLM0007730,2025-03-12,8625.28,Completed,Bank Transfer
PAY00005530,CLM0007734,2022-02-14,15018.33,Completed,Bank Transfer
PAY00005531,CLM0007734,2022-02-14,3787.89,Completed,Bank Transfer
PAY00005532,CLM0007736,2022-10-15,26805.3,Completed,Bank Transfer
PAY00005533,CLM0007739,2024-12-07,21087.27,Completed,Online
PAY00005534,CLM0007740,2023-08-27,1787.12,Completed,Online
PAY00005535,CLM0007742,2024-11-20,650.21,Completed,Bank Transfer
PAY00005536,CLM0007742,2024-11-20,7956.32,Completed,Cheque
PAY00005537,CLM0007743,2025-06-06,9897.23,Completed,Online
PAY00005538,CLM0007744,2022-07-16,24391.7,Completed,Bank Transfer
PAY00005539,CLM0007747,2026-03-01,51801.9,Completed,Online
PAY00005540,CLM0007748,2024-03-29,57061.66,Completed,Bank Transfer
PAY00005541,CLM0007748,2024-03-29,20172.31,Completed,Online
PAY00005542,CLM0007749,2025-12-06,6059.6,Completed,Bank Transfer
PAY00005543,CLM0007751,2022-01-04,51922.71,Completed,Online
PAY00005544,CLM0007753,2025-07-24,18275.1,Completed,Bank Transfer
PAY00005545,CLM0007753,2025-07-24,7470.14,Completed,Bank Transfer
PAY00005546,CLM0007754,2022-05-23,2609.57,Completed,Bank Transfer
PAY00005547,CLM0007755,2022-01-10,12950.35,Completed,Bank Transfer
PAY00005548,CLM0007756,2023-12-20,20246.08,Completed,Bank Transfer
PAY00005549,CLM0007757,2025-07-15,9466.6,Completed,Online
PAY00005550,CLM0007758,2025-03-01,22294.18,Completed,Cheque
PAY00005551,CLM0007759,2024-11-20,15256.13,Completed,Online
PAY00005552,CLM0007760,2025-03-26,5249.17,Completed,Cheque
PAY00005553,CLM0007762,2023-09-27,26582.45,Completed,Online
PAY00005554,CLM0007764,2023-09-22,8997.97,Completed,Bank Transfer
PAY00005555,CLM0007765,2023-02-15,1562.97,Completed,Online
PAY00005556,CLM0007765,2023-02-15,11618.11,Completed,Online
PAY00005557,CLM0007767,2022-11-11,627.71,Completed,Bank Transfer
PAY00005558,CLM0007767,2022-11-11,1630.94,Completed,Bank Transfer
PAY00005559,CLM0007768,2023-03-16,37473.9,Completed,Online
PAY00005560,CLM0007769,2024-11-13,8486.12,Completed,Bank Transfer
PAY00005561,CLM0007769,2024-11-13,3846.66,Completed,Bank Transfer
PAY00005562,CLM0007770,2024-08-10,4431.07,Completed,Online
PAY00005563,CLM0007771,2022-07-02,4504.24,Completed,Bank Transfer
PAY00005564,CLM0007771,2022-07-02,3279.11,Completed,Cheque
PAY00005565,CLM0007772,2025-08-07,35879.53,Completed,Bank Transfer
PAY00005566,CLM0007776,2023-12-18,6807.09,Completed,Bank Transfer
PAY00005567,CLM0007777,2022-12-16,4900.36,Completed,Bank Transfer
PAY00005568,CLM0007777,2022-12-16,21733.34,Completed,Online
PAY00005569,CLM0007778,2024-11-26,10198.34,Completed,Online
PAY00005570,CLM0007783,2022-07-05,6190.69,Completed,Bank Transfer
PAY00005571,CLM0007785,2023-04-10,9771.56,Completed,Online
PAY00005572,CLM0007787,2023-11-11,5349.17,Completed,Online
PAY00005573,CLM0007793,2023-09-11,18150.05,Completed,Cheque
PAY00005574,CLM0007793,2023-09-11,6498.23,Completed,Online
PAY00005575,CLM0007794,2024-11-07,6067.19,Completed,Bank Transfer
PAY00005576,CLM0007797,2023-12-14,54745.04,Completed,Bank Transfer
PAY00005577,CLM0007798,2023-04-28,40563.89,Completed,Cheque
PAY00005578,CLM0007800,2024-07-01,19173.72,Pending,Online
PAY00005579,CLM0007801,2025-09-14,13979.37,Completed,Bank Transfer
PAY00005580,CLM0007802,2024-12-04,2694.29,Completed,Cheque
PAY00005581,CLM0007802,2024-12-04,1744.21,Completed,Bank Transfer
PAY00005582,CLM0007804,2025-05-19,5425.87,Completed,Bank Transfer
PAY00005583,CLM0007804,2025-05-19,6050.65,Pending,Bank Transfer
PAY00005584,CLM0007805,2024-08-17,4919.96,Completed,Bank Transfer
PAY00005585,CLM0007805,2024-08-17,18728.59,Completed,Bank Transfer
PAY00005586,CLM0007807,2023-12-28,6541.16,Completed,Cheque
PAY00005587,CLM0007808,2024-04-17,9448.04,Completed,Bank Transfer
PAY00005588,CLM0007808,2024-04-17,82.29,Completed,Bank Transfer
PAY00005589,CLM0007809,2023-09-27,2316.13,Completed,Bank Transfer
PAY00005590,CLM0007809,2023-09-27,676.9,Completed,Bank Transfer
PAY00005591,CLM0007811,2023-02-14,31092.76,Completed,Cheque
PAY00005592,CLM0007812,2025-06-07,8806.12,Completed,Bank Transfer
PAY00005593,CLM0007813,2023-04-20,3225.26,Completed,Bank Transfer
PAY00005594,CLM0007813,2023-04-20,8318.86,Completed,Bank Transfer
PAY00005595,CLM0007815,2022-02-10,34601.98,Completed,Bank Transfer
PAY00005596,CLM0007820,2025-06-24,4064.35,Pending,Bank Transfer
PAY00005597,CLM0007822,2024-04-26,8002.66,Completed,Online
PAY00005598,CLM0007823,2024-01-18,6754.24,Completed,Online
PAY00005599,CLM0007826,2023-12-04,7359.89,Pending,Bank Transfer
PAY00005600,CLM0007826,2023-12-04,2016.56,Completed,Bank Transfer
PAY00005601,CLM0007829,2024-03-28,75857.43,Completed,Bank Transfer
PAY00005602,CLM0007830,2022-12-31,25223.68,Completed,Bank Transfer
PAY00005603,CLM0007831,2022-07-25,16854.55,Completed,Bank Transfer
PAY00005604,CLM0007833,2022-04-08,15608.38,Completed,Bank Transfer
PAY00005605,CLM0007833,2022-04-08,34818.13,Completed,Online
PAY00005606,CLM0007834,2024-08-20,28643.75,Completed,Cheque
PAY00005607,CLM0007835,2022-10-27,3942.83,Completed,Cheque
PAY00005608,CLM0007836,2024-03-16,5651.8,Completed,Online
PAY00005609,CLM0007839,2024-09-10,7937.06,Completed,Bank Transfer
PAY00005610,CLM0007839,2024-09-10,6201.49,Completed,Bank Transfer
PAY00005611,CLM0007841,2023-05-18,7482.27,Pending,Online
PAY00005612,CLM0007842,2024-09-07,5559.35,Completed,Online
PAY00005613,CLM0007843,2022-09-29,196.67,Completed,Online
PAY00005614,CLM0007843,2022-09-29,6705.23,Completed,Bank Transfer
PAY00005615,CLM0007844,2025-10-15,18442.93,Pending,Online
PAY00005616,CLM0007845,2023-03-12,41837.04,Completed,Bank Transfer
PAY00005617,CLM0007847,2022-07-29,8498.71,Completed,Bank Transfer
PAY00005618,CLM0007849,2022-05-04,51246.88,Completed,Online
PAY00005619,CLM0007852,2022-03-29,17405.83,Completed,Bank Transfer
PAY00005620,CLM0007852,2022-03-29,3521.87,Completed,Online
PAY00005621,CLM0007853,2024-06-13,14020.73,Completed,Bank Transfer
PAY00005622,CLM0007855,2024-06-24,30690.89,Completed,Bank Transfer
PAY00005623,CLM0007857,2025-10-16,8240.51,Completed,Bank Transfer
PAY00005624,CLM0007858,2024-12-22,2641.61,Completed,Online
PAY00005625,CLM0007860,2023-05-17,7439.48,Completed,Bank Transfer
PAY00005626,CLM0007860,2023-05-17,1205.02,Completed,Bank Transfer
PAY00005627,CLM0007863,2022-10-29,15188.1,Completed,Bank Transfer
PAY00005628,CLM0007867,2023-10-04,21994.16,Completed,Bank Transfer
PAY00005629,CLM0007868,2025-02-09,6764.04,Completed,Online
PAY00005630,CLM0007870,2024-07-30,1704.19,Completed,Online
PAY00005631,CLM0007870,2024-07-30,16150.78,Completed,Bank Transfer
PAY00005632,CLM0007875,2024-11-09,2301.18,Completed,Bank Transfer
PAY00005633,CLM0007875,2024-11-09,2118.49,Completed,Bank Transfer
PAY00005634,CLM0007877,2023-12-24,2500.23,Completed,Bank Transfer
PAY00005635,CLM0007877,2023-12-24,2673.49,Completed,Bank Transfer
PAY00005636,CLM0007881,2022-10-27,20201.12,Completed,Bank Transfer
PAY00005637,CLM0007884,2024-09-20,24363.73,Completed,Bank Transfer
PAY00005638,CLM0007885,2022-05-22,49203.53,Completed,Bank Transfer
PAY00005639,CLM0007888,2022-02-07,24861.19,Completed,Bank Transfer
PAY00005640,CLM0007888,2022-02-07,20620.62,Pending,Bank Transfer
PAY00005641,CLM0007889,2022-10-22,332.62,Completed,Online
PAY00005642,CLM0007889,2022-10-22,9356.02,Completed,Bank Transfer
PAY00005643,CLM0007891,2026-07-01,18432.94,Completed,Bank Transfer
PAY00005644,CLM0007892,2022-08-09,5613.11,Completed,Online
PAY00005645,CLM0007892,2022-08-09,4379.3,Completed,Bank Transfer
PAY00005646,CLM0007894,2024-07-13,72307.59,Completed,Bank Transfer
PAY00005647,CLM0007895,2023-03-03,4909.92,Completed,Bank Transfer
PAY00005648,CLM0007895,2023-03-03,1577.85,Completed,Bank Transfer
PAY00005649,CLM0007896,2025-12-07,20519.65,Completed,Bank Transfer
PAY00005650,CLM0007897,2025-10-13,21256.86,Completed,Bank Transfer
PAY00005651,CLM0007899,2022-01-08,12024.47,Completed,Online
PAY00005652,CLM0007902,2024-07-01,6803.31,Completed,Bank Transfer
PAY00005653,CLM0007905,2026-09-01,24167.53,Completed,Bank Transfer
PAY00005654,CLM0007907,2023-08-28,11659.93,Completed,Cheque
PAY00005655,CLM0007909,2026-08-01,10737.76,Completed,Cheque
PAY00005656,CLM0007912,2022-03-06,3454.65,Completed,Cheque
PAY00005657,CLM0007913,2023-07-08,25887.41,Completed,Online
PAY00005658,CLM0007915,2025-11-25,692.91,Completed,Bank Transfer
PAY00005659,CLM0007915,2025-11-25,2750.99,Completed,Bank Transfer
PAY00005660,CLM0007919,2022-05-14,43049.78,Completed,Bank Transfer
PAY00005661,CLM0007920,2022-04-10,9385.05,Completed,Bank Transfer
PAY00005662,CLM0007920,2022-04-10,10387.86,Completed,Bank Transfer
PAY00005663,CLM0007924,2024-07-04,2185.96,Completed,Cheque
PAY00005664,CLM0007924,2024-07-04,9916.73,Completed,Bank Transfer
PAY00005665,CLM0007925,2022-08-13,14937.26,Completed,Bank Transfer
PAY00005666,CLM0007927,2025-09-23,4127.68,Completed,Online
PAY00005667,CLM0007927,2025-09-23,9844.92,Completed,Bank Transfer
PAY00005668,CLM0007929,2025-10-08,13049.47,Completed,Cheque
PAY00005669,CLM0007929,2025-10-08,7118.86,Completed,Bank Transfer
PAY00005670,CLM0007931,2024-05-02,39965.21,Completed,Bank Transfer
PAY00005671,CLM0007932,2023-03-21,8478.83,Completed,Online
PAY00005672,CLM0007932,2023-03-21,2319.04,Completed,Bank Transfer
PAY00005673,CLM0007933,2024-04-29,22170.39,Completed,Bank Transfer
PAY00005674,CLM0007935,2025-11-27,8899.6,Completed,Bank Transfer
PAY00005675,CLM0007935,2025-11-27,8015.94,Completed,Bank Transfer
PAY00005676,CLM0007936,2024-06-08,4608.61,Completed,Bank Transfer
PAY00005677,CLM0007937,2026-10-01,146569.01,Completed,Bank Transfer
PAY00005678,CLM0007938,2024-03-12,21296.57,Completed,Bank Transfer
PAY00005679,CLM0007938,2024-03-12,1325.31,Completed,Cheque
PAY00005680,CLM0007939,2025-02-22,28064.12,Pending,Bank Transfer
PAY00005681,CLM0007940,2023-05-04,8353.69,Completed,Bank Transfer
PAY00005682,CLM0007940,2023-05-04,1302.88,Completed,Bank Transfer
PAY00005683,CLM0007943,2025-03-12,33771.94,Completed,Cheque
PAY00005684,CLM0007945,2023-11-28,15265.36,Completed,Bank Transfer
PAY00005685,CLM0007946,2024-05-19,3492.47,Completed,Online
PAY00005686,CLM0007947,2022-11-13,38568.6,Completed,Bank Transfer
PAY00005687,CLM0007948,2025-11-07,19276.91,Completed,Bank Transfer
PAY00005688,CLM0007949,2022-11-10,8357.55,Completed,Bank Transfer
PAY00005689,CLM0007949,2022-11-10,5020.35,Pending,Bank Transfer
PAY00005690,CLM0007950,2024-06-19,3979.84,Completed,Bank Transfer
PAY00005691,CLM0007951,2025-03-25,6699.82,Completed,Bank Transfer
PAY00005692,CLM0007952,2023-03-12,6398.69,Completed,Bank Transfer
PAY00005693,CLM0007952,2023-03-12,17951.45,Completed,Online
PAY00005694,CLM0007954,2024-05-06,15334.42,Completed,Bank Transfer
PAY00005695,CLM0007958,2022-04-13,15506.72,Completed,Bank Transfer
PAY00005696,CLM0007959,2024-11-09,12693.46,Completed,Bank Transfer
PAY00005697,CLM0007959,2024-11-09,4964.08,Completed,Bank Transfer
PAY00005698,CLM0007960,2022-06-26,10647.14,Completed,Bank Transfer
PAY00005699,CLM0007962,2023-03-31,8954.9,Completed,Online
PAY00005700,CLM0007962,2023-03-31,2988.39,Completed,Bank Transfer
PAY00005701,CLM0007966,2025-08-12,6066.51,Completed,Bank Transfer
PAY00005702,CLM0007966,2025-08-12,2693.33,Completed,Bank Transfer
PAY00005703,CLM0007967,2023-08-28,388.56,Pending,Online
PAY00005704,CLM0007967,2023-08-28,4594.38,Completed,Bank Transfer
PAY00005705,CLM0007971,2024-06-09,16091.76,Completed,Bank Transfer
PAY00005706,CLM0007972,2023-03-17,40880.48,Completed,Bank Transfer
PAY00005707,CLM0007973,2023-03-12,28309.08,Completed,Bank Transfer
PAY00005708,CLM0007974,2025-09-28,4301.92,Completed,Bank Transfer
PAY00005709,CLM0007975,2022-12-14,15053.48,Completed,Online
PAY00005710,CLM0007977,2024-04-08,11384.58,Completed,Cheque
PAY00005711,CLM0007979,2024-03-03,1003.82,Completed,Online
PAY00005712,CLM0007979,2024-03-03,229.29,Completed,Bank Transfer
PAY00005713,CLM0007980,2023-09-21,22236.54,Completed,Bank Transfer
PAY00005714,CLM0007987,2022-10-23,15963.76,Completed,Bank Transfer
PAY00005715,CLM0007991,2025-09-18,11400.65,Pending,Bank Transfer
PAY00005716,CLM0007992,2025-07-27,5503.92,Completed,Bank Transfer
PAY00005717,CLM0007992,2025-07-27,1256.51,Completed,Bank Transfer
PAY00005718,CLM0007993,2022-09-21,8063.21,Completed,Bank Transfer
PAY00005719,CLM0007993,2022-09-21,9803.53,Completed,Bank Transfer
PAY00005720,CLM0007994,2022-10-06,47826.95,Completed,Bank Transfer
PAY00005721,CLM0007995,2025-05-24,30285.48,Completed,Bank Transfer
PAY00005722,CLM0007997,2022-01-28,11303.79,Completed,Online
PAY00005723,CLM0007998,2025-02-20,46555.96,Completed,Bank Transfer
PAY00005724,CLM0007999,2023-05-25,6147.09,Pending,Cheque
PAY00005725,CLM0008000,2025-06-25,42534.07,Completed,Bank Transfer
PAY00005726,CLM0008001,2024-12-09,15392.75,Completed,Cheque
PAY00005727,CLM0008001,2024-12-09,7037.73,Completed,Cheque
PAY00005728,CLM0008002,2024-04-13,3036.98,Completed,Online
PAY00005729,CLM0008002,2024-04-13,4800.83,Completed,Bank Transfer
PAY00005730,CLM0008003,2025-05-18,69310.12,Completed,Bank Transfer
PAY00005731,CLM0008006,2023-04-06,9642.56,Pending,Bank Transfer
PAY00005732,CLM0008006,2023-04-06,121.45,Completed,Bank Transfer
PAY00005733,CLM0008007,2024-10-12,38981.31,Completed,Online
PAY00005734,CLM0008009,2022-08-20,2339.09,Completed,Bank Transfer
PAY00005735,CLM0008009,2022-08-20,8972.28,Completed,Cheque
PAY00005736,CLM0008010,2024-07-05,13593.5,Completed,Online
PAY00005737,CLM0008010,2024-07-05,26023.6,Completed,Bank Transfer
PAY00005738,CLM0008011,2023-03-03,14878.56,Completed,Bank Transfer
PAY00005739,CLM0008012,2024-08-31,78307.44,Completed,Bank Transfer
PAY00005740,CLM0008013,2025-03-28,12270.77,Completed,Online
PAY00005741,CLM0008013,2025-03-28,14801.31,Completed,Bank Transfer
PAY00005742,CLM0008014,2023-08-27,18181.54,Completed,Bank Transfer
PAY00005743,CLM0008014,2023-08-27,22980.41,Completed,Online
PAY00005744,CLM0008015,2022-12-22,13300.48,Completed,Online
PAY00005745,CLM0008016,2022-09-27,24347.89,Completed,Bank Transfer
PAY00005746,CLM0008017,2023-06-01,17853.2,Completed,Bank Transfer
PAY00005747,CLM0008021,2024-12-21,6889.83,Completed,Online
PAY00005748,CLM0008022,2023-03-24,22817.55,Completed,Online
PAY00005749,CLM0008024,2025-02-21,284608.06,Completed,Online
PAY00005750,CLM0008025,2024-09-29,5502.69,Completed,Online
PAY00005751,CLM0008030,2022-01-02,28942.75,Completed,Bank Transfer
PAY00005752,CLM0008031,2023-09-21,35695.03,Completed,Bank Transfer
PAY00005753,CLM0008032,2025-01-12,5357.31,Completed,Bank Transfer
PAY00005754,CLM0008034,2022-04-22,12948.54,Completed,Bank Transfer
PAY00005755,CLM0008035,2025-04-12,12162.63,Pending,Cheque
PAY00005756,CLM0008037,2022-12-17,192095.63,Pending,Bank Transfer
PAY00005757,CLM0008039,2022-05-19,2767.78,Completed,Online
PAY00005758,CLM0008041,2023-10-03,9410.24,Completed,Bank Transfer
PAY00005759,CLM0008042,2026-01-27,977.86,Completed,Online
PAY00005760,CLM0008042,2026-01-27,2946.55,Completed,Bank Transfer
PAY00005761,CLM0008043,2022-12-18,127144.9,Completed,Online
PAY00005762,CLM0008045,2022-04-28,13058.38,Completed,Online
PAY00005763,CLM0008046,2024-06-10,9871.18,Completed,Bank Transfer
PAY00005764,CLM0008048,2023-08-13,12704.01,Completed,Bank Transfer
PAY00005765,CLM0008049,2022-09-22,53362.15,Completed,Online
PAY00005766,CLM0008049,2022-09-22,22675.33,Completed,Cheque
PAY00005767,CLM0008051,2026-08-01,21843,Completed,Online
PAY00005768,CLM0008052,2025-10-07,18134.25,Completed,Cheque
PAY00005769,CLM0008053,2022-06-17,14284.76,Completed,Bank Transfer
PAY00005770,CLM0008054,2024-11-22,6370.1,Completed,Online
PAY00005771,CLM0008056,2024-01-25,17498.39,Completed,Bank Transfer
PAY00005772,CLM0008057,2022-02-11,9516.98,Completed,Bank Transfer
PAY00005773,CLM0008058,2022-10-25,54576.24,Completed,Online
PAY00005774,CLM0008059,2022-03-26,40279.1,Completed,Bank Transfer
PAY00005775,CLM0008061,2023-12-24,13947.99,Completed,Online
PAY00005776,CLM0008063,2023-11-08,12945,Completed,Cheque
PAY00005777,CLM0008064,2024-11-02,3365.65,Completed,Bank Transfer
PAY00005778,CLM0008064,2024-11-02,9134.3,Completed,Cheque
PAY00005779,CLM0008066,2025-03-30,4031.4,Completed,Cheque
PAY00005780,CLM0008071,2024-04-17,3834.44,Completed,Bank Transfer
PAY00005781,CLM0008071,2024-04-17,36163.04,Completed,Bank Transfer
PAY00005782,CLM0008073,2022-02-15,110893.76,Pending,Bank Transfer
PAY00005783,CLM0008074,2025-08-09,28856.34,Completed,Online
PAY00005784,CLM0008075,2025-04-06,26930.07,Completed,Bank Transfer
PAY00005785,CLM0008077,2022-05-19,5192.4,Completed,Bank Transfer
PAY00005786,CLM0008078,2023-08-03,1917.68,Completed,Bank Transfer
PAY00005787,CLM0008078,2023-08-03,28187.48,Completed,Online
PAY00005788,CLM0008079,2025-07-01,5528.86,Completed,Bank Transfer
PAY00005789,CLM0008079,2025-07-01,12186.04,Completed,Online
PAY00005790,CLM0008081,2026-01-29,14992.57,Completed,Bank Transfer
PAY00005791,CLM0008083,2022-05-12,5396.45,Completed,Bank Transfer
PAY00005792,CLM0008084,2025-09-22,16902.07,Completed,Bank Transfer
PAY00005793,CLM0008085,2025-08-28,39887.88,Completed,Cheque
PAY00005794,CLM0008091,2023-06-08,14669.36,Completed,Bank Transfer
PAY00005795,CLM0008091,2023-06-08,19677.85,Completed,Online
PAY00005796,CLM0008093,2025-07-03,20919.42,Completed,Bank Transfer
PAY00005797,CLM0008094,2023-05-30,30463.51,Pending,Bank Transfer
PAY00005798,CLM0008096,2024-07-22,14101.64,Completed,Bank Transfer
PAY00005799,CLM0008096,2024-07-22,6952.43,Completed,Bank Transfer
PAY00005800,CLM0008097,2023-04-24,12682.89,Completed,Bank Transfer
PAY00005801,CLM0008099,2022-04-24,153323.18,Completed,Online
PAY00005802,CLM0008100,2023-12-14,27084.25,Completed,Bank Transfer
PAY00005803,CLM0008102,2022-08-22,10431.59,Completed,Bank Transfer
PAY00005804,CLM0008104,2024-08-19,24341.76,Completed,Cheque
PAY00005805,CLM0008107,2023-01-26,7095.62,Completed,Bank Transfer
PAY00005806,CLM0008107,2023-01-26,41744.44,Completed,Bank Transfer
PAY00005807,CLM0008109,2025-09-26,13781.4,Completed,Cheque
PAY00005808,CLM0008110,2024-08-14,14117.91,Completed,Bank Transfer
PAY00005809,CLM0008113,2023-03-24,5205.39,Completed,Bank Transfer
PAY00005810,CLM0008114,2025-05-31,861.45,Completed,Bank Transfer
PAY00005811,CLM0008114,2025-05-31,1684.9,Completed,Online
PAY00005812,CLM0008115,2025-05-24,7256.9,Completed,Bank Transfer
PAY00005813,CLM0008115,2025-05-24,2840.72,Completed,Bank Transfer
PAY00005814,CLM0008116,2024-07-01,12859.25,Completed,Cheque
PAY00005815,CLM0008118,2025-05-26,20624.72,Completed,Bank Transfer
PAY00005816,CLM0008120,2022-11-06,22969.87,Completed,Bank Transfer
PAY00005817,CLM0008121,2024-09-11,8971.09,Completed,Bank Transfer
PAY00005818,CLM0008122,2023-07-21,52740.2,Completed,Bank Transfer
PAY00005819,CLM0008125,2025-09-03,58190.89,Completed,Bank Transfer
PAY00005820,CLM0008126,2022-11-30,71173.63,Completed,Bank Transfer
PAY00005821,CLM0008127,2022-11-09,11990.65,Completed,Bank Transfer
PAY00005822,CLM0008128,2023-12-22,26992.55,Completed,Cheque
PAY00005823,CLM0008131,2024-01-22,8080.54,Completed,Online
PAY00005824,CLM0008134,2024-09-09,34734,Completed,Bank Transfer
PAY00005825,CLM0008135,2025-10-18,13114.2,Completed,Bank Transfer
PAY00005826,CLM0008137,2023-02-11,29515.21,Completed,Bank Transfer
PAY00005827,CLM0008139,2024-12-04,6983.46,Completed,Bank Transfer
PAY00005828,CLM0008140,2025-08-30,168643.47,Completed,Bank Transfer
PAY00005829,CLM0008141,2023-08-27,7717.38,Completed,Bank Transfer
PAY00005830,CLM0008144,2024-11-02,27008.56,Completed,Bank Transfer
PAY00005831,CLM0008146,2023-12-31,11871.72,Completed,Bank Transfer
PAY00005832,CLM0008150,2023-11-03,50641.04,Pending,Bank Transfer
PAY00005833,CLM0008151,2022-02-21,10377.64,Completed,Bank Transfer
PAY00005834,CLM0008151,2022-02-21,9229.43,Completed,Cheque
PAY00005835,CLM0008153,2023-09-17,40236.97,Completed,Online
PAY00005836,CLM0008154,2023-11-02,25743.27,Completed,Bank Transfer
PAY00005837,CLM0008156,2022-05-06,11397.56,Completed,Online
PAY00005838,CLM0008156,2022-05-06,8771.83,Completed,Bank Transfer
PAY00005839,CLM0008157,2023-07-07,9285.06,Completed,Bank Transfer
PAY00005840,CLM0008160,2025-12-30,14700.23,Completed,Cheque
PAY00005841,CLM0008161,2024-12-27,7782.05,Completed,Online
PAY00005842,CLM0008161,2024-12-27,25254.72,Completed,Bank Transfer
PAY00005843,CLM0008162,2025-11-22,3413.96,Completed,Bank Transfer
PAY00005844,CLM0008163,2022-01-07,4405.38,Completed,Online
PAY00005845,CLM0008163,2022-01-07,19079.7,Completed,Bank Transfer
PAY00005846,CLM0008165,2022-10-05,9043.69,Completed,Bank Transfer
PAY00005847,CLM0008166,2023-09-19,15985.65,Completed,Online
PAY00005848,CLM0008166,2023-09-19,7945.28,Pending,Bank Transfer
PAY00005849,CLM0008167,2025-04-23,12863.95,Completed,Bank Transfer
PAY00005850,CLM0008167,2025-04-23,6134.22,Completed,Bank Transfer
PAY00005851,CLM0008168,2023-07-25,20144.3,Completed,Bank Transfer
PAY00005852,CLM0008169,2022-06-26,4570.92,Completed,Bank Transfer
PAY00005853,CLM0008170,2023-12-21,3822.23,Completed,Bank Transfer
PAY00005854,CLM0008170,2023-12-21,15535.89,Completed,Online
PAY00005855,CLM0008172,2024-06-24,9196.37,Completed,Bank Transfer
PAY00005856,CLM0008173,2024-06-24,10970.68,Completed,Cheque
PAY00005857,CLM0008174,2022-09-20,50538.59,Completed,Online
PAY00005858,CLM0008176,2023-02-21,58591.79,Pending,Bank Transfer
PAY00005859,CLM0008177,2024-02-02,7434.16,Completed,Cheque
PAY00005860,CLM0008180,2022-10-20,34000.05,Completed,Bank Transfer
PAY00005861,CLM0008181,2025-04-30,30690.16,Completed,Bank Transfer
PAY00005862,CLM0008184,2024-04-14,8968.05,Completed,Cheque
PAY00005863,CLM0008185,2023-02-22,38769.09,Completed,Online
PAY00005864,CLM0008186,2025-06-23,4363.16,Completed,Bank Transfer
PAY00005865,CLM0008186,2025-06-23,2505.36,Completed,Cheque
PAY00005866,CLM0008187,2022-06-10,17053.3,Completed,Bank Transfer
PAY00005867,CLM0008188,2022-04-07,6038.44,Completed,Bank Transfer
PAY00005868,CLM0008191,2023-05-01,6825.78,Completed,Online
PAY00005869,CLM0008191,2023-05-01,58321.27,Completed,Bank Transfer
PAY00005870,CLM0008192,2023-05-01,16230.46,Completed,Bank Transfer
PAY00005871,CLM0008195,2022-08-22,5485.87,Completed,Online
PAY00005872,CLM0008196,2025-06-23,17971.18,Completed,Bank Transfer
PAY00005873,CLM0008199,2023-05-03,6602.42,Completed,Bank Transfer
PAY00005874,CLM0008199,2023-05-03,27652.65,Completed,Bank Transfer
PAY00005875,CLM0008201,2023-06-08,15195.94,Completed,Bank Transfer
PAY00005876,CLM0008203,2024-04-05,250542.92,Completed,Bank Transfer
PAY00005877,CLM0008204,2023-10-22,36973.94,Completed,Bank Transfer
PAY00005878,CLM0008204,2023-10-22,34182.85,Completed,Bank Transfer
PAY00005879,CLM0008205,2024-05-22,1883.24,Completed,Online
PAY00005880,CLM0008205,2024-05-22,10971.16,Completed,Bank Transfer
PAY00005881,CLM0008206,2024-12-01,18597.01,Completed,Bank Transfer
PAY00005882,CLM0008208,2025-12-11,4050.16,Completed,Bank Transfer
PAY00005883,CLM0008209,2023-05-01,55047.34,Completed,Bank Transfer
PAY00005884,CLM0008210,2022-09-05,11125.18,Completed,Bank Transfer
PAY00005885,CLM0008211,2024-06-13,5095.58,Completed,Bank Transfer
PAY00005886,CLM0008211,2024-06-13,7112.42,Completed,Bank Transfer
PAY00005887,CLM0008212,2025-10-20,37975.61,Completed,Online
PAY00005888,CLM0008214,2025-08-12,17161.1,Completed,Bank Transfer
PAY00005889,CLM0008215,2024-12-25,1830.76,Completed,Online
PAY00005890,CLM0008217,2022-02-17,1665.38,Completed,Online
PAY00005891,CLM0008217,2022-02-17,2528.56,Completed,Bank Transfer
PAY00005892,CLM0008219,2024-10-10,20384.62,Completed,Bank Transfer
PAY00005893,CLM0008220,2023-06-29,14422.18,Completed,Online
PAY00005894,CLM0008222,2022-09-06,204712.27,Completed,Bank Transfer
PAY00005895,CLM0008223,2022-10-06,31707.52,Completed,Online
PAY00005896,CLM0008226,2022-05-11,20571.47,Completed,Bank Transfer
PAY00005897,CLM0008226,2022-05-11,722.68,Completed,Bank Transfer
PAY00005898,CLM0008229,2025-09-03,4173.29,Completed,Bank Transfer
PAY00005899,CLM0008229,2025-09-03,34580.73,Completed,Online
PAY00005900,CLM0008230,2024-04-13,30639.72,Completed,Online
PAY00005901,CLM0008231,2025-12-28,17759.69,Completed,Bank Transfer
PAY00005902,CLM0008231,2025-12-28,8918.57,Completed,Online
PAY00005903,CLM0008234,2024-03-02,9672.32,Completed,Online
PAY00005904,CLM0008235,2025-10-25,9681.68,Completed,Bank Transfer
PAY00005905,CLM0008236,2023-04-26,35143.88,Completed,Online
PAY00005906,CLM0008237,2025-12-16,17192.21,Completed,Cheque
PAY00005907,CLM0008240,2022-05-08,15776.59,Completed,Bank Transfer
PAY00005908,CLM0008241,2023-11-19,14185.49,Completed,Online
PAY00005909,CLM0008242,2022-12-27,23828.75,Completed,Cheque
PAY00005910,CLM0008243,2023-02-08,64106.24,Completed,Bank Transfer
PAY00005911,CLM0008244,2023-09-06,30934.18,Completed,Cheque
PAY00005912,CLM0008246,2025-09-13,9278.98,Completed,Bank Transfer
PAY00005913,CLM0008246,2025-09-13,5392.29,Completed,Online
PAY00005914,CLM0008247,2024-10-02,19506.74,Completed,Bank Transfer
PAY00005915,CLM0008248,2023-03-08,543.28,Pending,Bank Transfer
PAY00005916,CLM0008248,2023-03-08,5233.7,Completed,Bank Transfer
PAY00005917,CLM0008249,2022-05-11,3389.66,Completed,Bank Transfer
PAY00005918,CLM0008249,2022-05-11,3219.2,Completed,Bank Transfer
PAY00005919,CLM0008250,2025-01-16,2344.5,Completed,Bank Transfer
PAY00005920,CLM0008250,2025-01-16,22903.07,Completed,Bank Transfer
PAY00005921,CLM0008253,2023-06-16,15489.31,Completed,Bank Transfer
PAY00005922,CLM0008254,2023-05-27,130665.76,Completed,Online
PAY00005923,CLM0008256,2023-12-29,4385.03,Completed,Bank Transfer
PAY00005924,CLM0008256,2023-12-29,5584.13,Completed,Bank Transfer
PAY00005925,CLM0008257,2025-09-09,4128.55,Completed,Bank Transfer
PAY00005926,CLM0008260,2023-09-29,3329.27,Completed,Cheque
PAY00005927,CLM0008261,2023-03-04,76366.99,Completed,Online
PAY00005928,CLM0008261,2023-03-04,23288.1,Completed,Bank Transfer
PAY00005929,CLM0008262,2024-01-03,50735.54,Completed,Bank Transfer
PAY00005930,CLM0008263,2022-07-13,20403.39,Completed,Bank Transfer
PAY00005931,CLM0008263,2022-07-13,16941.46,Pending,Bank Transfer
PAY00005932,CLM0008264,2022-08-13,14751.81,Completed,Online
PAY00005933,CLM0008264,2022-08-13,6559.92,Completed,Online
PAY00005934,CLM0008265,2023-07-03,4843.58,Completed,Bank Transfer
PAY00005935,CLM0008265,2023-07-03,1934.1,Completed,Bank Transfer
PAY00005936,CLM0008267,2025-11-12,12456.84,Completed,Online
PAY00005937,CLM0008268,2023-07-19,6993.46,Completed,Online
PAY00005938,CLM0008268,2023-07-19,6045.44,Completed,Bank Transfer
PAY00005939,CLM0008271,2024-07-24,25414.62,Completed,Bank Transfer
PAY00005940,CLM0008273,2022-05-25,7160.21,Completed,Online
PAY00005941,CLM0008273,2022-05-25,7261.08,Completed,Online
PAY00005942,CLM0008274,2022-09-19,10735.06,Completed,Bank Transfer
PAY00005943,CLM0008275,2022-12-24,26503.46,Completed,Online
PAY00005944,CLM0008275,2022-12-24,19824.97,Pending,Bank Transfer
PAY00005945,CLM0008276,2025-01-05,7287.97,Completed,Bank Transfer
PAY00005946,CLM0008277,2022-09-08,13170.6,Completed,Bank Transfer
PAY00005947,CLM0008277,2022-09-08,7494.01,Completed,Bank Transfer
PAY00005948,CLM0008278,2024-03-14,22577.29,Completed,Bank Transfer
PAY00005949,CLM0008278,2024-03-14,3214.33,Completed,Bank Transfer
PAY00005950,CLM0008280,2022-09-28,19323.99,Completed,Bank Transfer
PAY00005951,CLM0008281,2025-01-15,13880.3,Completed,Online
PAY00005952,CLM0008283,2025-05-21,15856.75,Completed,Online
PAY00005953,CLM0008284,2024-12-10,20380.24,Completed,Online
PAY00005954,CLM0008285,2025-12-05,21957.87,Completed,Bank Transfer
PAY00005955,CLM0008286,2025-02-13,4525.09,Completed,Online
PAY00005956,CLM0008286,2025-02-13,113624.41,Completed,Bank Transfer
PAY00005957,CLM0008292,2025-05-27,7411.81,Completed,Bank Transfer
PAY00005958,CLM0008294,2023-11-28,20102.28,Completed,Bank Transfer
PAY00005959,CLM0008299,2024-10-24,1865.1,Completed,Bank Transfer
PAY00005960,CLM0008300,2025-04-05,7436.42,Completed,Bank Transfer
PAY00005961,CLM0008300,2025-04-05,2418.4,Completed,Bank Transfer
PAY00005962,CLM0008301,2024-04-04,12592.56,Completed,Online
PAY00005963,CLM0008302,2024-06-10,21892.64,Completed,Bank Transfer
PAY00005964,CLM0008303,2022-09-30,8537.16,Completed,Bank Transfer
PAY00005965,CLM0008304,2023-08-14,12906.38,Completed,Bank Transfer
PAY00005966,CLM0008305,2023-10-27,3775.48,Completed,Bank Transfer
PAY00005967,CLM0008305,2023-10-27,17721.62,Completed,Bank Transfer
PAY00005968,CLM0008307,2023-03-24,9492.44,Completed,Bank Transfer
PAY00005969,CLM0008307,2023-03-24,64466.01,Completed,Online
PAY00005970,CLM0008309,2022-08-16,2801.55,Completed,Bank Transfer
PAY00005971,CLM0008311,2023-07-03,10081.65,Completed,Bank Transfer
PAY00005972,CLM0008312,2025-01-01,10661.39,Completed,Bank Transfer
PAY00005973,CLM0008315,2025-06-09,9141.01,Completed,Online
PAY00005974,CLM0008316,2024-10-14,5240.5,Completed,Online
PAY00005975,CLM0008317,2025-08-22,14933.5,Completed,Online
PAY00005976,CLM0008318,2024-11-06,9925.26,Completed,Bank Transfer
PAY00005977,CLM0008321,2025-06-10,7786.1,Completed,Bank Transfer
PAY00005978,CLM0008323,2022-02-13,30015.47,Completed,Cheque
PAY00005979,CLM0008324,2023-03-25,27322.56,Completed,Bank Transfer
PAY00005980,CLM0008327,2024-10-17,32982.09,Completed,Cheque
PAY00005981,CLM0008328,2024-04-27,29116.33,Completed,Online
PAY00005982,CLM0008329,2022-11-04,11377.98,Completed,Bank Transfer
PAY00005983,CLM0008329,2022-11-04,16794.46,Completed,Bank Transfer
PAY00005984,CLM0008330,2023-12-06,21909.49,Completed,Bank Transfer
PAY00005985,CLM0008333,2025-08-06,5771.08,Completed,Bank Transfer
PAY00005986,CLM0008336,2025-06-13,49675.76,Completed,Bank Transfer
PAY00005987,CLM0008337,2025-10-26,17546.87,Completed,Bank Transfer
PAY00005988,CLM0008338,2022-10-31,24276.17,Completed,Bank Transfer
PAY00005989,CLM0008339,2025-12-06,10631.92,Completed,Bank Transfer
PAY00005990,CLM0008341,2023-01-22,43943.39,Completed,Online
PAY00005991,CLM0008346,2024-09-17,55973.55,Pending,Bank Transfer
PAY00005992,CLM0008346,2024-09-17,55811.87,Completed,Online
PAY00005993,CLM0008347,2023-03-23,2506.8,Completed,Bank Transfer
PAY00005994,CLM0008347,2023-03-23,3341.97,Completed,Bank Transfer
PAY00005995,CLM0008348,2025-04-10,5157.11,Completed,Bank Transfer
PAY00005996,CLM0008349,2022-10-13,49222.41,Completed,Bank Transfer
PAY00005997,CLM0008350,2023-12-11,22519.38,Completed,Bank Transfer
PAY00005998,CLM0008350,2023-12-11,10132.06,Completed,Bank Transfer
PAY00005999,CLM0008352,2023-03-09,19546.41,Completed,Bank Transfer
PAY00006000,CLM0008353,2024-06-29,67846.44,Completed,Online
PAY00006001,CLM0008354,2025-04-10,10376.31,Completed,Bank Transfer
PAY00006002,CLM0008354,2025-04-10,14435.51,Completed,Bank Transfer
PAY00006003,CLM0008355,2024-09-23,3684.61,Completed,Online
PAY00006004,CLM0008356,2024-04-10,9925.78,Pending,Bank Transfer
PAY00006005,CLM0008363,2022-11-10,13907.01,Pending,Cheque
PAY00006006,CLM0008364,2023-05-17,46333.6,Completed,Bank Transfer
PAY00006007,CLM0008366,2022-01-25,32543.83,Completed,Online
PAY00006008,CLM0008369,2023-11-09,5900.7,Completed,Bank Transfer
PAY00006009,CLM0008373,2022-02-27,25822.51,Completed,Online
PAY00006010,CLM0008374,2025-09-23,17794.16,Completed,Online
PAY00006011,CLM0008375,2022-10-31,13775.29,Completed,Bank Transfer
PAY00006012,CLM0008376,2023-08-09,6363.92,Completed,Bank Transfer
PAY00006013,CLM0008378,2022-06-20,3578.11,Completed,Bank Transfer
PAY00006014,CLM0008378,2022-06-20,8980.82,Completed,Bank Transfer
PAY00006015,CLM0008379,2024-06-27,4741.65,Completed,Online
PAY00006016,CLM0008380,2023-09-21,2754.02,Completed,Bank Transfer
PAY00006017,CLM0008380,2023-09-21,8228.68,Completed,Bank Transfer
PAY00006018,CLM0008382,2024-03-11,75767.52,Completed,Online
PAY00006019,CLM0008383,2025-07-21,9659.4,Completed,Bank Transfer
PAY00006020,CLM0008385,2022-09-13,28954,Completed,Cheque
PAY00006021,CLM0008386,2023-05-31,9684.79,Completed,Cheque
PAY00006022,CLM0008386,2023-05-31,10397.45,Completed,Bank Transfer
PAY00006023,CLM0008392,2024-05-05,27515.02,Completed,Bank Transfer
PAY00006024,CLM0008393,2025-07-22,8617.23,Completed,Bank Transfer
PAY00006025,CLM0008394,2024-11-14,4251.49,Completed,Online
PAY00006026,CLM0008394,2024-11-14,857.32,Completed,Bank Transfer
PAY00006027,CLM0008396,2023-12-05,31303.44,Completed,Bank Transfer
PAY00006028,CLM0008400,2025-03-30,26797.72,Pending,Bank Transfer
PAY00006029,CLM0008401,2024-09-18,105891.11,Completed,Bank Transfer
PAY00006030,CLM0008402,2024-10-09,190.39,Completed,Bank Transfer
PAY00006031,CLM0008402,2024-10-09,3517.39,Completed,Bank Transfer
PAY00006032,CLM0008406,2024-11-11,22650.35,Completed,Bank Transfer
PAY00006033,CLM0008407,2022-12-26,35384.65,Completed,Bank Transfer
PAY00006034,CLM0008409,2025-02-21,27281.77,Completed,Cheque
PAY00006035,CLM0008410,2023-06-22,284.12,Completed,Online
PAY00006036,CLM0008410,2023-06-22,23513.4,Pending,Bank Transfer
PAY00006037,CLM0008411,2024-08-29,29313.65,Completed,Online
PAY00006038,CLM0008411,2024-08-29,66574.96,Completed,Bank Transfer
PAY00006039,CLM0008414,2022-11-17,930.24,Completed,Cheque
PAY00006040,CLM0008414,2022-11-17,13142.77,Completed,Bank Transfer
PAY00006041,CLM0008416,2024-06-12,44012.1,Pending,Bank Transfer
PAY00006042,CLM0008417,2024-09-02,7540.77,Completed,Bank Transfer
PAY00006043,CLM0008418,2025-03-16,28080.94,Completed,Online
PAY00006044,CLM0008421,2024-04-22,57821.03,Completed,Online
PAY00006045,CLM0008423,2023-07-23,23883.87,Completed,Bank Transfer
PAY00006046,CLM0008426,2023-11-06,23283.68,Completed,Bank Transfer
PAY00006047,CLM0008427,2024-03-12,10737.76,Pending,Bank Transfer
PAY00006048,CLM0008429,2024-12-01,7261.82,Completed,Online
PAY00006049,CLM0008430,2023-11-18,11848.89,Completed,Online
PAY00006050,CLM0008432,2022-11-18,4552.5,Completed,Bank Transfer
PAY00006051,CLM0008432,2022-11-18,5202.28,Completed,Online
PAY00006052,CLM0008433,2024-04-02,22296.66,Completed,Bank Transfer
PAY00006053,CLM0008434,2025-01-06,15017.9,Completed,Cheque
PAY00006054,CLM0008438,2024-01-25,1364.74,Completed,Bank Transfer
PAY00006055,CLM0008438,2024-01-25,5897.86,Completed,Bank Transfer
PAY00006056,CLM0008439,2023-05-10,1241.93,Completed,Bank Transfer
PAY00006057,CLM0008439,2023-05-10,1252.09,Completed,Cheque
PAY00006058,CLM0008440,2024-04-17,32629.66,Completed,Cheque
PAY00006059,CLM0008440,2024-04-17,28024.97,Completed,Bank Transfer
PAY00006060,CLM0008442,2022-06-21,4119.21,Completed,Bank Transfer
PAY00006061,CLM0008444,2025-10-17,9034.65,Completed,Cheque
PAY00006062,CLM0008445,2023-03-15,53062.11,Completed,Bank Transfer
PAY00006063,CLM0008447,2023-10-09,12964.35,Completed,Online
PAY00006064,CLM0008448,2023-02-27,7980.46,Completed,Online
PAY00006065,CLM0008449,2023-02-12,6524.19,Completed,Online
PAY00006066,CLM0008450,2024-10-09,1591.99,Completed,Bank Transfer
PAY00006067,CLM0008450,2024-10-09,737.14,Completed,Bank Transfer
PAY00006068,CLM0008451,2023-01-02,29564.29,Completed,Online
PAY00006069,CLM0008452,2024-10-03,15088.64,Pending,Cheque
PAY00006070,CLM0008455,2025-06-19,25469.22,Completed,Bank Transfer
PAY00006071,CLM0008456,2022-08-10,8414.8,Completed,Bank Transfer
PAY00006072,CLM0008457,2022-05-23,20732.03,Completed,Bank Transfer
PAY00006073,CLM0008460,2024-02-09,2933.87,Completed,Online
PAY00006074,CLM0008460,2024-02-09,8591.5,Completed,Bank Transfer
PAY00006075,CLM0008463,2022-10-14,7289.94,Completed,Bank Transfer
PAY00006076,CLM0008463,2022-10-14,2211.79,Completed,Bank Transfer
PAY00006077,CLM0008464,2025-01-30,25527.78,Completed,Online
PAY00006078,CLM0008465,2025-12-16,17866.05,Completed,Bank Transfer
PAY00006079,CLM0008466,2024-09-14,17197.14,Completed,Bank Transfer
PAY00006080,CLM0008467,2025-06-15,11787.72,Completed,Cheque
PAY00006081,CLM0008469,2024-12-08,33620.41,Completed,Bank Transfer
PAY00006082,CLM0008470,2023-09-28,31408.39,Completed,Bank Transfer
PAY00006083,CLM0008470,2023-09-28,26728.95,Completed,Bank Transfer
PAY00006084,CLM0008473,2022-04-15,49635.4,Completed,Bank Transfer
PAY00006085,CLM0008475,2026-01-17,6816.43,Completed,Online
PAY00006086,CLM0008475,2026-01-17,8131.66,Completed,Online
PAY00006087,CLM0008476,2025-02-17,11588.05,Completed,Bank Transfer
PAY00006088,CLM0008476,2025-02-17,2027.67,Completed,Bank Transfer
PAY00006089,CLM0008477,2023-11-30,9866.87,Completed,Online
PAY00006090,CLM0008478,2025-10-28,14281.55,Completed,Cheque
PAY00006091,CLM0008478,2025-10-28,1193.98,Completed,Bank Transfer
PAY00006092,CLM0008479,2025-11-12,5063.96,Completed,Cheque
PAY00006093,CLM0008479,2025-11-12,2274.04,Completed,Bank Transfer
PAY00006094,CLM0008481,2024-09-20,10951.6,Completed,Bank Transfer
PAY00006095,CLM0008481,2024-09-20,657.57,Completed,Cheque
PAY00006096,CLM0008482,2025-05-19,14958.04,Completed,Bank Transfer
PAY00006097,CLM0008483,2023-12-20,11632.23,Completed,Bank Transfer
PAY00006098,CLM0008484,2022-03-28,21371.45,Completed,Online
PAY00006099,CLM0008486,2022-11-05,5844.04,Completed,Bank Transfer
PAY00006100,CLM0008487,2025-10-28,5516.93,Completed,Bank Transfer
PAY00006101,CLM0008491,2023-10-29,17162.74,Completed,Bank Transfer
PAY00006102,CLM0008492,2025-04-08,11797.45,Completed,Bank Transfer
PAY00006103,CLM0008492,2025-04-08,22156.8,Completed,Bank Transfer
PAY00006104,CLM0008493,2024-10-02,48114.22,Completed,Bank Transfer
PAY00006105,CLM0008493,2024-10-02,33206.18,Completed,Online
PAY00006106,CLM0008495,2024-07-26,12439.81,Completed,Bank Transfer
PAY00006107,CLM0008495,2024-07-26,3318.35,Completed,Bank Transfer
PAY00006108,CLM0008496,2025-01-13,11792.63,Completed,Bank Transfer
PAY00006109,CLM0008501,2022-09-21,11115.33,Completed,Bank Transfer
PAY00006110,CLM0008502,2022-05-04,11462.13,Completed,Bank Transfer
PAY00006111,CLM0008504,2025-06-08,813.04,Completed,Bank Transfer
PAY00006112,CLM0008504,2025-06-08,5951.05,Completed,Bank Transfer
PAY00006113,CLM0008505,2024-05-12,9793.7,Completed,Bank Transfer
PAY00006114,CLM0008505,2024-05-12,1553.53,Completed,Bank Transfer
PAY00006115,CLM0008513,2026-11-01,39315.28,Completed,Online
PAY00006116,CLM0008517,2023-09-06,18562.86,Completed,Bank Transfer
PAY00006117,CLM0008517,2023-09-06,46434.54,Completed,Online
PAY00006118,CLM0008519,2024-08-06,11688.26,Completed,Online
PAY00006119,CLM0008519,2024-08-06,5587.28,Completed,Bank Transfer
PAY00006120,CLM0008521,2025-04-05,11993.2,Pending,Bank Transfer
PAY00006121,CLM0008522,2025-07-01,28435.28,Completed,Online
PAY00006122,CLM0008524,2022-11-28,4905.25,Completed,Bank Transfer
PAY00006123,CLM0008524,2022-11-28,12476.42,Completed,Bank Transfer
PAY00006124,CLM0008525,2022-05-11,33438.89,Completed,Bank Transfer
PAY00006125,CLM0008526,2024-12-03,22025.58,Completed,Bank Transfer
PAY00006126,CLM0008527,2023-07-20,34730.56,Completed,Bank Transfer
PAY00006127,CLM0008527,2023-07-20,3535.05,Completed,Bank Transfer
PAY00006128,CLM0008528,2026-01-28,1707.16,Completed,Online
PAY00006129,CLM0008530,2022-04-07,4209.39,Completed,Bank Transfer
PAY00006130,CLM0008531,2023-09-21,147388.54,Completed,Bank Transfer
PAY00006131,CLM0008532,2022-04-04,12548.91,Completed,Bank Transfer
PAY00006132,CLM0008535,2023-03-14,64868.43,Pending,Bank Transfer
PAY00006133,CLM0008536,2023-01-24,31540.1,Completed,Bank Transfer
PAY00006134,CLM0008538,2025-11-24,5120.58,Completed,Bank Transfer
PAY00006135,CLM0008539,2022-08-19,16617.12,Completed,Cheque
PAY00006136,CLM0008540,2024-05-19,9033.57,Completed,Bank Transfer
PAY00006137,CLM0008540,2024-05-19,6660.11,Pending,Cheque
PAY00006138,CLM0008541,2025-10-05,12445.16,Completed,Bank Transfer
PAY00006139,CLM0008542,2025-07-30,10678,Completed,Bank Transfer
PAY00006140,CLM0008546,2023-08-17,7244.1,Completed,Bank Transfer
PAY00006141,CLM0008549,2025-12-22,896.2,Completed,Bank Transfer
PAY00006142,CLM0008549,2025-12-22,2797.13,Completed,Online
PAY00006143,CLM0008550,2023-09-19,23662.01,Completed,Cheque
PAY00006144,CLM0008551,2024-02-21,53018.84,Completed,Bank Transfer
PAY00006145,CLM0008551,2024-02-21,30519.57,Completed,Online
PAY00006146,CLM0008552,2024-07-26,32342.25,Completed,Bank Transfer
PAY00006147,CLM0008553,2024-05-18,42835.94,Pending,Bank Transfer
PAY00006148,CLM0008555,2022-12-14,3650.41,Completed,Online
PAY00006149,CLM0008556,2025-04-13,34871.19,Completed,Bank Transfer
PAY00006150,CLM0008557,2024-09-16,2305.31,Completed,Bank Transfer
PAY00006151,CLM0008557,2024-09-16,16222.18,Completed,Bank Transfer
PAY00006152,CLM0008559,2023-11-22,15621.73,Completed,Bank Transfer
PAY00006153,CLM0008559,2023-11-22,3077.69,Completed,Bank Transfer
PAY00006154,CLM0008560,2023-02-05,10232.21,Completed,Bank Transfer
PAY00006155,CLM0008561,2023-02-24,2918.27,Completed,Bank Transfer
PAY00006156,CLM0008563,2024-04-18,34415.46,Completed,Bank Transfer
PAY00006157,CLM0008565,2025-03-28,10456.93,Completed,Bank Transfer
PAY00006158,CLM0008567,2025-09-30,65030.94,Completed,Bank Transfer
PAY00006159,CLM0008571,2022-08-23,36521.81,Completed,Bank Transfer
PAY00006160,CLM0008572,2023-02-04,10815.8,Completed,Bank Transfer
PAY00006161,CLM0008574,2023-02-09,2654.18,Completed,Bank Transfer
PAY00006162,CLM0008574,2023-02-09,3524.11,Completed,Bank Transfer
PAY00006163,CLM0008575,2025-01-16,6197.68,Completed,Bank Transfer
PAY00006164,CLM0008575,2025-01-16,4960.73,Pending,Bank Transfer
PAY00006165,CLM0008576,2025-10-12,2262.59,Completed,Bank Transfer
PAY00006166,CLM0008577,2025-10-20,44726.74,Completed,Online
PAY00006167,CLM0008586,2023-06-12,5494.26,Completed,Bank Transfer
PAY00006168,CLM0008587,2024-11-15,4168.72,Pending,Online
PAY00006169,CLM0008589,2023-01-17,2471.96,Completed,Cheque
PAY00006170,CLM0008589,2023-01-17,2594.05,Completed,Online
PAY00006171,CLM0008592,2025-05-22,27765.01,Completed,Bank Transfer
PAY00006172,CLM0008593,2023-07-19,12470.63,Completed,Bank Transfer
PAY00006173,CLM0008594,2022-04-21,8390.29,Completed,Bank Transfer
PAY00006174,CLM0008595,2025-05-23,31101.81,Completed,Online
PAY00006175,CLM0008596,2024-06-06,32811.88,Completed,Bank Transfer
PAY00006176,CLM0008598,2023-04-24,563.6,Completed,Cheque
PAY00006177,CLM0008598,2023-04-24,3947.09,Completed,Bank Transfer
PAY00006178,CLM0008599,2025-10-18,18540.37,Completed,Bank Transfer
PAY00006179,CLM0008600,2024-01-04,5583.15,Completed,Bank Transfer
PAY00006180,CLM0008602,2023-12-30,11697.93,Completed,Online
PAY00006181,CLM0008604,2022-09-07,8060.91,Completed,Bank Transfer
PAY00006182,CLM0008604,2022-09-07,13530.73,Completed,Cheque
PAY00006183,CLM0008608,2022-11-21,1763.33,Completed,Bank Transfer
PAY00006184,CLM0008609,2023-03-06,8771.15,Completed,Online
PAY00006185,CLM0008609,2023-03-06,567.71,Completed,Bank Transfer
PAY00006186,CLM0008610,2025-02-24,5138.64,Completed,Bank Transfer
PAY00006187,CLM0008611,2025-04-01,8140.54,Completed,Online
PAY00006188,CLM0008613,2025-02-23,11518.14,Completed,Bank Transfer
PAY00006189,CLM0008614,2025-10-18,24027.81,Completed,Bank Transfer
PAY00006190,CLM0008616,2025-04-10,6746.92,Completed,Bank Transfer
PAY00006191,CLM0008618,2022-09-16,5910.31,Completed,Bank Transfer
PAY00006192,CLM0008620,2023-11-17,4489.12,Completed,Bank Transfer
PAY00006193,CLM0008623,2024-07-25,4420.03,Completed,Bank Transfer
PAY00006194,CLM0008625,2023-09-17,4339.24,Completed,Online
PAY00006195,CLM0008626,2022-09-21,9358.74,Completed,Online
PAY00006196,CLM0008628,2023-06-13,3556.74,Completed,Online
PAY00006197,CLM0008628,2023-06-13,1112.75,Completed,Online
PAY00006198,CLM0008629,2024-11-15,31481.07,Completed,Bank Transfer
PAY00006199,CLM0008630,2024-04-01,13184.31,Completed,Bank Transfer
PAY00006200,CLM0008631,2023-12-09,31142.33,Completed,Bank Transfer
PAY00006201,CLM0008632,2025-10-13,21817.19,Completed,Cheque
PAY00006202,CLM0008633,2022-11-17,7239.11,Completed,Bank Transfer
PAY00006203,CLM0008634,2022-05-13,40800.94,Completed,Bank Transfer
PAY00006204,CLM0008635,2024-06-18,4781.68,Completed,Bank Transfer
PAY00006205,CLM0008636,2025-01-12,6798.91,Completed,Online
PAY00006206,CLM0008638,2022-08-11,16071.8,Completed,Bank Transfer
PAY00006207,CLM0008639,2025-08-30,42169.17,Completed,Bank Transfer
PAY00006208,CLM0008640,2023-01-21,15444.84,Completed,Bank Transfer
PAY00006209,CLM0008640,2023-01-21,5401.98,Completed,Bank Transfer
PAY00006210,CLM0008641,2025-11-03,14828.24,Completed,Cheque
PAY00006211,CLM0008644,2023-06-25,5708.51,Completed,Bank Transfer
PAY00006212,CLM0008645,2022-10-07,21792.68,Completed,Bank Transfer
PAY00006213,CLM0008645,2022-10-07,1401.67,Completed,Bank Transfer
PAY00006214,CLM0008646,2025-09-07,34956.78,Completed,Bank Transfer
PAY00006215,CLM0008649,2024-06-05,10439.42,Completed,Bank Transfer
PAY00006216,CLM0008652,2024-08-28,24814.75,Completed,Bank Transfer
PAY00006217,CLM0008652,2024-08-28,2787.02,Completed,Bank Transfer
PAY00006218,CLM0008653,2022-03-16,1025.99,Completed,Online
PAY00006219,CLM0008653,2022-03-16,11753.03,Completed,Cheque
PAY00006220,CLM0008654,2022-08-27,74023.95,Completed,Bank Transfer
PAY00006221,CLM0008656,2023-11-23,19149.16,Completed,Online
PAY00006222,CLM0008657,2023-08-22,1358.68,Completed,Bank Transfer
PAY00006223,CLM0008657,2023-08-22,5329.34,Completed,Online
PAY00006224,CLM0008660,2022-12-08,4340.09,Completed,Bank Transfer
PAY00006225,CLM0008666,2022-07-20,213.46,Completed,Bank Transfer
PAY00006226,CLM0008666,2022-07-20,48080.57,Pending,Bank Transfer
PAY00006227,CLM0008667,2023-12-16,26626.14,Completed,Online
PAY00006228,CLM0008670,2024-03-18,33825.35,Completed,Bank Transfer
PAY00006229,CLM0008671,2024-09-22,17227.59,Completed,Online
PAY00006230,CLM0008673,2025-08-27,39125.9,Pending,Bank Transfer
PAY00006231,CLM0008675,2023-11-21,18121.95,Completed,Online
PAY00006232,CLM0008677,2022-01-04,13509.99,Completed,Bank Transfer
PAY00006233,CLM0008680,2024-02-17,22592.8,Completed,Bank Transfer
PAY00006234,CLM0008685,2024-07-25,3485.69,Completed,Bank Transfer
PAY00006235,CLM0008686,2023-02-12,12851.85,Completed,Online
PAY00006236,CLM0008686,2023-02-12,5168.57,Completed,Bank Transfer
PAY00006237,CLM0008688,2023-03-15,22971,Completed,Cheque
PAY00006238,CLM0008688,2023-03-15,22617.53,Completed,Cheque
PAY00006239,CLM0008689,2025-05-25,5034.29,Completed,Bank Transfer
PAY00006240,CLM0008690,2023-08-20,7279.48,Completed,Bank Transfer
PAY00006241,CLM0008691,2026-10-03,17561.1,Completed,Bank Transfer
PAY00006242,CLM0008694,2024-12-24,12197.62,Completed,Bank Transfer
PAY00006243,CLM0008694,2024-12-24,9560.04,Completed,Bank Transfer
PAY00006244,CLM0008697,2025-08-05,5111.37,Completed,Online
PAY00006245,CLM0008697,2025-08-05,3429.15,Pending,Bank Transfer
PAY00006246,CLM0008699,2023-05-02,13216.61,Completed,Cheque
PAY00006247,CLM0008706,2023-10-08,6872.13,Completed,Bank Transfer
PAY00006248,CLM0008708,2024-01-16,6703.89,Completed,Bank Transfer
PAY00006249,CLM0008709,2022-03-29,41584.25,Completed,Bank Transfer
PAY00006250,CLM0008710,2024-07-31,12630.45,Completed,Online
PAY00006251,CLM0008711,2022-06-07,671.27,Completed,Online
PAY00006252,CLM0008711,2022-06-07,8736.34,Completed,Bank Transfer
PAY00006253,CLM0008719,2026-01-22,2342.37,Completed,Bank Transfer
PAY00006254,CLM0008719,2026-01-22,2510.67,Completed,Bank Transfer
PAY00006255,CLM0008720,2025-07-21,5736.72,Completed,Cheque
PAY00006256,CLM0008721,2024-11-19,1623.26,Completed,Bank Transfer
PAY00006257,CLM0008722,2022-03-28,24661.92,Completed,Bank Transfer
PAY00006258,CLM0008722,2022-03-28,3315.8,Completed,Bank Transfer
PAY00006259,CLM0008723,2023-06-23,13625.01,Completed,Bank Transfer
PAY00006260,CLM0008723,2023-06-23,13892.34,Completed,Cheque
PAY00006261,CLM0008724,2022-05-22,52690.4,Completed,Cheque
PAY00006262,CLM0008725,2022-06-11,7701.29,Pending,Bank Transfer
PAY00006263,CLM0008725,2022-06-11,5791.73,Completed,Bank Transfer
PAY00006264,CLM0008728,2025-08-06,13966.33,Completed,Bank Transfer
PAY00006265,CLM0008728,2025-08-06,22928.66,Completed,Bank Transfer
PAY00006266,CLM0008735,2026-01-20,10476.61,Completed,Online
PAY00006267,CLM0008736,2024-11-28,21410.61,Pending,Cheque
PAY00006268,CLM0008737,2024-02-16,18774.34,Completed,Bank Transfer
PAY00006269,CLM0008738,2022-12-15,8465.67,Completed,Bank Transfer
PAY00006270,CLM0008740,2023-11-01,5572.87,Completed,Cheque
PAY00006271,CLM0008740,2023-11-01,1718.49,Completed,Cheque
PAY00006272,CLM0008743,2023-03-17,9102.66,Pending,Bank Transfer
PAY00006273,CLM0008747,2024-01-15,539.37,Completed,Bank Transfer
PAY00006274,CLM0008747,2024-01-15,1171.68,Completed,Cheque
PAY00006275,CLM0008748,2025-12-08,31101.56,Completed,Online
PAY00006276,CLM0008750,2022-09-04,20913.47,Completed,Bank Transfer
PAY00006277,CLM0008751,2023-08-05,19961.67,Completed,Online
PAY00006278,CLM0008752,2022-06-03,1738.4,Completed,Bank Transfer
PAY00006279,CLM0008752,2022-06-03,2253.79,Completed,Bank Transfer
PAY00006280,CLM0008753,2025-08-21,8323.87,Pending,Online
PAY00006281,CLM0008756,2026-08-01,9977.53,Completed,Bank Transfer
PAY00006282,CLM0008759,2025-10-25,9423.36,Completed,Bank Transfer
PAY00006283,CLM0008759,2025-10-25,2170.33,Completed,Cheque
PAY00006284,CLM0008762,2022-01-09,4785.35,Completed,Bank Transfer
PAY00006285,CLM0008762,2022-01-09,15104.96,Completed,Bank Transfer
PAY00006286,CLM0008763,2024-10-19,28043.02,Completed,Bank Transfer
PAY00006287,CLM0008764,2023-02-07,43868.66,Completed,Bank Transfer
PAY00006288,CLM0008766,2023-01-30,8025.87,Completed,Bank Transfer
PAY00006289,CLM0008767,2023-01-19,5462.51,Completed,Cheque
PAY00006290,CLM0008767,2023-01-19,16367.23,Pending,Bank Transfer
PAY00006291,CLM0008771,2025-11-20,2904.18,Completed,Bank Transfer
PAY00006292,CLM0008773,2025-11-16,451.63,Completed,Online
PAY00006293,CLM0008773,2025-11-16,17009.03,Completed,Bank Transfer
PAY00006294,CLM0008775,2023-01-11,38369.01,Completed,Online
PAY00006295,CLM0008776,2022-11-08,3284.54,Completed,Bank Transfer
PAY00006296,CLM0008777,2023-10-25,14009.56,Completed,Bank Transfer
PAY00006297,CLM0008778,2023-12-29,158826.68,Completed,Bank Transfer
PAY00006298,CLM0008783,2025-03-11,2467.25,Completed,Cheque
PAY00006299,CLM0008783,2025-03-11,13020.5,Completed,Online
PAY00006300,CLM0008786,2024-07-09,9380.08,Completed,Bank Transfer
PAY00006301,CLM0008787,2024-08-17,15206.29,Completed,Online
PAY00006302,CLM0008791,2022-05-03,11145.34,Completed,Bank Transfer
PAY00006303,CLM0008791,2022-05-03,4784.76,Completed,Online
PAY00006304,CLM0008796,2023-06-18,11152.79,Completed,Online
PAY00006305,CLM0008797,2024-01-14,4395.59,Completed,Bank Transfer
PAY00006306,CLM0008797,2024-01-14,13005.63,Completed,Online
PAY00006307,CLM0008798,2025-09-25,2095.52,Completed,Online
PAY00006308,CLM0008798,2025-09-25,9989.95,Completed,Bank Transfer
PAY00006309,CLM0008800,2023-01-08,13751.34,Completed,Bank Transfer
PAY00006310,CLM0008802,2022-12-13,14788.18,Pending,Bank Transfer
PAY00006311,CLM0008805,2025-12-04,65323.05,Completed,Bank Transfer
PAY00006312,CLM0008806,2025-09-19,21484.83,Completed,Bank Transfer
PAY00006313,CLM0008808,2022-11-05,5274.35,Completed,Bank Transfer
PAY00006314,CLM0008808,2022-11-05,9140.08,Completed,Bank Transfer
PAY00006315,CLM0008810,2024-01-07,7685.21,Completed,Bank Transfer
PAY00006316,CLM0008810,2024-01-07,15769.88,Completed,Cheque
PAY00006317,CLM0008815,2022-02-19,443.51,Completed,Bank Transfer
PAY00006318,CLM0008815,2022-02-19,1678.54,Completed,Bank Transfer
PAY00006319,CLM0008816,2025-05-22,6055.1,Completed,Bank Transfer
PAY00006320,CLM0008817,2022-06-22,18095.74,Completed,Bank Transfer
PAY00006321,CLM0008817,2022-06-22,15940.24,Completed,Bank Transfer
PAY00006322,CLM0008818,2022-12-29,19857.13,Completed,Bank Transfer
PAY00006323,CLM0008820,2022-12-25,25897.08,Completed,Bank Transfer
PAY00006324,CLM0008821,2025-10-24,9701.06,Completed,Bank Transfer
PAY00006325,CLM0008821,2025-10-24,934.07,Completed,Bank Transfer
PAY00006326,CLM0008823,2023-07-02,34045.62,Completed,Bank Transfer
PAY00006327,CLM0008824,2025-08-01,1747.67,Completed,Bank Transfer
PAY00006328,CLM0008824,2025-08-01,3135.53,Completed,Online
PAY00006329,CLM0008826,2025-05-14,20951.69,Completed,Online
PAY00006330,CLM0008827,2023-08-28,224.58,Completed,Bank Transfer
PAY00006331,CLM0008827,2023-08-28,1983.64,Completed,Online
PAY00006332,CLM0008828,2024-01-07,24018.43,Completed,Bank Transfer
PAY00006333,CLM0008829,2025-05-18,27920.71,Completed,Online
PAY00006334,CLM0008829,2025-05-18,10572.88,Completed,Bank Transfer
PAY00006335,CLM0008830,2024-06-06,54806.06,Completed,Bank Transfer
PAY00006336,CLM0008832,2024-11-03,1612.16,Completed,Bank Transfer
PAY00006337,CLM0008832,2024-11-03,1743.15,Completed,Bank Transfer
PAY00006338,CLM0008833,2024-07-20,3453.7,Completed,Bank Transfer
PAY00006339,CLM0008833,2024-07-20,5586.22,Completed,Bank Transfer
PAY00006340,CLM0008834,2023-08-23,26324.03,Completed,Bank Transfer
PAY00006341,CLM0008838,2024-06-24,19723.12,Completed,Online
PAY00006342,CLM0008840,2024-08-29,6941.35,Completed,Bank Transfer
PAY00006343,CLM0008840,2024-08-29,6670.43,Completed,Online
PAY00006344,CLM0008842,2022-12-04,1167.52,Completed,Online
PAY00006345,CLM0008842,2022-12-04,5297.79,Completed,Bank Transfer
PAY00006346,CLM0008845,2024-10-22,7886.27,Completed,Online
PAY00006347,CLM0008846,2024-04-21,54370.68,Completed,Cheque
PAY00006348,CLM0008850,2024-02-08,9249.76,Completed,Bank Transfer
PAY00006349,CLM0008850,2024-02-08,911.09,Completed,Bank Transfer
PAY00006350,CLM0008851,2023-01-09,21373.46,Completed,Bank Transfer
PAY00006351,CLM0008852,2023-02-03,53303.25,Completed,Bank Transfer
PAY00006352,CLM0008853,2022-05-19,16727.11,Completed,Cheque
PAY00006353,CLM0008853,2022-05-19,7442.47,Completed,Bank Transfer
PAY00006354,CLM0008855,2025-06-23,31575.78,Completed,Online
PAY00006355,CLM0008856,2022-05-04,45795.35,Completed,Bank Transfer
PAY00006356,CLM0008860,2022-03-31,323.34,Completed,Bank Transfer
PAY00006357,CLM0008860,2022-03-31,5504.77,Completed,Online
PAY00006358,CLM0008861,2025-01-11,1188.74,Completed,Online
PAY00006359,CLM0008861,2025-01-11,5036.73,Completed,Bank Transfer
PAY00006360,CLM0008863,2022-09-14,8921,Completed,Bank Transfer
PAY00006361,CLM0008865,2025-10-16,46871.99,Completed,Bank Transfer
PAY00006362,CLM0008865,2025-10-16,90049,Completed,Bank Transfer
PAY00006363,CLM0008869,2024-05-15,12746.65,Completed,Bank Transfer
PAY00006364,CLM0008870,2024-05-31,39142.38,Completed,Bank Transfer
PAY00006365,CLM0008871,2025-04-24,6699.44,Completed,Online
PAY00006366,CLM0008872,2024-06-16,14503.98,Completed,Bank Transfer
PAY00006367,CLM0008872,2024-06-16,2740.73,Completed,Bank Transfer
PAY00006368,CLM0008873,2023-07-21,4884.58,Completed,Bank Transfer
PAY00006369,CLM0008874,2022-08-25,12208.36,Completed,Bank Transfer
PAY00006370,CLM0008879,2024-06-18,3077.62,Completed,Bank Transfer
PAY00006371,CLM0008882,2023-09-27,3291.61,Completed,Online
PAY00006372,CLM0008883,2022-11-12,21874.27,Completed,Bank Transfer
PAY00006373,CLM0008887,2024-04-08,10831.13,Completed,Bank Transfer
PAY00006374,CLM0008892,2024-11-26,10122.11,Completed,Bank Transfer
PAY00006375,CLM0008893,2022-07-10,5804.55,Completed,Online
PAY00006376,CLM0008893,2022-07-10,358.7,Completed,Online
PAY00006377,CLM0008895,2025-02-28,5515.14,Completed,Bank Transfer
PAY00006378,CLM0008896,2023-08-04,10981.93,Completed,Bank Transfer
PAY00006379,CLM0008896,2023-08-04,28336.08,Completed,Online
PAY00006380,CLM0008897,2023-03-14,38238.48,Completed,Online
PAY00006381,CLM0008900,2022-08-21,9143.2,Completed,Bank Transfer
PAY00006382,CLM0008901,2024-02-27,17557.01,Completed,Bank Transfer
PAY00006383,CLM0008902,2023-06-15,13850.32,Completed,Bank Transfer
PAY00006384,CLM0008904,2023-05-21,11175.21,Completed,Online
PAY00006385,CLM0008905,2024-10-12,18179.64,Completed,Bank Transfer
PAY00006386,CLM0008905,2024-10-12,9512.93,Completed,Bank Transfer
PAY00006387,CLM0008910,2022-08-12,83118.49,Completed,Bank Transfer
PAY00006388,CLM0008912,2022-09-26,12984.79,Completed,Bank Transfer
PAY00006389,CLM0008915,2025-12-15,8197.26,Completed,Cheque
PAY00006390,CLM0008916,2025-06-21,4040.85,Completed,Bank Transfer
PAY00006391,CLM0008918,2024-10-25,62595.29,Completed,Bank Transfer
PAY00006392,CLM0008921,2023-08-07,13615.82,Completed,Bank Transfer
PAY00006393,CLM0008924,2025-02-02,31558.9,Completed,Bank Transfer
PAY00006394,CLM0008924,2025-02-02,905.11,Completed,Bank Transfer
PAY00006395,CLM0008925,2025-05-17,57067.98,Completed,Online
PAY00006396,CLM0008926,2023-09-09,23628.11,Completed,Bank Transfer
PAY00006397,CLM0008927,2024-11-13,2689.12,Completed,Cheque
PAY00006398,CLM0008930,2025-03-20,15537.62,Completed,Bank Transfer
PAY00006399,CLM0008932,2024-11-29,9956.55,Completed,Bank Transfer
PAY00006400,CLM0008934,2023-01-23,6646.42,Completed,Bank Transfer
PAY00006401,CLM0008934,2023-01-23,4077.15,Pending,Bank Transfer
PAY00006402,CLM0008937,2023-08-21,66972.83,Completed,Bank Transfer
PAY00006403,CLM0008939,2022-06-21,4252.02,Completed,Bank Transfer
PAY00006404,CLM0008939,2022-06-21,823.46,Completed,Bank Transfer
PAY00006405,CLM0008940,2023-08-17,14192.54,Completed,Bank Transfer
PAY00006406,CLM0008940,2023-08-17,6060.58,Completed,Cheque
PAY00006407,CLM0008941,2023-11-22,4735.46,Completed,Bank Transfer
PAY00006408,CLM0008942,2025-12-19,19160.66,Completed,Online
PAY00006409,CLM0008944,2024-03-18,25986.8,Pending,Bank Transfer
PAY00006410,CLM0008945,2022-05-04,6939.97,Completed,Bank Transfer
PAY00006411,CLM0008948,2023-12-18,19399.76,Completed,Bank Transfer
PAY00006412,CLM0008950,2025-10-20,5036.83,Completed,Bank Transfer
PAY00006413,CLM0008951,2022-05-28,27279.88,Completed,Bank Transfer
PAY00006414,CLM0008952,2022-12-06,13727.69,Completed,Cheque
PAY00006415,CLM0008952,2022-12-06,26517.48,Completed,Bank Transfer
PAY00006416,CLM0008953,2025-08-29,13726.61,Completed,Bank Transfer
PAY00006417,CLM0008955,2024-08-23,2518.4,Completed,Bank Transfer
PAY00006418,CLM0008957,2024-05-28,13057.57,Completed,Bank Transfer
PAY00006419,CLM0008961,2023-02-16,20578.37,Completed,Bank Transfer
PAY00006420,CLM0008961,2023-02-16,26377.96,Completed,Bank Transfer
PAY00006421,CLM0008963,2023-04-27,39089.85,Completed,Bank Transfer
PAY00006422,CLM0008964,2026-09-01,4406.66,Completed,Bank Transfer
PAY00006423,CLM0008964,2026-09-01,5281.36,Completed,Online
PAY00006424,CLM0008965,2024-11-22,26769.41,Completed,Bank Transfer
PAY00006425,CLM0008965,2024-11-22,2711.77,Completed,Bank Transfer
PAY00006426,CLM0008966,2024-07-13,17011.18,Completed,Bank Transfer
PAY00006427,CLM0008967,2023-07-24,1284.59,Completed,Bank Transfer
PAY00006428,CLM0008967,2023-07-24,31009.02,Completed,Bank Transfer
PAY00006429,CLM0008968,2025-01-03,4427.65,Completed,Bank Transfer
PAY00006430,CLM0008969,2024-08-08,1067.82,Completed,Bank Transfer
PAY00006431,CLM0008969,2024-08-08,6257.03,Completed,Cheque
PAY00006432,CLM0008970,2022-06-16,14582.48,Completed,Bank Transfer
PAY00006433,CLM0008973,2025-10-23,2404.66,Completed,Bank Transfer
PAY00006434,CLM0008973,2025-10-23,8742.34,Completed,Bank Transfer
PAY00006435,CLM0008975,2024-03-02,48066.96,Completed,Bank Transfer
PAY00006436,CLM0008975,2024-03-02,4844.23,Completed,Online
PAY00006437,CLM0008977,2024-07-07,45707.34,Completed,Bank Transfer
PAY00006438,CLM0008977,2024-07-07,7633.16,Completed,Bank Transfer
PAY00006439,CLM0008978,2023-07-26,8161.83,Completed,Bank Transfer
PAY00006440,CLM0008981,2026-01-13,27874.32,Completed,Bank Transfer
PAY00006441,CLM0008981,2026-01-13,10043.13,Completed,Cheque
PAY00006442,CLM0008982,2025-08-20,17984.67,Pending,Bank Transfer
PAY00006443,CLM0008983,2025-10-01,18546.42,Completed,Bank Transfer
PAY00006444,CLM0008984,2024-12-22,23838.39,Completed,Online
PAY00006445,CLM0008985,2024-04-10,7560.3,Completed,Bank Transfer
PAY00006446,CLM0008987,2025-12-14,13227.11,Completed,Bank Transfer
PAY00006447,CLM0008988,2023-03-24,29881.73,Completed,Bank Transfer
PAY00006448,CLM0008990,2024-07-29,17399.09,Completed,Bank Transfer
PAY00006449,CLM0008991,2025-08-04,12625.82,Completed,Bank Transfer
PAY00006450,CLM0008995,2025-02-24,19003.11,Completed,Online
PAY00006451,CLM0008996,2022-08-23,604.61,Completed,Online
PAY00006452,CLM0008996,2022-08-23,14857.65,Completed,Bank Transfer
PAY00006453,CLM0008997,2022-07-29,18367.5,Completed,Cheque
PAY00006454,CLM0008998,2024-03-05,2924.38,Completed,Bank Transfer
PAY00006455,CLM0008998,2024-03-05,2367.8,Completed,Bank Transfer
PAY00006456,CLM0008999,2024-09-17,10185.98,Completed,Cheque
PAY00006457,CLM0008999,2024-09-17,4991.84,Pending,Bank Transfer
PAY00006458,CLM0009005,2025-11-25,14727.83,Completed,Bank Transfer
PAY00006459,CLM0009007,2024-12-11,11886.47,Completed,Bank Transfer
PAY00006460,CLM0009009,2025-10-08,7348.68,Completed,Bank Transfer
PAY00006461,CLM0009010,2025-01-18,22133.77,Completed,Bank Transfer
PAY00006462,CLM0009011,2022-11-02,2647.15,Completed,Bank Transfer
PAY00006463,CLM0009014,2022-01-29,34354.19,Completed,Online
PAY00006464,CLM0009015,2023-08-04,49591.85,Completed,Bank Transfer
PAY00006465,CLM0009016,2025-09-07,4710.42,Completed,Bank Transfer
PAY00006466,CLM0009016,2025-09-07,686.73,Completed,Cheque
PAY00006467,CLM0009021,2024-01-12,21408.49,Completed,Online
PAY00006468,CLM0009023,2026-11-01,6043.74,Completed,Online
PAY00006469,CLM0009024,2023-01-10,19790.09,Completed,Cheque
PAY00006470,CLM0009025,2024-10-29,34580.38,Completed,Bank Transfer
PAY00006471,CLM0009027,2026-10-01,4792.83,Completed,Bank Transfer
PAY00006472,CLM0009027,2026-10-01,8031.91,Completed,Bank Transfer
PAY00006473,CLM0009030,2023-12-03,61322.14,Pending,Bank Transfer
PAY00006474,CLM0009030,2023-12-03,24223.1,Completed,Bank Transfer
PAY00006475,CLM0009031,2023-09-24,4533.04,Completed,Bank Transfer
PAY00006476,CLM0009031,2023-09-24,11548.68,Completed,Bank Transfer
PAY00006477,CLM0009033,2025-06-28,5342.39,Completed,Bank Transfer
PAY00006478,CLM0009034,2022-11-05,26612.96,Completed,Cheque
PAY00006479,CLM0009036,2025-08-18,23756.13,Completed,Online
PAY00006480,CLM0009039,2023-11-28,17605.16,Completed,Bank Transfer
PAY00006481,CLM0009040,2026-03-02,16040.86,Completed,Bank Transfer
PAY00006482,CLM0009041,2023-04-22,32948.86,Pending,Online
PAY00006483,CLM0009042,2023-11-08,35319.38,Completed,Bank Transfer
PAY00006484,CLM0009043,2024-09-25,21446.33,Completed,Bank Transfer
PAY00006485,CLM0009044,2024-03-13,18353.59,Completed,Bank Transfer
PAY00006486,CLM0009045,2025-11-05,5623.55,Completed,Bank Transfer
PAY00006487,CLM0009046,2025-07-28,11150.7,Pending,Bank Transfer
PAY00006488,CLM0009047,2022-11-17,28661.92,Completed,Online
PAY00006489,CLM0009049,2025-08-20,9366.76,Pending,Bank Transfer
PAY00006490,CLM0009050,2022-12-27,1748.79,Completed,Bank Transfer
PAY00006491,CLM0009050,2022-12-27,10685.36,Completed,Bank Transfer
PAY00006492,CLM0009056,2023-12-22,20623.22,Pending,Bank Transfer
PAY00006493,CLM0009057,2023-11-17,6468.15,Completed,Bank Transfer
PAY00006494,CLM0009058,2025-08-16,3155.89,Completed,Bank Transfer
PAY00006495,CLM0009059,2024-05-18,13684.69,Completed,Online
PAY00006496,CLM0009060,2025-08-20,22691.4,Completed,Cheque
PAY00006497,CLM0009061,2023-06-27,17485.52,Pending,Bank Transfer
PAY00006498,CLM0009061,2023-06-27,29701.39,Completed,Online
PAY00006499,CLM0009064,2023-10-28,8797.8,Completed,Bank Transfer
PAY00006500,CLM0009066,2024-12-09,14859.63,Completed,Bank Transfer
PAY00006501,CLM0009067,2023-05-05,11599.53,Completed,Online
PAY00006502,CLM0009069,2023-07-24,11743.8,Completed,Bank Transfer
PAY00006503,CLM0009069,2023-07-24,6575.14,Completed,Online
PAY00006504,CLM0009070,2022-01-09,13015.11,Completed,Bank Transfer
PAY00006505,CLM0009070,2022-01-09,7307.21,Completed,Bank Transfer
PAY00006506,CLM0009072,2024-11-06,46609.37,Completed,Bank Transfer
PAY00006507,CLM0009073,2024-04-10,55055.26,Completed,Bank Transfer
PAY00006508,CLM0009074,2025-04-03,5861.31,Completed,Bank Transfer
PAY00006509,CLM0009076,2023-11-02,28385.38,Completed,Bank Transfer
PAY00006510,CLM0009083,2025-04-15,20182.71,Completed,Bank Transfer
PAY00006511,CLM0009087,2023-04-09,26880.19,Completed,Bank Transfer
PAY00006512,CLM0009088,2024-01-10,7362.07,Completed,Online
PAY00006513,CLM0009089,2024-09-05,4181.87,Completed,Bank Transfer
PAY00006514,CLM0009089,2024-09-05,40758.45,Completed,Bank Transfer
PAY00006515,CLM0009091,2023-04-14,3084.98,Completed,Cheque
PAY00006516,CLM0009091,2023-04-14,7563.59,Completed,Bank Transfer
PAY00006517,CLM0009092,2025-05-12,19223.6,Completed,Bank Transfer
PAY00006518,CLM0009094,2024-06-01,6303.24,Completed,Online
PAY00006519,CLM0009096,2023-07-16,46001.31,Completed,Bank Transfer
PAY00006520,CLM0009100,2024-12-28,1273.79,Pending,Online
PAY00006521,CLM0009100,2024-12-28,5492.25,Pending,Cheque
PAY00006522,CLM0009102,2025-06-19,4207.84,Completed,Bank Transfer
PAY00006523,CLM0009107,2023-08-13,3919.23,Completed,Bank Transfer
PAY00006524,CLM0009108,2023-09-24,6427.36,Completed,Online
PAY00006525,CLM0009109,2025-03-28,8559.97,Completed,Bank Transfer
PAY00006526,CLM0009110,2023-09-04,9442.4,Completed,Online
PAY00006527,CLM0009110,2023-09-04,21904.87,Completed,Bank Transfer
PAY00006528,CLM0009111,2025-09-25,14442.49,Pending,Bank Transfer
PAY00006529,CLM0009112,2022-11-27,3392.8,Completed,Bank Transfer
PAY00006530,CLM0009113,2023-12-22,6272.22,Completed,Bank Transfer
PAY00006531,CLM0009114,2022-10-10,44910.06,Completed,Bank Transfer
PAY00006532,CLM0009115,2026-02-16,57947.62,Completed,Bank Transfer
PAY00006533,CLM0009118,2024-06-25,32615.46,Completed,Bank Transfer
PAY00006534,CLM0009121,2025-12-26,15379.45,Completed,Bank Transfer
PAY00006535,CLM0009122,2026-01-27,22555.51,Completed,Bank Transfer
PAY00006536,CLM0009124,2022-08-03,23838.58,Completed,Online
PAY00006537,CLM0009125,2024-06-17,65.77,Completed,Online
PAY00006538,CLM0009125,2024-06-17,17710.5,Completed,Bank Transfer
PAY00006539,CLM0009126,2022-10-15,14831.32,Completed,Bank Transfer
PAY00006540,CLM0009127,2024-04-03,6004.33,Completed,Bank Transfer
PAY00006541,CLM0009127,2024-04-03,64775.21,Completed,Bank Transfer
PAY00006542,CLM0009132,2024-07-07,12654.6,Completed,Bank Transfer
PAY00006543,CLM0009133,2025-08-14,1262.04,Completed,Bank Transfer
PAY00006544,CLM0009133,2025-08-14,1729.2,Completed,Cheque
PAY00006545,CLM0009134,2023-08-05,6599.46,Completed,Cheque
PAY00006546,CLM0009136,2022-08-25,48592.63,Completed,Bank Transfer
PAY00006547,CLM0009137,2023-09-20,7759.32,Completed,Bank Transfer
PAY00006548,CLM0009139,2023-08-06,11414.68,Completed,Bank Transfer
PAY00006549,CLM0009139,2023-08-06,15039.78,Completed,Bank Transfer
PAY00006550,CLM0009145,2025-04-30,10977.01,Completed,Cheque
PAY00006551,CLM0009146,2022-05-14,10269.15,Completed,Bank Transfer
PAY00006552,CLM0009147,2023-03-08,33808.76,Completed,Bank Transfer
PAY00006553,CLM0009149,2025-07-28,10110.42,Completed,Online
PAY00006554,CLM0009150,2024-09-19,39526.46,Completed,Online
PAY00006555,CLM0009151,2023-03-20,6051.93,Completed,Bank Transfer
PAY00006556,CLM0009152,2023-04-23,16121.42,Completed,Bank Transfer
PAY00006557,CLM0009153,2023-08-13,13682.79,Completed,Bank Transfer
PAY00006558,CLM0009154,2025-06-06,16461.21,Completed,Bank Transfer
PAY00006559,CLM0009159,2024-12-25,12016.65,Completed,Bank Transfer
PAY00006560,CLM0009159,2024-12-25,1758.34,Pending,Bank Transfer
PAY00006561,CLM0009160,2022-11-17,46353.85,Completed,Bank Transfer
PAY00006562,CLM0009161,2024-09-10,3766.98,Completed,Bank Transfer
PAY00006563,CLM0009164,2022-10-20,34378.98,Completed,Bank Transfer
PAY00006564,CLM0009164,2022-10-20,13664.29,Pending,Online
PAY00006565,CLM0009165,2024-08-09,15483.13,Completed,Bank Transfer
PAY00006566,CLM0009171,2022-03-24,40639.77,Completed,Online
PAY00006567,CLM0009171,2022-03-24,4479.46,Completed,Bank Transfer
PAY00006568,CLM0009174,2022-10-30,10697.83,Completed,Bank Transfer
PAY00006569,CLM0009174,2022-10-30,48255.67,Completed,Bank Transfer
PAY00006570,CLM0009175,2024-07-29,16048.8,Completed,Bank Transfer
PAY00006571,CLM0009176,2022-10-08,6475.99,Completed,Bank Transfer
PAY00006572,CLM0009176,2022-10-08,11161.48,Completed,Bank Transfer
PAY00006573,CLM0009178,2023-05-11,19299.2,Completed,Cheque
PAY00006574,CLM0009180,2024-02-08,20539.1,Completed,Bank Transfer
PAY00006575,CLM0009181,2023-04-19,4087.71,Completed,Bank Transfer
PAY00006576,CLM0009181,2023-04-19,3274.75,Completed,Online
PAY00006577,CLM0009182,2024-02-09,41245.35,Completed,Bank Transfer
PAY00006578,CLM0009183,2024-10-27,14378.69,Completed,Bank Transfer
PAY00006579,CLM0009184,2024-05-24,19217.27,Completed,Bank Transfer
PAY00006580,CLM0009184,2024-05-24,67.73,Completed,Bank Transfer
PAY00006581,CLM0009188,2022-09-03,13197.33,Completed,Bank Transfer
PAY00006582,CLM0009190,2024-12-04,2707.42,Completed,Bank Transfer
PAY00006583,CLM0009190,2024-12-04,15891.14,Completed,Online
PAY00006584,CLM0009191,2024-01-27,36877.68,Completed,Bank Transfer
PAY00006585,CLM0009193,2025-01-31,8017.11,Completed,Bank Transfer
PAY00006586,CLM0009193,2025-01-31,4335.8,Completed,Online
PAY00006587,CLM0009194,2023-06-11,4443.17,Pending,Cheque
PAY00006588,CLM0009194,2023-06-11,269.21,Completed,Online
PAY00006589,CLM0009195,2025-11-24,13315.58,Completed,Online
PAY00006590,CLM0009196,2025-08-01,9649.08,Completed,Online
PAY00006591,CLM0009196,2025-08-01,8986.46,Completed,Online
PAY00006592,CLM0009197,2025-03-07,8726.13,Completed,Bank Transfer
PAY00006593,CLM0009198,2022-05-17,53703.99,Completed,Online
PAY00006594,CLM0009199,2025-03-26,31705.73,Completed,Bank Transfer
PAY00006595,CLM0009200,2025-03-18,37703.14,Completed,Online
PAY00006596,CLM0009201,2024-06-17,29269.51,Completed,Online
PAY00006597,CLM0009202,2025-04-08,40203.81,Completed,Online
PAY00006598,CLM0009203,2024-06-30,17435.35,Completed,Cheque
PAY00006599,CLM0009207,2024-06-10,13464.01,Pending,Bank Transfer
PAY00006600,CLM0009208,2023-01-13,1746.47,Completed,Bank Transfer
PAY00006601,CLM0009208,2023-01-13,14576.88,Completed,Bank Transfer
PAY00006602,CLM0009212,2024-04-05,3211.44,Pending,Online
PAY00006603,CLM0009215,2022-05-04,12348.87,Completed,Bank Transfer
PAY00006604,CLM0009216,2023-04-19,17132.31,Completed,Bank Transfer
PAY00006605,CLM0009217,2025-07-19,16575.25,Completed,Cheque
PAY00006606,CLM0009218,2025-05-12,2452.79,Completed,Bank Transfer
PAY00006607,CLM0009223,2025-01-08,9156.19,Completed,Bank Transfer
PAY00006608,CLM0009229,2023-09-26,33712.84,Completed,Bank Transfer
PAY00006609,CLM0009230,2025-05-10,16408.68,Completed,Bank Transfer
PAY00006610,CLM0009232,2025-09-19,24641.53,Completed,Bank Transfer
PAY00006611,CLM0009232,2025-09-19,10056.76,Completed,Bank Transfer
PAY00006612,CLM0009233,2024-09-08,19348.19,Completed,Online
PAY00006613,CLM0009234,2022-07-19,10446.43,Pending,Online
PAY00006614,CLM0009235,2023-12-02,30053.07,Pending,Online
PAY00006615,CLM0009235,2023-12-02,9187.32,Completed,Bank Transfer
PAY00006616,CLM0009237,2024-02-02,10622.09,Completed,Cheque
PAY00006617,CLM0009237,2024-02-02,9592.44,Completed,Bank Transfer
PAY00006618,CLM0009240,2023-09-02,17384.96,Completed,Online
PAY00006619,CLM0009241,2025-07-30,9689.44,Completed,Bank Transfer
PAY00006620,CLM0009247,2022-03-30,59773.3,Completed,Bank Transfer
PAY00006621,CLM0009249,2025-02-04,14988.92,Completed,Bank Transfer
PAY00006622,CLM0009250,2022-03-23,23783.63,Completed,Online
PAY00006623,CLM0009251,2023-07-22,2681.68,Completed,Bank Transfer
PAY00006624,CLM0009253,2023-07-03,11683.81,Completed,Cheque
PAY00006625,CLM0009254,2022-11-27,16508.96,Completed,Bank Transfer
PAY00006626,CLM0009255,2022-04-08,57321.9,Completed,Bank Transfer
PAY00006627,CLM0009256,2024-04-22,5599.75,Pending,Bank Transfer
PAY00006628,CLM0009258,2022-12-04,36866.8,Completed,Cheque
PAY00006629,CLM0009261,2025-01-28,17270.71,Completed,Bank Transfer
PAY00006630,CLM0009265,2023-03-23,13424.32,Completed,Online
PAY00006631,CLM0009266,2022-12-06,7966.66,Completed,Bank Transfer
PAY00006632,CLM0009268,2022-10-31,12953.19,Completed,Bank Transfer
PAY00006633,CLM0009268,2022-10-31,2187.49,Completed,Cheque
PAY00006634,CLM0009269,2024-06-17,21226.15,Completed,Bank Transfer
PAY00006635,CLM0009270,2025-09-04,17126.95,Completed,Bank Transfer
PAY00006636,CLM0009277,2022-10-14,7258.69,Completed,Bank Transfer
PAY00006637,CLM0009277,2022-10-14,989.33,Completed,Bank Transfer
PAY00006638,CLM0009280,2024-01-15,14675,Completed,Online
PAY00006639,CLM0009280,2024-01-15,2835.77,Completed,Online
PAY00006640,CLM0009284,2024-03-22,21532.75,Completed,Online
PAY00006641,CLM0009284,2024-03-22,4614.69,Completed,Bank Transfer
PAY00006642,CLM0009286,2023-09-04,37205.87,Pending,Bank Transfer
PAY00006643,CLM0009287,2023-12-06,12652.7,Completed,Bank Transfer
PAY00006644,CLM0009288,2023-03-08,29593.05,Completed,Bank Transfer
PAY00006645,CLM0009289,2023-12-31,11844.48,Completed,Bank Transfer
PAY00006646,CLM0009290,2023-11-20,33617.99,Completed,Bank Transfer
PAY00006647,CLM0009291,2022-11-05,6502.76,Completed,Bank Transfer
PAY00006648,CLM0009291,2022-11-05,5491.88,Pending,Bank Transfer
PAY00006649,CLM0009292,2025-01-14,11003.83,Completed,Bank Transfer
PAY00006650,CLM0009294,2023-02-10,5811.12,Pending,Bank Transfer
PAY00006651,CLM0009294,2023-02-10,11569.58,Completed,Bank Transfer
PAY00006652,CLM0009295,2025-12-09,22602.34,Completed,Bank Transfer
PAY00006653,CLM0009296,2023-03-02,10576.63,Completed,Online
PAY00006654,CLM0009298,2024-09-02,32009.96,Completed,Online
PAY00006655,CLM0009299,2022-06-27,67160.22,Completed,Online
PAY00006656,CLM0009299,2022-06-27,66352.32,Completed,Bank Transfer
PAY00006657,CLM0009300,2025-05-30,53858.03,Completed,Online
PAY00006658,CLM0009301,2024-02-12,7368.36,Completed,Bank Transfer
PAY00006659,CLM0009302,2022-10-25,44174.19,Completed,Bank Transfer
PAY00006660,CLM0009303,2025-01-16,20533.83,Completed,Bank Transfer
PAY00006661,CLM0009306,2022-11-20,17105.97,Pending,Bank Transfer
PAY00006662,CLM0009308,2024-05-17,17982.37,Completed,Bank Transfer
PAY00006663,CLM0009309,2022-04-25,3799.51,Completed,Bank Transfer
PAY00006664,CLM0009309,2022-04-25,8126.58,Completed,Online
PAY00006665,CLM0009311,2022-07-29,32239.23,Completed,Online
PAY00006666,CLM0009313,2025-06-24,1589.64,Completed,Bank Transfer
PAY00006667,CLM0009314,2024-05-26,25602.7,Completed,Online
PAY00006668,CLM0009318,2022-05-15,76148.21,Completed,Bank Transfer
PAY00006669,CLM0009320,2024-02-01,10162.52,Pending,Bank Transfer
PAY00006670,CLM0009329,2022-03-30,59075.26,Completed,Online
PAY00006671,CLM0009332,2023-09-05,888.58,Completed,Online
PAY00006672,CLM0009332,2023-09-05,7266.77,Completed,Bank Transfer
PAY00006673,CLM0009338,2024-05-14,28715.09,Completed,Bank Transfer
PAY00006674,CLM0009338,2024-05-14,9115.84,Pending,Bank Transfer
PAY00006675,CLM0009341,2023-12-19,6115.11,Completed,Bank Transfer
PAY00006676,CLM0009344,2022-10-26,30495.82,Completed,Bank Transfer
PAY00006677,CLM0009346,2024-06-15,36843.99,Completed,Bank Transfer
PAY00006678,CLM0009346,2024-06-15,2026.16,Completed,Bank Transfer
PAY00006679,CLM0009347,2024-02-20,4319.33,Completed,Bank Transfer
PAY00006680,CLM0009347,2024-02-20,31813.34,Completed,Bank Transfer
PAY00006681,CLM0009349,2023-04-12,10274.53,Completed,Cheque
PAY00006682,CLM0009351,2022-06-10,6237.43,Completed,Cheque
PAY00006683,CLM0009352,2023-02-20,39133.37,Pending,Bank Transfer
PAY00006684,CLM0009353,2024-10-25,7087.34,Completed,Bank Transfer
PAY00006685,CLM0009355,2023-09-06,3015.87,Completed,Bank Transfer
PAY00006686,CLM0009355,2023-09-06,4326.82,Completed,Online
PAY00006687,CLM0009356,2024-12-03,2537.69,Completed,Bank Transfer
PAY00006688,CLM0009356,2024-12-03,7750.86,Completed,Bank Transfer
PAY00006689,CLM0009357,2022-02-11,3260.31,Completed,Cheque
PAY00006690,CLM0009357,2022-02-11,3344.65,Completed,Bank Transfer
PAY00006691,CLM0009359,2024-02-21,28527.93,Completed,Bank Transfer
PAY00006692,CLM0009360,2024-09-16,6491.17,Pending,Bank Transfer
PAY00006693,CLM0009360,2024-09-16,13491.61,Completed,Bank Transfer
PAY00006694,CLM0009362,2022-10-26,5350.4,Completed,Bank Transfer
PAY00006695,CLM0009366,2024-06-26,8570.53,Pending,Bank Transfer
PAY00006696,CLM0009366,2024-06-26,2645.59,Completed,Bank Transfer
PAY00006697,CLM0009367,2025-01-03,9762.81,Completed,Bank Transfer
PAY00006698,CLM0009368,2024-10-23,7577.08,Pending,Bank Transfer
PAY00006699,CLM0009369,2023-10-02,19886.66,Completed,Bank Transfer
PAY00006700,CLM0009372,2023-09-21,10000.25,Completed,Online
PAY00006701,CLM0009373,2022-06-16,19990.29,Completed,Online
PAY00006702,CLM0009374,2024-01-03,595.96,Completed,Bank Transfer
PAY00006703,CLM0009374,2024-01-03,5355.56,Completed,Online
PAY00006704,CLM0009375,2023-01-21,10646.43,Completed,Bank Transfer
PAY00006705,CLM0009376,2022-04-11,6588.85,Completed,Bank Transfer
PAY00006706,CLM0009378,2024-04-08,7574.7,Pending,Bank Transfer
PAY00006707,CLM0009378,2024-04-08,13816.29,Completed,Bank Transfer
PAY00006708,CLM0009379,2024-11-13,1014.38,Completed,Online
PAY00006709,CLM0009379,2024-11-13,3649.74,Completed,Bank Transfer
PAY00006710,CLM0009380,2026-03-01,11472.6,Completed,Bank Transfer
PAY00006711,CLM0009380,2026-03-01,6941.43,Completed,Bank Transfer
PAY00006712,CLM0009381,2025-03-02,79122.9,Completed,Bank Transfer
PAY00006713,CLM0009382,2023-09-10,30346.77,Completed,Bank Transfer
PAY00006714,CLM0009383,2025-06-17,21399.16,Completed,Bank Transfer
PAY00006715,CLM0009384,2024-07-09,7806.01,Completed,Online
PAY00006716,CLM0009385,2024-05-01,16900.33,Completed,Bank Transfer
PAY00006717,CLM0009387,2025-02-21,3067.71,Completed,Cheque
PAY00006718,CLM0009388,2023-10-10,11327.76,Completed,Bank Transfer
PAY00006719,CLM0009390,2022-10-05,13697.19,Completed,Online
PAY00006720,CLM0009391,2025-01-12,123268.33,Completed,Online
PAY00006721,CLM0009392,2022-11-06,30074.98,Completed,Bank Transfer
PAY00006722,CLM0009393,2022-10-29,39542.95,Completed,Bank Transfer
PAY00006723,CLM0009394,2025-09-09,6368.84,Completed,Bank Transfer
PAY00006724,CLM0009394,2025-09-09,12551.35,Completed,Bank Transfer
PAY00006725,CLM0009396,2024-09-14,33658.59,Completed,Bank Transfer
PAY00006726,CLM0009397,2024-01-24,19455.36,Completed,Bank Transfer
PAY00006727,CLM0009398,2023-01-13,8731.44,Pending,Cheque
PAY00006728,CLM0009399,2022-01-07,41311.8,Completed,Cheque
PAY00006729,CLM0009401,2024-12-23,17.24,Completed,Cheque
PAY00006730,CLM0009401,2024-12-23,4574.3,Completed,Bank Transfer
PAY00006731,CLM0009402,2023-01-20,6063.89,Completed,Cheque
PAY00006732,CLM0009405,2025-05-03,27088.74,Completed,Bank Transfer
PAY00006733,CLM0009411,2024-12-16,28039.55,Completed,Online
PAY00006734,CLM0009413,2024-02-20,121698.78,Completed,Cheque
PAY00006735,CLM0009414,2025-12-21,14309.21,Completed,Bank Transfer
PAY00006736,CLM0009414,2025-12-21,7249.78,Completed,Bank Transfer
PAY00006737,CLM0009415,2024-11-08,21135.47,Completed,Online
PAY00006738,CLM0009415,2024-11-08,32399.14,Completed,Bank Transfer
PAY00006739,CLM0009417,2024-11-02,5125.36,Completed,Online
PAY00006740,CLM0009417,2024-11-02,515.45,Completed,Bank Transfer
PAY00006741,CLM0009419,2025-03-17,47674.87,Completed,Bank Transfer
PAY00006742,CLM0009426,2024-04-19,1837.78,Completed,Bank Transfer
PAY00006743,CLM0009426,2024-04-19,4800.82,Completed,Bank Transfer
PAY00006744,CLM0009428,2023-09-24,14980.57,Pending,Online
PAY00006745,CLM0009429,2023-05-28,25596.2,Pending,Bank Transfer
PAY00006746,CLM0009430,2025-11-28,2686.96,Completed,Online
PAY00006747,CLM0009432,2022-05-23,7616.55,Completed,Bank Transfer
PAY00006748,CLM0009432,2022-05-23,768.58,Completed,Bank Transfer
PAY00006749,CLM0009433,2023-08-16,14862.81,Completed,Bank Transfer
PAY00006750,CLM0009433,2023-08-16,2508.49,Completed,Online
PAY00006751,CLM0009434,2025-01-31,40219.07,Completed,Bank Transfer
PAY00006752,CLM0009436,2022-05-13,8943.52,Completed,Bank Transfer
PAY00006753,CLM0009438,2024-10-11,4583.77,Completed,Bank Transfer
PAY00006754,CLM0009438,2024-10-11,457.35,Pending,Online
PAY00006755,CLM0009440,2023-09-10,8228.09,Completed,Bank Transfer
PAY00006756,CLM0009441,2025-11-17,70104.2,Completed,Bank Transfer
PAY00006757,CLM0009442,2025-06-08,29135.17,Completed,Cheque
PAY00006758,CLM0009445,2024-07-28,33317.42,Completed,Online
PAY00006759,CLM0009447,2023-12-03,17833.85,Completed,Bank Transfer
PAY00006760,CLM0009448,2025-10-29,66025.4,Completed,Online
PAY00006761,CLM0009449,2024-09-19,8463.59,Completed,Bank Transfer
PAY00006762,CLM0009451,2025-12-15,13214.91,Completed,Cheque
PAY00006763,CLM0009451,2025-12-15,18718.23,Completed,Cheque
PAY00006764,CLM0009452,2025-03-15,14424.81,Completed,Bank Transfer
PAY00006765,CLM0009453,2024-04-03,21157.65,Completed,Online
PAY00006766,CLM0009454,2023-06-15,53914.83,Completed,Bank Transfer
PAY00006767,CLM0009455,2024-11-26,18319.99,Completed,Online
PAY00006768,CLM0009456,2025-04-17,4926.98,Completed,Bank Transfer
PAY00006769,CLM0009456,2025-04-17,5678.17,Completed,Bank Transfer
PAY00006770,CLM0009458,2024-04-19,20268.46,Completed,Bank Transfer
PAY00006771,CLM0009459,2024-11-22,14907.31,Completed,Bank Transfer
PAY00006772,CLM0009461,2023-06-03,4379.35,Completed,Cheque
PAY00006773,CLM0009464,2023-09-02,1206.87,Completed,Bank Transfer
PAY00006774,CLM0009464,2023-09-02,5174.59,Completed,Bank Transfer
PAY00006775,CLM0009467,2024-02-25,3887.79,Completed,Bank Transfer
PAY00006776,CLM0009467,2024-02-25,10099.02,Completed,Bank Transfer
PAY00006777,CLM0009468,2025-10-25,47495.38,Completed,Cheque
PAY00006778,CLM0009469,2022-06-28,55162.38,Completed,Bank Transfer
PAY00006779,CLM0009470,2022-12-29,2885.34,Completed,Bank Transfer
PAY00006780,CLM0009474,2025-12-03,6172.49,Completed,Bank Transfer
PAY00006781,CLM0009474,2025-12-03,1243.46,Completed,Bank Transfer
PAY00006782,CLM0009477,2022-06-08,116767.84,Completed,Online
PAY00006783,CLM0009478,2024-12-21,33918.63,Completed,Bank Transfer
PAY00006784,CLM0009479,2023-11-07,8939.26,Completed,Online
PAY00006785,CLM0009482,2022-12-15,10327.42,Completed,Online
PAY00006786,CLM0009483,2024-09-12,9565.98,Completed,Bank Transfer
PAY00006787,CLM0009483,2024-09-12,256.09,Completed,Bank Transfer
PAY00006788,CLM0009486,2024-12-24,4249.99,Completed,Online
PAY00006789,CLM0009486,2024-12-24,766.49,Completed,Bank Transfer
PAY00006790,CLM0009487,2022-07-28,34496.72,Completed,Online
PAY00006791,CLM0009489,2023-02-06,6526.14,Completed,Bank Transfer
PAY00006792,CLM0009489,2023-02-06,7941.17,Completed,Bank Transfer
PAY00006793,CLM0009490,2023-10-22,6219.9,Completed,Cheque
PAY00006794,CLM0009491,2024-08-10,27343.14,Completed,Online
PAY00006795,CLM0009494,2025-09-23,12027.76,Completed,Bank Transfer
PAY00006796,CLM0009495,2026-12-02,15419.72,Completed,Online
PAY00006797,CLM0009496,2024-12-10,91538.56,Completed,Bank Transfer
PAY00006798,CLM0009497,2022-12-31,28666.85,Completed,Online
PAY00006799,CLM0009497,2022-12-31,14474.32,Completed,Bank Transfer
PAY00006800,CLM0009499,2024-12-28,6927.3,Completed,Bank Transfer
PAY00006801,CLM0009500,2023-01-07,47517.8,Completed,Bank Transfer
PAY00006802,CLM0009501,2023-08-12,15094.86,Completed,Online
PAY00006803,CLM0009503,2023-12-28,13613.25,Completed,Bank Transfer
PAY00006804,CLM0009504,2024-05-25,15462.62,Completed,Cheque
PAY00006805,CLM0009505,2022-08-18,1850.57,Completed,Bank Transfer
PAY00006806,CLM0009505,2022-08-18,4615.47,Completed,Bank Transfer
PAY00006807,CLM0009506,2025-06-16,19278.81,Completed,Bank Transfer
PAY00006808,CLM0009508,2024-06-02,73573.07,Completed,Bank Transfer
PAY00006809,CLM0009509,2023-10-05,13502.45,Completed,Cheque
PAY00006810,CLM0009513,2024-09-14,1225.14,Completed,Bank Transfer
PAY00006811,CLM0009518,2023-04-04,3917.46,Completed,Bank Transfer
PAY00006812,CLM0009520,2022-04-28,4579.43,Completed,Online
PAY00006813,CLM0009520,2022-04-28,5154.36,Completed,Bank Transfer
PAY00006814,CLM0009523,2025-10-09,2691.15,Completed,Bank Transfer
PAY00006815,CLM0009523,2025-10-09,8653.25,Completed,Bank Transfer
PAY00006816,CLM0009525,2025-07-26,27371.67,Completed,Online
PAY00006817,CLM0009526,2024-04-23,2376.96,Completed,Bank Transfer
PAY00006818,CLM0009526,2024-04-23,4172.11,Completed,Online
PAY00006819,CLM0009527,2025-01-31,89964.88,Completed,Bank Transfer
PAY00006820,CLM0009531,2025-03-03,6144.11,Completed,Bank Transfer
PAY00006821,CLM0009531,2025-03-03,2688.29,Completed,Online
PAY00006822,CLM0009534,2025-01-14,18330.52,Completed,Bank Transfer
PAY00006823,CLM0009535,2023-05-13,19075.83,Completed,Bank Transfer
PAY00006824,CLM0009536,2024-09-06,3908.3,Pending,Online
PAY00006825,CLM0009538,2022-07-10,5375.8,Completed,Bank Transfer
PAY00006826,CLM0009539,2023-11-05,8570.2,Completed,Bank Transfer
PAY00006827,CLM0009540,2025-07-23,10160.29,Completed,Bank Transfer
PAY00006828,CLM0009540,2025-07-23,2033.45,Completed,Bank Transfer
PAY00006829,CLM0009541,2024-05-02,27773.03,Completed,Bank Transfer
PAY00006830,CLM0009541,2024-05-02,4627.11,Completed,Bank Transfer
PAY00006831,CLM0009544,2025-02-19,41754.69,Completed,Bank Transfer
PAY00006832,CLM0009545,2022-11-11,8529.03,Completed,Bank Transfer
PAY00006833,CLM0009546,2025-11-24,8019.43,Completed,Bank Transfer
PAY00006834,CLM0009548,2023-02-26,6233.67,Completed,Bank Transfer
PAY00006835,CLM0009548,2023-02-26,29167.4,Completed,Online
PAY00006836,CLM0009549,2025-08-07,30479.23,Completed,Bank Transfer
PAY00006837,CLM0009550,2025-05-20,3924.84,Completed,Online
PAY00006838,CLM0009551,2022-11-30,5746.76,Completed,Cheque
PAY00006839,CLM0009554,2023-02-07,23414.79,Completed,Online
PAY00006840,CLM0009556,2025-09-18,8047.53,Completed,Bank Transfer
PAY00006841,CLM0009556,2025-09-18,18013.31,Completed,Bank Transfer
PAY00006842,CLM0009557,2022-02-13,37070.39,Completed,Bank Transfer
PAY00006843,CLM0009560,2023-03-14,16262.47,Completed,Bank Transfer
PAY00006844,CLM0009561,2024-06-23,12532.41,Completed,Cheque
PAY00006845,CLM0009564,2023-10-07,8933.27,Completed,Bank Transfer
PAY00006846,CLM0009565,2023-03-22,23754.59,Pending,Bank Transfer
PAY00006847,CLM0009568,2022-10-14,6235.64,Completed,Bank Transfer
PAY00006848,CLM0009569,2022-10-15,11418.94,Completed,Bank Transfer
PAY00006849,CLM0009570,2023-04-02,41339.32,Completed,Bank Transfer
PAY00006850,CLM0009571,2022-10-10,16140,Completed,Bank Transfer
PAY00006851,CLM0009573,2024-06-09,4333.59,Completed,Cheque
PAY00006852,CLM0009573,2024-06-09,22240.33,Completed,Bank Transfer
PAY00006853,CLM0009574,2023-10-15,22098.33,Completed,Online
PAY00006854,CLM0009575,2025-05-21,10884.72,Completed,Bank Transfer
PAY00006855,CLM0009576,2025-05-08,17400.13,Completed,Bank Transfer
PAY00006856,CLM0009576,2025-05-08,3410.74,Completed,Bank Transfer
PAY00006857,CLM0009579,2026-02-03,19794.79,Completed,Bank Transfer
PAY00006858,CLM0009579,2026-02-03,6454.68,Completed,Bank Transfer
PAY00006859,CLM0009580,2024-10-13,17836.74,Completed,Cheque
PAY00006860,CLM0009580,2024-10-13,42841.44,Completed,Bank Transfer
PAY00006861,CLM0009581,2023-06-15,1754.2,Completed,Online
PAY00006862,CLM0009581,2023-06-15,5526.15,Completed,Bank Transfer
PAY00006863,CLM0009582,2023-10-27,28866.03,Completed,Bank Transfer
PAY00006864,CLM0009584,2023-10-04,15757.23,Completed,Bank Transfer
PAY00006865,CLM0009584,2023-10-04,9804.46,Completed,Bank Transfer
PAY00006866,CLM0009585,2022-07-21,5233.71,Completed,Bank Transfer
PAY00006867,CLM0009586,2025-06-19,27763.93,Completed,Bank Transfer
PAY00006868,CLM0009587,2025-11-28,55771.6,Completed,Bank Transfer
PAY00006869,CLM0009588,2023-12-11,76453.01,Completed,Bank Transfer
PAY00006870,CLM0009589,2023-11-07,28599.2,Completed,Online
PAY00006871,CLM0009590,2024-09-11,31033.82,Completed,Bank Transfer
PAY00006872,CLM0009591,2022-07-12,15092.54,Pending,Bank Transfer
PAY00006873,CLM0009592,2022-07-15,15589.52,Pending,Bank Transfer
PAY00006874,CLM0009592,2022-07-15,4379.75,Pending,Bank Transfer
PAY00006875,CLM0009594,2025-04-05,33878.82,Completed,Bank Transfer
PAY00006876,CLM0009595,2025-11-15,5087.71,Completed,Bank Transfer
PAY00006877,CLM0009596,2022-08-21,43444.36,Completed,Bank Transfer
PAY00006878,CLM0009597,2023-07-27,6107.51,Completed,Online
PAY00006879,CLM0009597,2023-07-27,3660.29,Completed,Bank Transfer
PAY00006880,CLM0009599,2024-02-18,42172.62,Completed,Bank Transfer
PAY00006881,CLM0009600,2025-07-17,17731.26,Completed,Bank Transfer
PAY00006882,CLM0009601,2022-11-25,10819.11,Completed,Bank Transfer
PAY00006883,CLM0009602,2025-03-23,3699.3,Pending,Bank Transfer
PAY00006884,CLM0009602,2025-03-23,1921.69,Completed,Bank Transfer
PAY00006885,CLM0009604,2023-05-24,24032.65,Completed,Bank Transfer
PAY00006886,CLM0009605,2026-05-01,8373.21,Completed,Cheque
PAY00006887,CLM0009607,2022-11-24,13432.5,Completed,Cheque
PAY00006888,CLM0009608,2022-06-20,26166.32,Completed,Bank Transfer
PAY00006889,CLM0009609,2022-09-24,6827.95,Completed,Bank Transfer
PAY00006890,CLM0009610,2022-07-25,29386.53,Completed,Online
PAY00006891,CLM0009610,2022-07-25,4713.99,Completed,Bank Transfer
PAY00006892,CLM0009616,2025-05-02,1442.86,Completed,Bank Transfer
PAY00006893,CLM0009617,2023-09-02,13670.32,Completed,Bank Transfer
PAY00006894,CLM0009618,2022-12-04,6349.03,Completed,Bank Transfer
PAY00006895,CLM0009618,2022-12-04,2658.91,Completed,Bank Transfer
PAY00006896,CLM0009621,2023-09-12,9.6,Completed,Bank Transfer
PAY00006897,CLM0009621,2023-09-12,9251.3,Completed,Bank Transfer
PAY00006898,CLM0009625,2024-03-19,4706.48,Completed,Cheque
PAY00006899,CLM0009625,2024-03-19,686.05,Completed,Bank Transfer
PAY00006900,CLM0009627,2025-01-02,19754.69,Completed,Bank Transfer
PAY00006901,CLM0009631,2023-07-28,34687.6,Completed,Bank Transfer
PAY00006902,CLM0009633,2025-04-28,47557.03,Completed,Bank Transfer
PAY00006903,CLM0009635,2024-09-14,13138.33,Pending,Online
PAY00006904,CLM0009636,2022-01-11,1314.1,Completed,Bank Transfer
PAY00006905,CLM0009636,2022-01-11,39000.48,Completed,Bank Transfer
PAY00006906,CLM0009637,2023-04-06,31688.79,Completed,Cheque
PAY00006907,CLM0009638,2023-08-15,3867.61,Completed,Online
PAY00006908,CLM0009642,2023-01-11,55700.22,Completed,Online
PAY00006909,CLM0009644,2025-09-24,50808.24,Completed,Cheque
PAY00006910,CLM0009645,2023-09-15,5688.47,Completed,Bank Transfer
PAY00006911,CLM0009645,2023-09-15,1407.51,Completed,Bank Transfer
PAY00006912,CLM0009647,2022-03-26,15751.71,Completed,Online
PAY00006913,CLM0009651,2023-06-12,38965.47,Completed,Online
PAY00006914,CLM0009652,2024-05-01,2334.34,Completed,Bank Transfer
PAY00006915,CLM0009653,2023-12-20,28808.15,Completed,Bank Transfer
PAY00006916,CLM0009654,2025-12-16,18294.98,Completed,Bank Transfer
PAY00006917,CLM0009654,2025-12-16,5418.55,Completed,Bank Transfer
PAY00006918,CLM0009655,2024-07-10,53273.78,Completed,Bank Transfer
PAY00006919,CLM0009656,2024-03-03,57944.59,Completed,Bank Transfer
PAY00006920,CLM0009657,2025-10-08,778.42,Completed,Cheque
PAY00006921,CLM0009657,2025-10-08,8788.71,Completed,Bank Transfer
PAY00006922,CLM0009658,2023-01-31,16443.52,Completed,Cheque
PAY00006923,CLM0009658,2023-01-31,20079.82,Completed,Bank Transfer
PAY00006924,CLM0009659,2022-05-29,27470.29,Completed,Bank Transfer
PAY00006925,CLM0009660,2024-04-02,28783.05,Completed,Bank Transfer
PAY00006926,CLM0009661,2025-12-05,11943.15,Completed,Bank Transfer
PAY00006927,CLM0009663,2022-05-05,10640.92,Pending,Bank Transfer
PAY00006928,CLM0009664,2025-07-25,18080.86,Completed,Online
PAY00006929,CLM0009664,2025-07-25,5819.38,Completed,Bank Transfer
PAY00006930,CLM0009668,2025-02-07,42546.66,Completed,Online
PAY00006931,CLM0009669,2024-11-25,26358.94,Completed,Cheque
PAY00006932,CLM0009672,2022-09-04,17327.65,Completed,Bank Transfer
PAY00006933,CLM0009675,2025-05-04,36672.39,Completed,Bank Transfer
PAY00006934,CLM0009676,2023-05-03,8027.93,Completed,Bank Transfer
PAY00006935,CLM0009676,2023-05-03,8731.68,Completed,Online
PAY00006936,CLM0009677,2024-03-21,80582.91,Completed,Cheque
PAY00006937,CLM0009678,2024-04-23,10078.25,Completed,Bank Transfer
PAY00006938,CLM0009680,2022-05-08,31181.07,Completed,Online
PAY00006939,CLM0009684,2025-04-12,11039.93,Completed,Bank Transfer
PAY00006940,CLM0009685,2025-08-21,15559.04,Pending,Bank Transfer
PAY00006941,CLM0009685,2025-08-21,10316.9,Completed,Bank Transfer
PAY00006942,CLM0009686,2022-12-21,52390.96,Completed,Bank Transfer
PAY00006943,CLM0009688,2023-08-05,67875.93,Completed,Bank Transfer
PAY00006944,CLM0009692,2022-05-05,10812.91,Completed,Bank Transfer
PAY00006945,CLM0009694,2025-06-30,19031.41,Completed,Cheque
PAY00006946,CLM0009696,2022-04-30,14128.57,Completed,Bank Transfer
PAY00006947,CLM0009696,2022-04-30,11652.71,Completed,Online
PAY00006948,CLM0009697,2022-04-20,12570.04,Completed,Bank Transfer
PAY00006949,CLM0009698,2025-05-01,28852.82,Completed,Online
PAY00006950,CLM0009701,2022-11-07,8112.16,Completed,Bank Transfer
PAY00006951,CLM0009703,2024-07-02,15485.32,Completed,Bank Transfer
PAY00006952,CLM0009704,2023-06-01,186392.06,Completed,Bank Transfer
PAY00006953,CLM0009705,2022-08-31,14165.35,Completed,Cheque
PAY00006954,CLM0009706,2026-01-30,15757.22,Completed,Bank Transfer
PAY00006955,CLM0009708,2023-08-05,33811.95,Completed,Cheque
PAY00006956,CLM0009709,2025-07-13,6603.66,Completed,Bank Transfer
PAY00006957,CLM0009712,2022-07-14,4699.24,Completed,Bank Transfer
PAY00006958,CLM0009715,2025-06-14,7760.15,Completed,Bank Transfer
PAY00006959,CLM0009715,2025-06-14,4078.74,Completed,Bank Transfer
PAY00006960,CLM0009716,2024-06-16,40754.47,Completed,Bank Transfer
PAY00006961,CLM0009718,2024-08-31,15600.66,Completed,Bank Transfer
PAY00006962,CLM0009720,2022-10-01,34239.35,Completed,Bank Transfer
PAY00006963,CLM0009722,2024-09-07,930.2,Pending,Bank Transfer
PAY00006964,CLM0009722,2024-09-07,3801.67,Completed,Bank Transfer
PAY00006965,CLM0009723,2023-10-01,11986.48,Completed,Bank Transfer
PAY00006966,CLM0009724,2025-05-30,27323.9,Completed,Bank Transfer
PAY00006967,CLM0009725,2022-10-24,46187.72,Completed,Bank Transfer
PAY00006968,CLM0009726,2022-04-16,13897.18,Completed,Online
PAY00006969,CLM0009728,2025-01-31,2311.27,Completed,Bank Transfer
PAY00006970,CLM0009728,2025-01-31,3292.07,Completed,Bank Transfer
PAY00006971,CLM0009729,2023-11-26,66400.28,Completed,Bank Transfer
PAY00006972,CLM0009730,2023-11-09,49812.83,Completed,Cheque
PAY00006973,CLM0009730,2023-11-09,13963.64,Completed,Bank Transfer
PAY00006974,CLM0009731,2025-08-26,21970.92,Completed,Bank Transfer
PAY00006975,CLM0009734,2025-09-27,25126.13,Completed,Cheque
PAY00006976,CLM0009738,2022-10-05,1450.67,Completed,Cheque
PAY00006977,CLM0009738,2022-10-05,39658.9,Completed,Bank Transfer
PAY00006978,CLM0009739,2022-09-07,15196.67,Completed,Bank Transfer
PAY00006979,CLM0009740,2024-12-11,21849.87,Completed,Online
PAY00006980,CLM0009746,2023-07-20,26916.35,Completed,Bank Transfer
PAY00006981,CLM0009746,2023-07-20,23899.22,Completed,Bank Transfer
PAY00006982,CLM0009747,2022-02-23,37890.66,Completed,Bank Transfer
PAY00006983,CLM0009748,2023-12-09,5390.83,Completed,Bank Transfer
PAY00006984,CLM0009748,2023-12-09,25245.03,Completed,Bank Transfer
PAY00006985,CLM0009750,2025-10-01,23691.6,Completed,Bank Transfer
PAY00006986,CLM0009750,2025-10-01,44259.8,Completed,Online
PAY00006987,CLM0009752,2022-05-17,11382.16,Completed,Bank Transfer
PAY00006988,CLM0009752,2022-05-17,5387.55,Completed,Bank Transfer
PAY00006989,CLM0009753,2025-06-14,432.21,Completed,Bank Transfer
PAY00006990,CLM0009753,2025-06-14,17287.35,Completed,Online
PAY00006991,CLM0009758,2024-01-20,25388.38,Completed,Online
PAY00006992,CLM0009758,2024-01-20,8867.97,Completed,Cheque
PAY00006993,CLM0009759,2024-06-03,9528.62,Completed,Bank Transfer
PAY00006994,CLM0009759,2024-06-03,9833.82,Completed,Bank Transfer
PAY00006995,CLM0009760,2022-04-15,11436.58,Completed,Bank Transfer
PAY00006996,CLM0009760,2022-04-15,6718.4,Completed,Online
PAY00006997,CLM0009764,2022-02-09,295.72,Completed,Bank Transfer
PAY00006998,CLM0009764,2022-02-09,28502.24,Completed,Bank Transfer
PAY00006999,CLM0009767,2023-04-02,14563.66,Completed,Online
PAY00007000,CLM0009767,2023-04-02,12624.18,Completed,Bank Transfer
PAY00007001,CLM0009768,2023-10-20,12528.71,Completed,Bank Transfer
PAY00007002,CLM0009769,2023-09-08,10921.07,Completed,Bank Transfer
PAY00007003,CLM0009772,2025-11-03,5751.64,Completed,Online
PAY00007004,CLM0009776,2026-02-02,26762.05,Completed,Bank Transfer
PAY00007005,CLM0009778,2023-11-08,124531.5,Completed,Bank Transfer
PAY00007006,CLM0009780,2023-06-01,4976.89,Completed,Bank Transfer
PAY00007007,CLM0009781,2025-11-29,22986.42,Completed,Bank Transfer
PAY00007008,CLM0009782,2025-04-19,1487.01,Completed,Bank Transfer
PAY00007009,CLM0009782,2025-04-19,17264.39,Completed,Bank Transfer
PAY00007010,CLM0009783,2023-10-18,7638.93,Completed,Bank Transfer
PAY00007011,CLM0009784,2025-10-16,9017.57,Completed,Bank Transfer
PAY00007012,CLM0009785,2022-07-04,36428.01,Completed,Bank Transfer
PAY00007013,CLM0009785,2022-07-04,12872.25,Completed,Bank Transfer
PAY00007014,CLM0009787,2023-01-24,1573.45,Completed,Bank Transfer
PAY00007015,CLM0009787,2023-01-24,2895.3,Completed,Bank Transfer
PAY00007016,CLM0009788,2023-02-26,49192.6,Completed,Bank Transfer
PAY00007017,CLM0009789,2025-01-31,13509.73,Completed,Bank Transfer
PAY00007018,CLM0009790,2024-10-05,1786.58,Completed,Online
PAY00007019,CLM0009790,2024-10-05,11677.16,Completed,Online
PAY00007020,CLM0009791,2023-01-21,14471.84,Completed,Bank Transfer
PAY00007021,CLM0009792,2023-05-02,11471.23,Completed,Bank Transfer
PAY00007022,CLM0009792,2023-05-02,3788.16,Pending,Bank Transfer
PAY00007023,CLM0009793,2022-08-27,25326.42,Completed,Cheque
PAY00007024,CLM0009794,2025-04-02,6465.54,Completed,Bank Transfer
PAY00007025,CLM0009798,2022-07-30,4763.12,Completed,Bank Transfer
PAY00007026,CLM0009799,2026-01-19,43564.6,Completed,Bank Transfer
PAY00007027,CLM0009799,2026-01-19,30941.92,Completed,Bank Transfer
PAY00007028,CLM0009800,2025-09-20,22808.24,Completed,Online
PAY00007029,CLM0009801,2026-11-01,4879.36,Completed,Cheque
PAY00007030,CLM0009806,2022-12-25,35351.17,Completed,Bank Transfer
PAY00007031,CLM0009810,2022-05-15,37812.9,Pending,Bank Transfer
PAY00007032,CLM0009811,2023-10-31,36444.17,Completed,Bank Transfer
PAY00007033,CLM0009813,2025-06-01,11858.24,Completed,Bank Transfer
PAY00007034,CLM0009816,2025-02-18,11845.73,Completed,Online
PAY00007035,CLM0009819,2022-07-19,3027.07,Pending,Online
PAY00007036,CLM0009819,2022-07-19,11540.8,Pending,Bank Transfer
PAY00007037,CLM0009821,2024-01-27,3140.8,Pending,Bank Transfer
PAY00007038,CLM0009821,2024-01-27,11561.58,Completed,Bank Transfer
PAY00007039,CLM0009823,2023-04-30,51321.76,Completed,Bank Transfer
PAY00007040,CLM0009824,2024-09-01,10817.19,Completed,Online
PAY00007041,CLM0009825,2025-05-18,11699.47,Pending,Bank Transfer
PAY00007042,CLM0009826,2025-02-27,2979.61,Completed,Bank Transfer
PAY00007043,CLM0009827,2023-07-14,35583.32,Completed,Online
PAY00007044,CLM0009829,2024-03-01,35615.98,Completed,Bank Transfer
PAY00007045,CLM0009829,2024-03-01,17276.86,Completed,Bank Transfer
PAY00007046,CLM0009832,2023-10-22,8784.97,Completed,Online
PAY00007047,CLM0009832,2023-10-22,11000.19,Completed,Bank Transfer
PAY00007048,CLM0009833,2024-01-01,46159.51,Completed,Cheque
PAY00007049,CLM0009835,2022-06-11,15304.3,Completed,Bank Transfer
PAY00007050,CLM0009836,2025-02-17,172.09,Completed,Bank Transfer
PAY00007051,CLM0009836,2025-02-17,5303.34,Pending,Bank Transfer
PAY00007052,CLM0009838,2022-09-05,21492,Completed,Bank Transfer
PAY00007053,CLM0009839,2024-02-28,15352.19,Completed,Bank Transfer
PAY00007054,CLM0009840,2025-07-09,10373.27,Completed,Bank Transfer
PAY00007055,CLM0009841,2025-09-02,6877.33,Completed,Bank Transfer
PAY00007056,CLM0009841,2025-09-02,19784.5,Completed,Online
PAY00007057,CLM0009842,2025-08-03,13717.32,Completed,Bank Transfer
PAY00007058,CLM0009844,2025-01-26,19766.27,Pending,Bank Transfer
PAY00007059,CLM0009847,2023-08-21,2982.33,Pending,Bank Transfer
PAY00007060,CLM0009848,2026-08-01,1771.63,Completed,Bank Transfer
PAY00007061,CLM0009848,2026-08-01,1687.09,Completed,Bank Transfer
PAY00007062,CLM0009849,2023-11-08,2895.18,Pending,Bank Transfer
PAY00007063,CLM0009849,2023-11-08,2327.18,Completed,Cheque
PAY00007064,CLM0009852,2022-05-08,29670.97,Completed,Bank Transfer
PAY00007065,CLM0009857,2024-03-17,8375.41,Completed,Bank Transfer
PAY00007066,CLM0009863,2023-02-05,40125.1,Completed,Bank Transfer
PAY00007067,CLM0009864,2022-11-12,2233.56,Completed,Bank Transfer
PAY00007068,CLM0009866,2025-05-28,12343.95,Completed,Bank Transfer
PAY00007069,CLM0009867,2023-07-17,11703.06,Completed,Bank Transfer
PAY00007070,CLM0009870,2022-09-11,6871.92,Pending,Bank Transfer
PAY00007071,CLM0009873,2022-10-23,27142.16,Completed,Bank Transfer
PAY00007072,CLM0009874,2024-12-31,6859.37,Completed,Bank Transfer
PAY00007073,CLM0009875,2023-07-19,34890.67,Completed,Bank Transfer
PAY00007074,CLM0009876,2025-01-06,26040.91,Completed,Online
PAY00007075,CLM0009878,2022-04-24,33799.79,Completed,Bank Transfer
PAY00007076,CLM0009878,2022-04-24,41405.33,Pending,Bank Transfer
PAY00007077,CLM0009879,2024-09-13,51358.2,Completed,Bank Transfer
PAY00007078,CLM0009883,2022-05-06,10225.65,Completed,Bank Transfer
PAY00007079,CLM0009885,2025-10-13,13102.87,Pending,Bank Transfer
PAY00007080,CLM0009887,2022-04-21,18637.62,Completed,Online
PAY00007081,CLM0009887,2022-04-21,6394.13,Completed,Online
PAY00007082,CLM0009888,2022-07-15,10407.89,Completed,Bank Transfer
PAY00007083,CLM0009890,2025-06-08,2760.23,Completed,Bank Transfer
PAY00007084,CLM0009891,2023-10-18,43151.51,Completed,Bank Transfer
PAY00007085,CLM0009892,2022-08-04,31671.9,Completed,Bank Transfer
PAY00007086,CLM0009892,2022-08-04,1506.33,Completed,Online
PAY00007087,CLM0009897,2024-01-14,2862.21,Completed,Cheque
PAY00007088,CLM0009900,2023-06-11,46546.56,Completed,Bank Transfer
PAY00007089,CLM0009901,2024-08-03,2861.22,Completed,Bank Transfer
PAY00007090,CLM0009905,2023-12-10,11356.49,Completed,Bank Transfer
PAY00007091,CLM0009906,2022-05-15,21946.84,Completed,Online
PAY00007092,CLM0009907,2024-06-21,20275.73,Completed,Bank Transfer
PAY00007093,CLM0009907,2024-06-21,3512.35,Completed,Bank Transfer
PAY00007094,CLM0009909,2025-02-11,17878.01,Completed,Cheque
PAY00007095,CLM0009910,2025-02-20,3559.33,Completed,Online
PAY00007096,CLM0009912,2024-05-15,8468.83,Completed,Bank Transfer
PAY00007097,CLM0009913,2024-04-28,20238.28,Completed,Bank Transfer
PAY00007098,CLM0009914,2024-12-13,40351.17,Completed,Bank Transfer
PAY00007099,CLM0009916,2024-04-09,5314.71,Completed,Bank Transfer
PAY00007100,CLM0009916,2024-04-09,3352.15,Pending,Bank Transfer
PAY00007101,CLM0009917,2022-08-15,21817.08,Completed,Cheque
PAY00007102,CLM0009918,2025-01-08,1681.29,Completed,Bank Transfer
PAY00007103,CLM0009919,2023-09-13,8205.68,Pending,Bank Transfer
PAY00007104,CLM0009919,2023-09-13,3632.47,Completed,Online
PAY00007105,CLM0009920,2025-02-22,20769.94,Completed,Bank Transfer
PAY00007106,CLM0009922,2025-03-23,32805.98,Completed,Bank Transfer
PAY00007107,CLM0009922,2025-03-23,7658.03,Completed,Bank Transfer
PAY00007108,CLM0009923,2025-03-17,7438.2,Completed,Bank Transfer
PAY00007109,CLM0009923,2025-03-17,1248.83,Completed,Online
PAY00007110,CLM0009924,2022-12-09,2684.14,Completed,Bank Transfer
PAY00007111,CLM0009924,2022-12-09,17631.24,Completed,Bank Transfer
PAY00007112,CLM0009925,2025-04-24,1400.87,Completed,Bank Transfer
PAY00007113,CLM0009925,2025-04-24,4684.4,Pending,Bank Transfer
PAY00007114,CLM0009926,2024-09-30,22245.07,Completed,Bank Transfer
PAY00007115,CLM0009926,2024-09-30,28107.57,Completed,Bank Transfer
PAY00007116,CLM0009927,2022-12-06,16362.69,Completed,Bank Transfer
PAY00007117,CLM0009928,2025-01-31,35041.04,Completed,Cheque
PAY00007118,CLM0009928,2025-01-31,18603.64,Completed,Online
PAY00007119,CLM0009930,2024-05-30,19743.64,Completed,Online
PAY00007120,CLM0009931,2024-07-23,6486.92,Completed,Online
PAY00007121,CLM0009932,2023-06-04,10101.98,Completed,Cheque
PAY00007122,CLM0009934,2024-08-11,9939.52,Completed,Online
PAY00007123,CLM0009936,2025-10-10,11978.45,Completed,Bank Transfer
PAY00007124,CLM0009936,2025-10-10,565.7,Completed,Bank Transfer
PAY00007125,CLM0009937,2025-11-22,4668.4,Completed,Bank Transfer
PAY00007126,CLM0009937,2025-11-22,6606.01,Completed,Bank Transfer
PAY00007127,CLM0009938,2023-01-28,16629.39,Completed,Cheque
PAY00007128,CLM0009939,2025-05-18,317487.22,Completed,Online
PAY00007129,CLM0009940,2023-05-08,22144.22,Completed,Bank Transfer
PAY00007130,CLM0009941,2023-07-19,21400.06,Pending,Bank Transfer
PAY00007131,CLM0009942,2024-07-07,94969.83,Completed,Bank Transfer
PAY00007132,CLM0009943,2025-08-07,9667.03,Completed,Bank Transfer
PAY00007133,CLM0009943,2025-08-07,10870.53,Completed,Bank Transfer
PAY00007134,CLM0009944,2022-12-18,8868.63,Completed,Bank Transfer
PAY00007135,CLM0009944,2022-12-18,1002.73,Completed,Bank Transfer
PAY00007136,CLM0009945,2023-05-14,8742.6,Completed,Online
PAY00007137,CLM0009945,2023-05-14,1244.01,Completed,Bank Transfer
PAY00007138,CLM0009948,2024-02-08,1224.24,Completed,Bank Transfer
PAY00007139,CLM0009948,2024-02-08,10975.53,Completed,Bank Transfer
PAY00007140,CLM0009956,2024-03-27,16904.09,Completed,Online
PAY00007141,CLM0009956,2024-03-27,541.55,Completed,Online
PAY00007142,CLM0009957,2023-04-17,7221.58,Completed,Bank Transfer
PAY00007143,CLM0009960,2024-10-06,16949.68,Completed,Bank Transfer
PAY00007144,CLM0009961,2022-02-11,27808.11,Completed,Bank Transfer
PAY00007145,CLM0009961,2022-02-11,2950.29,Completed,Bank Transfer
PAY00007146,CLM0009963,2024-12-21,11255.45,Completed,Bank Transfer
PAY00007147,CLM0009964,2026-01-19,12750.44,Completed,Bank Transfer
PAY00007148,CLM0009964,2026-01-19,29718.54,Completed,Bank Transfer
PAY00007149,CLM0009970,2023-03-05,5508.24,Completed,Bank Transfer
PAY00007150,CLM0009971,2024-05-25,21481.27,Completed,Bank Transfer
PAY00007151,CLM0009971,2024-05-25,706.24,Completed,Bank Transfer
PAY00007152,CLM0009972,2025-04-15,5182.43,Completed,Bank Transfer
PAY00007153,CLM0009974,2023-11-21,12184.25,Completed,Bank Transfer
PAY00007154,CLM0009975,2024-09-14,16425.56,Completed,Bank Transfer
PAY00007155,CLM0009976,2024-12-31,7213.41,Completed,Bank Transfer
PAY00007156,CLM0009978,2023-02-25,29567.94,Completed,Bank Transfer
PAY00007157,CLM0009979,2024-07-11,19295.93,Completed,Bank Transfer
PAY00007158,CLM0009979,2024-07-11,5212.29,Completed,Bank Transfer
PAY00007159,CLM0009983,2024-01-11,27113.94,Pending,Bank Transfer
PAY00007160,CLM0009985,2023-01-27,8648.9,Completed,Bank Transfer
PAY00007161,CLM0009986,2026-02-18,92127.73,Completed,Cheque
PAY00007162,CLM0009988,2022-10-08,30905.07,Completed,Bank Transfer
PAY00007163,CLM0009991,2022-12-09,5907.3,Completed,Cheque
PAY00007164,CLM0009991,2022-12-09,4033.76,Completed,Cheque
PAY00007165,CLM0009996,2022-05-31,2736.37,Completed,Bank Transfer
PAY00007166,CLM0009996,2022-05-31,1340.02,Completed,Bank Transfer
PAY00007167,CLM0009997,2025-03-22,4765.95,Completed,Bank Transfer
PAY00007168,CLM0009997,2025-03-22,13517.79,Completed,Bank Transfer
PAY00007169,CLM0009999,2026-01-16,3332.56,Completed,Bank Transfer
PAY00007170,CLM0009999,2026-01-16,1345.98,Completed,Bank Transfer
PAY00007171,CLM0010000,2023-04-07,81336.84,Completed,Bank Transfer
